School,G,Overall.W,Overall.L,W-L%,SRS,SOS,Conf.W,Conf.L,Home.W,Home.L,Away.W,Away.L,TP,OP,MP,FG,FGA,FG%,3P,3PA,3P%,FT,FTA,FT%,ORB,TRB,AST,STL,BLK,TOV,PF,Pace,ORtg,FTr,3PAr,TS%,TRB%,AST%,STL%,BLK%,eFG%,TOV%,ORB%,FT/FGA,SEED,POSTSEASON
Abilene Christian,31,20,11,0.645,-2.87,-6.87,15,5,13,3,7,8,2352,2024,1260,668,1545,0.432,154,517,0.298,534,728,0.734,271,1036,297,211,114,616,616,71.1,90.4,0.471,0.335,0.535,49.9,44.5,9.4,10.0,0.482,24.6,27.8,0.346,NA,NA
UAB,32,19,13,0.594,-0.94,-1.64,9,9,11,6,5,7,2154,2088,1280,748,1804,0.415,247,738,0.335,345,481,0.717,275,981,353,217,102,392,555,67.2,97.2,0.267,0.409,0.514,45.3,47.2,10.1,8.5,0.483,16.2,24.3,0.191,NA,NA
Alabama,31,16,15,0.516,11.12,8.12,8,10,10,5,4,8,2542,2449,1260,850,2002,0.425,217,695,0.312,532,718,0.741,382,1233,369,263,124,435,629,76.1,102.2,0.359,0.347,0.523,50.3,43.4,11.0,12.4,0.479,15.7,30.8,0.266,NA,NA
Albany (NY),32,14,18,0.438,-8.78,-5.91,7,9,7,7,5,11,2127,2190,1285,788,1876,0.42,251,732,0.343,363,523,0.694,287,1104,430,246,109,409,574,69.7,97.9,0.279,0.39,0.515,50.2,54.6,11.0,11.0,0.487,16.1,25.5,0.193,NA,NA
American,30,16,14,0.533,-4.37,-6.5,12,6,10,4,6,10,2149,2085,1205,745,1668,0.447,168,526,0.319,427,612,0.698,296,1038,356,179,96,411,472,69.0,100.3,0.367,0.315,0.532,51.5,47.8,8.6,8.4,0.497,17.3,29.4,0.256,NA,NA
Appalachian State,33,18,15,0.545,-0.81,-0.01,11,9,10,5,7,9,2256,2222,1325,813,1886,0.431,241,746,0.323,355,494,0.719,322,1166,447,225,86,476,645,68.6,97.8,0.262,0.396,0.524,50.3,55.0,9.9,7.8,0.495,18.3,28.0,0.188,NA,NA
Arizona State,31,20,11,0.645,11.46,8.1,11,7,13,3,6,5,2288,2184,1240,769,1796,0.428,227,686,0.331,419,615,0.681,318,1182,388,203,119,508,569,73.7,95.5,0.342,0.382,0.523,51.5,50.5,8.9,9.9,0.491,19.6,28.4,0.233,NA,NA
Arizona,32,21,11,0.656,19.49,8.4,10,8,13,4,4,6,2445,2090,1290,708,1797,0.394,211,677,0.312,463,632,0.733,296,1083,363,155,99,465,614,70.3,92.2,0.352,0.377,0.498,47.5,51.3,6.8,8.0,0.453,18.1,25.9,0.258,NA,NA
Little Rock,31,21,10,0.677,2.27,-1.07,15,5,13,2,8,8,2270,2152,1240,750,1769,0.424,238,687,0.346,414,595,0.696,310,1002,377,210,99,430,650,70.2,98.9,0.336,0.388,0.524,47.8,50.3,9.7,8.9,0.491,17.3,28.2,0.234,NA,NA
Arkansas,32,20,12,0.625,13.46,7.27,7,11,14,4,4,8,2426,2228,1300,773,1808,0.428,164,602,0.272,518,739,0.701,351,1226,324,160,95,512,687,71.4,96.0,0.409,0.333,0.516,54.8,41.9,6.9,8.7,0.473,19.2,31.3,0.287,NA,NA
Auburn,31,25,6,0.806,15.04,7.39,12,6,16,1,5,5,2419,2182,1270,759,1840,0.413,217,667,0.325,447,623,0.717,319,1090,346,207,97,418,656,70.4,97.6,0.339,0.363,0.511,46.3,45.6,9.3,9.3,0.471,16.4,27.4,0.243,NA,NA
Austin Peay,33,21,12,0.636,-0.98,-4.14,14,4,14,0,5,10,2519,2359,1325,861,1841,0.468,226,626,0.361,411,594,0.692,303,1093,448,201,80,493,643,69.9,101.9,0.323,0.34,0.556,47.9,52.0,8.7,6.2,0.529,18.8,27.5,0.223,NA,NA
Baylor,30,26,4,0.867,20.13,9.13,15,3,14,1,8,2,2134,1804,1205,643,1618,0.397,176,566,0.311,342,498,0.687,306,1002,339,174,146,456,549,66.6,89.9,0.308,0.35,0.486,47.5,52.7,8.7,13.0,0.452,19.7,29.9,0.211,NA,NA
Belmont,33,26,7,0.788,4.3,-6.23,15,3,13,1,11,5,2627,2241,1320,846,2033,0.416,232,704,0.33,317,495,0.64,336,1210,398,191,97,473,478,72.8,93.3,0.243,0.346,0.494,49.5,47.0,8.0,8.3,0.473,17.3,26.3,0.156,NA,NA
Boise State,32,20,12,0.625,8.59,4.39,11,7,13,2,4,8,2430,2223,1305,814,1819,0.447,212,710,0.299,383,534,0.717,235,1050,365,192,74,442,641,70.0,97.4,0.294,0.39,0.536,48.5,44.8,8.4,6.9,0.506,17.6,22.1,0.211,NA,NA
Bradley,34,23,11,0.676,5.33,0.33,11,7,15,2,4,8,2438,2240,1370,765,1939,0.395,265,839,0.316,445,592,0.752,318,1138,400,196,99,412,591,67.3,97.1,0.305,0.433,0.504,46.5,52.3,8.5,7.3,0.463,15.7,25.4,0.229,NA,NA
Brigham Young,32,24,8,0.75,16.93,6.45,13,3,14,1,6,5,2548,2188,1295,819,1869,0.438,193,626,0.308,357,515,0.693,266,1076,380,200,77,412,505,69.7,96.9,0.276,0.335,0.518,50.4,46.4,8.9,6.9,0.49,16.3,23.8,0.191,NA,NA
Bucknell,34,14,20,0.412,-7.73,-4.32,8,10,9,4,4,14,2299,2415,1360,860,1865,0.461,201,620,0.324,494,714,0.692,293,1197,425,234,107,471,546,69.9,101.6,0.383,0.332,0.548,52.1,49.4,9.8,9.5,0.515,17.6,26.4,0.265,NA,NA
Buffalo,32,20,12,0.625,1.8,0.06,11,7,10,7,7,4,2516,2425,1290,880,2023,0.435,219,693,0.316,446,608,0.734,356,1217,413,214,121,463,571,74.7,100.7,0.301,0.343,0.524,47.5,46.9,8.9,9.1,0.489,16.7,28.8,0.22,NA,NA
Butler,31,22,9,0.71,15.56,9.14,10,8,14,3,5,6,2125,1926,1245,669,1692,0.395,212,642,0.33,376,523,0.719,272,945,349,174,96,360,512,64.6,95.8,0.309,0.379,0.496,46.7,52.2,8.7,9.0,0.458,15.6,25.4,0.222,NA,NA
Cal Poly,30,7,23,0.233,-10.0,-0.42,4,12,7,6,0,15,2027,2248,1235,756,1668,0.453,222,598,0.371,514,710,0.724,289,1105,413,195,95,402,549,68.8,105.8,0.426,0.359,0.561,53.1,54.6,9.2,8.5,0.52,16.7,28.3,0.308,NA,NA
Cal State Bakersfield,31,12,19,0.387,-7.11,-3.26,6,10,9,7,3,12,2109,2097,1265,666,1564,0.426,231,640,0.361,534,741,0.721,252,957,350,159,88,415,530,66.0,100.5,0.474,0.409,0.547,45.3,52.6,7.6,6.7,0.5,17.8,25.0,0.341,NA,NA
Cal State Fullerton,31,11,20,0.355,-6.79,-1.38,6,10,6,8,4,11,2127,2213,1265,783,1779,0.44,192,575,0.334,455,626,0.727,279,1127,381,189,102,402,590,69.5,100.7,0.352,0.323,0.533,52.0,48.7,8.6,8.9,0.494,16.2,26.1,0.256,NA,NA
UC Davis,32,14,18,0.438,-4.7,-2.63,8,8,8,4,5,12,2330,2286,1290,808,1752,0.461,230,676,0.34,440,610,0.721,284,1051,469,196,90,445,562,68.4,103.7,0.348,0.386,0.56,51.7,58.0,8.9,8.1,0.527,17.9,27.5,0.251,NA,NA
UC Irvine,32,21,11,0.656,3.73,-2.18,13,3,11,2,8,8,2367,2087,1280,708,1827,0.388,221,631,0.35,450,641,0.702,294,965,343,175,85,375,520,69.1,94.4,0.351,0.345,0.49,43.3,48.4,7.9,6.4,0.448,15.0,24.7,0.246,NA,NA
UC Santa Barbara,31,21,10,0.677,-0.57,-4.06,10,6,13,3,8,7,2195,2054,1245,751,1673,0.449,208,597,0.348,344,484,0.711,247,917,355,141,76,374,590,64.9,101.6,0.289,0.357,0.54,46.4,47.3,7.0,7.0,0.511,16.4,24.9,0.206,NA,NA
California,32,14,18,0.438,3.2,9.05,7,11,12,5,1,10,2023,2210,1295,748,1741,0.43,240,661,0.363,474,644,0.736,279,1061,387,157,115,368,571,65.7,103.9,0.37,0.38,0.54,50.4,51.7,7.4,9.6,0.499,15.2,26.2,0.272,NA,NA
Central Florida,30,16,14,0.533,5.13,4.13,7,11,10,6,4,7,2067,2037,1210,727,1731,0.42,202,637,0.317,381,509,0.749,324,1068,422,205,77,429,537,68.7,98.0,0.294,0.368,0.516,50.7,58.0,9.9,7.3,0.478,17.9,30.5,0.22,NA,NA
Chattanooga,33,20,13,0.606,0.39,-1.9,10,8,10,4,7,8,2410,2261,1325,845,1893,0.446,218,693,0.315,353,507,0.696,266,1087,387,185,103,390,554,68.2,100.0,0.268,0.366,0.53,48.3,45.8,8.2,9.2,0.504,15.5,23.6,0.186,NA,NA
Cincinnati,30,20,10,0.667,12.33,6.73,13,5,13,2,5,6,2182,2014,1240,712,1788,0.398,209,621,0.337,381,522,0.73,324,1024,361,201,117,421,574,68.9,94.3,0.292,0.347,0.495,47.5,50.7,9.4,10.7,0.457,17.1,28.8,0.213,NA,NA
Clemson,31,16,15,0.516,10.26,7.88,9,11,11,6,3,8,2062,1988,1255,698,1697,0.411,244,749,0.326,348,487,0.715,259,1076,360,204,76,418,500,66.6,95.2,0.287,0.441,0.515,50.7,51.6,9.8,8.3,0.483,17.8,24.5,0.205,NA,NA
Cleveland State,32,11,21,0.344,-11.16,-2.45,7,11,6,8,3,13,2053,2298,1290,774,1800,0.43,231,685,0.337,519,720,0.721,371,1156,425,225,151,457,621,68.9,103.4,0.4,0.381,0.536,50.8,54.9,10.1,11.1,0.494,17.6,33.1,0.288,NA,NA
Coastal Carolina,33,16,17,0.485,-0.83,-0.31,8,12,9,9,7,7,2573,2518,1320,807,1910,0.423,289,849,0.34,615,850,0.724,342,1127,457,244,101,457,620,74.0,103.2,0.445,0.445,0.544,45.9,56.6,10.0,7.7,0.498,16.5,27.8,0.322,NA,NA
Colgate,34,25,9,0.735,1.47,-5.63,14,4,15,2,9,7,2588,2315,1365,876,2018,0.434,242,780,0.31,321,490,0.655,320,1199,437,181,97,413,543,68.8,98.6,0.243,0.387,0.514,49.0,49.9,7.7,8.6,0.494,15.5,26.1,0.159,NA,NA
College of Charleston,31,17,14,0.548,0.53,-0.84,11,7,10,5,6,6,2176,2109,1240,741,1745,0.425,216,660,0.327,411,554,0.742,316,1116,377,155,99,373,531,66.9,101.7,0.317,0.378,0.525,52.6,50.9,7.5,9.6,0.487,15.7,29.2,0.236,NA,NA
Colorado,32,21,11,0.656,14.91,8.31,10,8,13,3,4,7,2268,2057,1290,758,1830,0.414,201,588,0.342,340,478,0.711,266,1010,352,234,94,422,598,68.2,93.6,0.261,0.321,0.5,46.1,46.4,10.6,8.6,0.469,17.0,23.7,0.186,NA,NA
Connecticut,31,19,12,0.613,11.15,5.34,10,8,14,3,3,7,2258,2078,1280,728,1756,0.415,173,524,0.33,449,608,0.738,326,1086,364,215,121,483,596,69.0,94.1,0.346,0.298,0.508,48.1,50.0,9.7,10.1,0.464,19.1,29.4,0.256,NA,NA
Creighton,31,24,7,0.774,17.24,9.61,13,5,17,1,6,5,2428,2162,1245,810,1928,0.42,232,738,0.314,310,444,0.698,350,1147,413,150,100,383,511,70.0,99.3,0.23,0.383,0.505,51.5,51.0,6.9,9.5,0.48,15.2,29.6,0.161,NA,NA
Davidson,30,16,14,0.533,8.85,3.62,10,8,11,1,4,9,2182,2025,1230,718,1660,0.433,204,615,0.332,385,542,0.71,248,976,361,154,85,345,510,65.4,100.7,0.327,0.37,0.528,49.6,50.3,7.7,9.2,0.494,15.2,24.8,0.232,NA,NA
Dayton,31,29,2,0.935,19.17,3.69,18,0,17,0,9,0,2480,2000,1255,727,1769,0.411,194,588,0.33,352,547,0.644,305,981,343,167,83,400,556,67.9,93.9,0.309,0.332,0.493,47.5,47.2,7.8,7.9,0.466,16.5,26.6,0.199,NA,NA
Delaware,33,22,11,0.667,-1.53,-3.84,11,7,10,3,7,6,2452,2332,1325,822,1924,0.427,262,747,0.351,426,564,0.755,311,1089,412,220,81,386,542,68.6,102.6,0.293,0.388,0.532,49.6,50.1,9.7,7.2,0.495,15.0,26.7,0.221,NA,NA
Drake,34,20,14,0.588,0.43,0.61,8,10,14,2,2,10,2359,2302,1365,803,1901,0.422,281,765,0.367,415,561,0.74,257,1087,389,224,90,416,552,68.0,99.1,0.295,0.402,0.531,48.6,48.4,9.6,7.8,0.496,16.1,22.3,0.218,NA,NA
Drexel,33,14,19,0.424,-5.38,-2.2,6,12,10,5,1,13,2254,2323,1325,860,1911,0.45,181,578,0.313,422,557,0.758,296,1083,388,253,108,368,569,67.9,103.3,0.291,0.302,0.534,48.2,45.1,11.3,9.2,0.497,14.5,26.6,0.221,NA,NA
Duke,31,25,6,0.806,22.55,8.0,15,5,15,2,7,4,2558,2107,1260,784,1879,0.417,150,501,0.299,389,580,0.671,330,1067,367,225,121,464,588,72.9,91.8,0.309,0.267,0.489,46.2,46.8,9.8,9.0,0.457,17.7,28.0,0.207,NA,NA
East Tennessee State,34,30,4,0.882,7.63,-1.82,16,2,16,1,11,3,2593,2146,1360,765,1801,0.425,208,692,0.301,408,582,0.701,291,1053,352,203,100,533,660,68.2,92.6,0.323,0.384,0.516,46.6,46.0,8.8,8.4,0.483,20.4,25.8,0.227,NA,NA
Eastern Kentucky,33,16,17,0.485,-9.17,-4.46,12,6,10,4,5,10,2464,2488,1320,881,1951,0.452,218,687,0.317,508,694,0.732,383,1349,481,230,109,603,576,76.2,99.0,0.356,0.352,0.545,54.8,54.6,9.1,8.7,0.507,20.9,33.0,0.26,NA,NA
Eastern Washington,31,23,8,0.742,2.01,-1.81,16,4,13,2,10,6,2509,2259,1250,811,1898,0.427,209,614,0.34,428,605,0.707,311,1144,446,223,99,446,582,74.3,97.2,0.319,0.323,0.517,49.1,55.0,9.6,8.5,0.482,16.9,26.6,0.226,NA,NA
Fairleigh Dickinson,30,11,19,0.367,-9.94,-5.87,9,9,7,5,4,14,2167,2236,1210,801,1782,0.449,248,724,0.343,386,551,0.701,335,1079,451,200,93,384,477,69.3,106.7,0.309,0.406,0.547,51.7,56.3,9.5,8.3,0.519,15.8,31.3,0.217,NA,NA
Florida Gulf Coast,32,10,22,0.313,-10.26,-4.3,7,9,6,10,4,12,1979,2122,1295,761,1798,0.423,226,668,0.338,374,542,0.69,323,1130,373,241,98,436,457,66.8,98.1,0.301,0.372,0.516,50.8,49.0,11.1,9.4,0.486,17.5,29.3,0.208,NA,NA
Florida State,31,26,5,0.839,17.28,7.64,16,4,16,0,7,5,2336,2037,1250,694,1708,0.406,218,687,0.317,431,588,0.733,321,1019,309,165,89,516,530,69.7,93.6,0.344,0.402,0.513,48.1,44.5,7.6,7.5,0.47,20.6,30.0,0.252,NA,NA
Florida,31,19,12,0.613,14.94,9.1,11,7,11,4,4,7,2228,2047,1250,716,1699,0.421,197,605,0.326,418,573,0.729,290,983,346,170,76,400,557,66.3,98.7,0.337,0.356,0.519,47.6,48.3,8.2,7.0,0.479,16.9,27.4,0.246,NA,NA
Fresno State,30,11,19,0.367,2.08,3.39,7,11,7,7,4,10,2075,2068,1225,720,1722,0.418,253,707,0.358,375,499,0.752,277,1025,371,173,70,314,504,65.3,103.4,0.29,0.411,0.528,48.0,51.5,8.7,8.1,0.492,13.8,26.1,0.218,NA,NA
Gardner-Webb,32,16,16,0.5,-5.56,-5.83,11,7,7,5,6,10,2318,2272,1315,797,1890,0.422,266,799,0.333,412,579,0.712,325,1131,446,191,88,399,539,67.7,102.1,0.306,0.423,0.525,50.3,56.0,8.6,8.0,0.492,15.6,28.4,0.218,NA,NA
George Washington,32,12,20,0.375,-3.99,0.92,6,12,7,9,3,9,2086,2243,1300,832,1845,0.451,185,560,0.33,394,574,0.686,295,1130,377,224,117,339,544,66.6,103.7,0.311,0.304,0.53,51.7,45.3,10.4,11.8,0.501,13.8,26.7,0.214,NA,NA
Georgetown,32,15,17,0.469,10.38,9.6,5,13,10,8,4,7,2389,2364,1280,843,1952,0.432,297,817,0.364,381,519,0.734,339,1122,490,244,99,431,604,71.6,103.2,0.266,0.419,0.538,47.9,58.1,10.7,7.5,0.508,16.4,28.6,0.195,NA,NA
Georgia State,32,19,13,0.594,3.09,0.13,12,8,12,3,6,10,2499,2311,1290,754,1869,0.403,188,663,0.284,615,849,0.724,388,1192,381,202,118,508,568,74.0,96.8,0.454,0.355,0.509,50.3,50.5,8.5,9.5,0.454,18.3,32.4,0.329,NA,NA
Georgia Tech,31,17,14,0.548,10.49,9.19,11,9,10,6,6,7,2126,2059,1250,719,1800,0.399,168,590,0.285,453,637,0.711,327,1046,372,240,112,428,560,70.7,93.3,0.354,0.328,0.49,48.3,51.7,10.9,9.2,0.446,16.9,28.5,0.252,NA,NA
Georgia,32,16,16,0.5,8.28,8.06,5,13,12,5,3,9,2428,2418,1300,897,1980,0.453,222,687,0.323,402,608,0.661,354,1143,416,207,107,422,574,72.0,103.3,0.307,0.347,0.533,48.6,46.4,8.8,8.9,0.509,15.7,29.8,0.203,NA,NA
Gonzaga,33,31,2,0.939,22.7,3.13,15,1,17,0,10,1,2885,2239,1325,855,2028,0.422,221,691,0.32,308,442,0.697,279,1017,371,200,97,443,638,72.5,93.2,0.218,0.341,0.5,43.4,43.4,8.3,6.9,0.476,16.5,22.7,0.152,NA,NA
Grand Canyon,30,13,17,0.433,-6.32,-4.05,8,8,8,8,4,6,2116,2191,1210,779,1765,0.441,254,714,0.356,379,521,0.727,296,1048,429,163,74,334,547,67.8,106.8,0.295,0.405,0.544,51.8,55.1,7.9,6.7,0.513,14.2,28.2,0.215,NA,NA
Green Bay,33,17,16,0.515,-4.8,-2.8,11,7,10,5,7,10,2694,2643,1335,925,2101,0.44,289,839,0.344,504,672,0.75,389,1276,477,189,85,479,607,75.3,105.3,0.32,0.399,0.546,51.5,51.6,7.5,6.0,0.509,16.5,30.8,0.24,NA,NA
Hampton,34,15,19,0.441,-12.02,-5.8,8,10,11,5,3,13,2635,2693,1370,934,2090,0.447,281,805,0.349,544,784,0.694,387,1272,503,188,101,386,687,71.9,109.3,0.375,0.385,0.547,50.5,53.9,7.6,7.3,0.514,13.6,30.0,0.26,NA,NA
Hartford,33,18,15,0.545,-6.79,-6.02,9,7,9,8,9,7,2201,2203,1325,797,1946,0.41,206,750,0.275,403,578,0.697,377,1264,422,220,101,440,562,69.2,96.1,0.297,0.385,0.496,53.0,52.9,9.6,9.1,0.462,16.5,30.6,0.207,NA,NA
Harvard,29,21,8,0.724,3.06,-1.55,10,4,11,1,9,4,2114,1928,1180,685,1676,0.409,195,590,0.331,363,524,0.693,269,967,302,203,72,374,541,68.9,94.9,0.313,0.352,0.501,46.6,44.1,10.0,6.9,0.467,16.3,25.0,0.217,NA,NA
Hawaii,30,17,13,0.567,-1.27,-2.1,8,8,14,6,3,7,2057,2016,1205,739,1680,0.44,152,449,0.339,386,534,0.723,259,1006,281,184,95,399,556,68.9,97.2,0.318,0.267,0.521,49.9,38.0,8.9,8.9,0.485,17.1,26.4,0.23,NA,NA
Holy Cross,32,3,29,0.094,-18.07,-4.26,2,16,2,12,0,16,2106,2537,1295,939,1904,0.493,238,639,0.372,421,601,0.7,300,1137,449,235,100,343,463,68.9,113.8,0.316,0.336,0.579,52.4,47.8,10.5,8.8,0.556,13.5,28.5,0.221,NA,NA
Houston,31,23,8,0.742,16.46,6.3,13,5,14,2,6,6,2241,1926,1245,632,1652,0.383,187,653,0.286,475,688,0.69,284,991,342,160,70,379,593,66.8,92.7,0.416,0.395,0.487,43.5,54.1,7.7,5.7,0.439,16.1,25.3,0.288,NA,NA
Illinois,31,21,10,0.677,15.27,9.84,13,7,15,3,6,6,2239,2024,1245,758,1825,0.415,200,602,0.332,308,426,0.723,285,991,351,179,100,359,577,67.5,96.3,0.233,0.33,0.499,44.7,46.3,8.5,7.9,0.47,15.0,25.5,0.169,NA,NA
Indiana,32,20,12,0.625,15.07,10.35,9,11,15,4,2,8,2286,2135,1285,754,1809,0.417,225,698,0.322,402,589,0.683,276,1029,387,199,107,392,604,68.7,96.8,0.326,0.386,0.511,46.0,51.3,9.0,8.3,0.479,15.8,24.5,0.222,NA,NA
Iona,29,12,17,0.414,-6.23,-5.37,9,11,5,6,4,9,2030,2055,1175,718,1700,0.422,242,666,0.363,377,581,0.649,343,1032,419,198,83,376,509,68.6,101.9,0.342,0.392,0.52,51.5,58.4,9.8,9.1,0.494,16.0,31.7,0.222,NA,NA
Iowa State,32,12,20,0.375,9.1,10.07,5,13,11,6,0,11,2304,2335,1285,858,1899,0.452,251,699,0.359,368,532,0.692,355,1146,425,231,94,467,527,70.4,103.2,0.28,0.368,0.543,51.1,49.5,10.2,7.9,0.518,17.8,31.6,0.194,NA,NA
Iowa,31,20,11,0.645,16.07,10.62,11,9,14,2,4,7,2410,2241,1240,815,1895,0.43,243,758,0.321,368,507,0.726,338,1095,479,192,115,384,589,70.6,102.5,0.268,0.4,0.525,48.5,58.8,8.8,9.9,0.494,15.2,29.5,0.194,NA,NA
Jacksonville State,32,13,19,0.406,-8.29,-6.36,8,10,8,6,4,11,2294,2218,1285,818,1812,0.451,225,690,0.326,357,516,0.692,268,1041,438,209,99,453,523,70.0,98.7,0.285,0.381,0.539,47.2,53.5,9.3,8.2,0.514,18.0,24.8,0.197,NA,NA
Kansas State,32,11,21,0.344,8.7,9.48,3,15,9,7,1,10,2054,2079,1285,707,1646,0.43,218,660,0.33,447,638,0.701,311,1098,374,241,128,525,562,67.2,96.3,0.388,0.401,0.533,51.1,52.9,11.2,12.1,0.496,21.2,30.2,0.272,NA,NA
Kansas,31,28,3,0.903,24.96,11.63,17,1,14,1,11,1,2312,1882,1245,684,1815,0.377,229,750,0.305,285,423,0.674,308,991,361,199,111,407,526,67.9,89.0,0.233,0.413,0.467,45.3,52.8,9.4,9.4,0.44,16.8,26.3,0.157,NA,NA
Kent State,32,20,12,0.625,3.68,-0.72,9,9,14,3,5,7,2442,2241,1300,779,1879,0.415,234,699,0.335,449,622,0.722,347,1126,404,169,68,453,563,70.1,98.3,0.331,0.372,0.515,49.3,51.9,7.4,5.9,0.477,17.2,29.9,0.239,NA,NA
Kentucky,31,25,6,0.806,15.78,7.46,15,3,16,2,8,2,2307,2049,1250,717,1819,0.394,214,697,0.307,401,583,0.688,333,1006,335,155,98,372,606,68.5,95.8,0.321,0.383,0.489,47.0,46.7,7.2,7.7,0.453,15.1,28.5,0.22,NA,NA
Lafayette,31,19,12,0.613,-5.91,-5.94,10,8,9,5,10,7,2174,2133,1240,816,1909,0.427,213,683,0.312,288,424,0.679,313,1094,355,178,60,297,432,67.7,101.7,0.222,0.358,0.505,50.3,43.5,8.5,6.1,0.483,12.3,27.1,0.151,NA,NA
Liberty,34,30,4,0.882,5.15,-7.26,13,3,17,0,7,4,2332,1830,1360,657,1697,0.387,195,668,0.292,321,464,0.692,237,996,294,157,60,408,548,61.3,87.7,0.273,0.394,0.477,46.8,44.7,7.5,5.7,0.445,17.5,21.2,0.189,NA,NA
Lipscomb,32,16,16,0.5,-7.08,-4.45,9,7,9,5,7,11,2255,2261,1285,829,1883,0.44,266,761,0.35,337,493,0.684,307,1111,405,192,125,398,499,68.8,102.3,0.262,0.404,0.534,49.6,48.9,8.7,10.3,0.511,15.8,27.0,0.179,NA,NA
Long Island University,33,15,18,0.455,-8.38,-6.16,9,9,8,6,6,11,2504,2534,1340,930,2114,0.44,254,761,0.334,420,591,0.711,383,1312,476,210,115,462,592,73.9,102.4,0.28,0.36,0.529,53.8,51.2,8.5,10.8,0.5,16.2,30.6,0.199,NA,NA
Louisiana,33,14,19,0.424,-4.6,-0.67,8,12,10,6,3,12,2416,2514,1325,896,1988,0.451,248,730,0.34,474,648,0.731,340,1193,448,234,96,459,617,72.8,104.2,0.326,0.367,0.548,50.7,50.0,9.7,8.2,0.513,16.7,29.5,0.238,NA,NA
Louisiana State,31,21,10,0.677,14.43,7.2,12,6,15,2,5,6,2495,2271,1250,821,1941,0.423,277,804,0.345,352,512,0.688,341,1035,397,178,102,368,549,70.8,102.7,0.264,0.414,0.52,45.7,48.4,8.1,8.3,0.494,14.4,28.5,0.181,NA,NA
Louisville,31,24,7,0.774,17.94,7.55,15,5,17,1,6,5,2296,1974,1250,690,1772,0.389,219,727,0.301,375,514,0.73,287,1000,326,187,100,365,528,67.1,94.1,0.29,0.41,0.49,45.5,47.2,8.9,9.0,0.451,15.3,25.0,0.212,NA,NA
Loyola (IL),32,21,11,0.656,5.7,0.54,13,5,14,2,5,6,2198,2007,1295,739,1677,0.441,267,726,0.368,262,392,0.668,237,973,399,198,114,502,570,65.7,94.4,0.234,0.433,0.539,50.3,54.0,9.3,10.3,0.52,21.2,23.7,0.156,NA,NA
Manhattan,31,13,18,0.419,-8.42,-6.26,8,12,7,6,5,11,1924,1991,1250,658,1576,0.418,180,522,0.345,495,725,0.683,310,1107,376,197,94,461,586,66.3,96.0,0.46,0.331,0.518,50.8,57.1,9.5,9.1,0.475,19.4,29.9,0.314,NA,NA
Marquette,30,18,12,0.6,15.44,9.3,8,10,13,3,3,8,2333,2149,1220,758,1839,0.412,207,642,0.322,426,641,0.665,305,1051,394,201,92,329,582,71.4,98.7,0.349,0.349,0.501,46.8,52.0,9.2,9.4,0.468,13.3,25.8,0.232,NA,NA
Marshall,32,17,15,0.531,1.7,-0.05,10,8,10,6,5,9,2429,2339,1285,804,1997,0.403,220,665,0.331,511,740,0.691,420,1316,333,262,98,493,500,75.5,96.4,0.371,0.333,0.498,51.5,41.4,10.8,7.9,0.458,17.3,32.0,0.256,NA,NA
Maryland-Baltimore County,33,16,17,0.485,-8.08,-4.43,8,8,11,5,5,10,2255,2207,1325,759,1844,0.412,263,825,0.319,426,570,0.747,300,1139,385,211,96,439,590,68.0,98.0,0.309,0.447,0.522,50.1,50.7,9.4,8.6,0.483,17.2,26.3,0.231,NA,NA
Maryland,31,24,7,0.774,17.82,10.5,14,6,16,1,5,6,2226,1999,1240,731,1831,0.399,227,698,0.325,310,444,0.698,298,1055,400,170,110,362,588,67.7,95.2,0.242,0.381,0.489,47.1,54.7,8.1,10.9,0.461,15.1,26.3,0.169,NA,NA
Massachusetts,31,14,17,0.452,1.12,3.79,8,10,11,5,3,9,2124,2207,1250,806,1762,0.457,185,560,0.33,410,590,0.695,317,1120,449,220,68,439,559,69.2,102.0,0.335,0.318,0.54,52.7,55.7,10.2,6.4,0.51,17.7,30.3,0.233,NA,NA
Memphis,31,21,10,0.677,12.16,5.07,10,8,15,3,5,6,2232,2012,1250,682,1891,0.361,193,690,0.28,455,662,0.687,381,1137,358,238,93,461,604,73.1,88.1,0.35,0.365,0.456,47.8,52.5,10.4,8.1,0.412,17.3,29.4,0.241,NA,NA
Mercer,32,17,15,0.531,-3.13,-2.7,11,7,9,6,8,6,2294,2248,1280,794,1840,0.432,238,742,0.321,422,638,0.661,298,1033,407,224,83,409,508,70.4,99.9,0.347,0.403,0.524,46.8,51.3,10.0,6.9,0.496,16.0,26.2,0.229,NA,NA
Miami (FL),31,15,16,0.484,6.63,8.66,7,13,9,5,4,8,2207,2270,1270,862,1945,0.443,229,675,0.339,317,445,0.712,364,1195,471,191,134,384,505,68.7,104.1,0.229,0.347,0.526,52.8,54.6,8.8,11.5,0.502,15.1,31.9,0.163,NA,NA
Michigan State,31,22,9,0.71,21.92,10.76,14,6,12,3,7,4,2353,2007,1240,709,1873,0.379,203,707,0.287,386,549,0.703,321,1027,395,186,105,341,529,69.4,93.3,0.293,0.377,0.47,44.9,55.7,8.7,9.2,0.433,13.8,26.0,0.206,NA,NA
Michigan,31,19,12,0.613,17.94,11.17,10,10,11,5,4,7,2326,2116,1255,799,1888,0.423,173,535,0.323,345,498,0.693,291,1094,315,143,83,349,494,69.3,97.3,0.264,0.283,0.498,49.4,39.4,6.6,7.3,0.469,14.1,25.5,0.183,NA,NA
Middle Tennessee,31,8,23,0.258,-8.41,0.84,4,14,5,10,3,10,2193,2332,1250,817,1744,0.468,224,593,0.378,474,672,0.705,281,1129,426,205,88,444,514,71.2,104.8,0.385,0.34,0.565,51.0,52.1,9.2,8.1,0.533,17.7,27.2,0.272,NA,NA
Milwaukee,31,12,19,0.387,-7.22,-3.91,7,11,7,8,4,9,2216,2252,1265,756,1726,0.438,212,612,0.346,528,735,0.718,313,1157,384,177,98,466,573,70.6,100.8,0.426,0.355,0.543,50.9,50.8,7.9,8.5,0.499,18.3,29.1,0.306,NA,NA
Minnesota,31,15,16,0.484,16.39,11.55,8,12,11,5,2,10,2205,2055,1250,756,1851,0.408,177,577,0.307,366,518,0.707,331,1121,398,162,110,333,510,67.3,97.7,0.28,0.312,0.49,47.9,52.6,7.7,9.9,0.456,13.7,27.9,0.198,NA,NA
Mississippi State,31,20,11,0.645,12.21,6.96,11,7,14,2,4,7,2275,2112,1240,751,1770,0.424,200,641,0.312,410,559,0.733,311,944,379,220,92,356,575,67.3,101.2,0.316,0.362,0.519,44.9,50.5,10.5,7.5,0.481,14.9,28.3,0.232,NA,NA
Mississippi,32,15,17,0.469,7.37,6.9,6,12,12,5,1,10,2208,2193,1290,745,1750,0.426,177,607,0.292,526,711,0.74,306,1116,411,194,123,435,595,68.8,98.8,0.406,0.347,0.525,50.8,55.2,8.7,10.4,0.476,17.2,27.9,0.301,NA,NA
Missouri,31,15,16,0.484,8.51,6.54,7,11,12,4,2,10,2081,2020,1250,648,1587,0.408,173,601,0.288,551,759,0.726,289,1026,318,184,107,437,584,67.1,96.4,0.478,0.379,0.519,48.5,49.1,8.8,10.5,0.463,18.3,27.7,0.347,NA,NA
Montana,31,18,13,0.581,0.59,-1.52,14,6,12,3,6,10,2195,2122,1255,713,1641,0.434,175,517,0.338,521,727,0.717,250,1049,322,184,86,444,517,69.4,97.4,0.443,0.315,0.534,52.0,45.2,8.4,6.7,0.488,18.3,24.4,0.317,NA,NA
Morehead State,32,13,19,0.406,-10.96,-6.42,7,11,11,4,2,14,2208,2240,1295,818,1914,0.427,231,716,0.323,373,530,0.704,329,1166,387,191,156,402,534,69.1,100.1,0.277,0.374,0.517,49.6,47.3,8.5,12.4,0.488,15.7,28.0,0.195,NA,NA
Mount St. Mary's,32,11,21,0.344,-9.56,-6.47,7,11,8,6,3,15,2053,2132,1295,767,1776,0.432,232,653,0.355,366,520,0.704,299,1119,396,176,111,366,578,64.5,102.1,0.293,0.368,0.527,50.0,51.6,8.4,10.1,0.497,15.3,27.8,0.206,NA,NA
Murray State,32,23,9,0.719,1.99,-6.08,15,3,15,0,6,6,2413,2070,1290,734,1833,0.4,207,666,0.311,395,574,0.688,283,1014,335,193,115,414,602,69.7,92.1,0.313,0.363,0.492,45.5,45.6,8.6,9.4,0.457,16.4,23.7,0.215,NA,NA
Nebraska,32,7,25,0.219,2.41,10.66,2,18,5,11,0,12,2235,2499,1305,957,2126,0.45,276,828,0.333,309,463,0.667,412,1442,498,181,167,443,534,72.8,105.2,0.218,0.389,0.533,56.0,52.0,7.6,13.7,0.515,15.9,32.9,0.145,NA,NA
Nevada,31,19,12,0.613,8.91,4.14,12,6,12,3,4,7,2391,2243,1245,753,1866,0.404,246,826,0.298,489,682,0.717,297,1104,384,148,80,338,513,71.7,100.5,0.365,0.443,0.512,48.2,51.0,6.6,7.5,0.469,13.4,24.5,0.262,NA,NA
New Mexico State,31,25,6,0.806,4.11,-4.24,16,0,13,1,9,3,2214,1852,1245,658,1554,0.423,189,585,0.323,347,475,0.731,201,844,311,188,61,428,568,64.6,92.0,0.306,0.376,0.52,43.6,47.3,9.3,6.8,0.484,19.4,21.2,0.223,NA,NA
New Mexico,33,19,14,0.576,3.47,2.63,7,11,15,3,2,9,2531,2483,1320,918,2041,0.45,301,869,0.346,346,501,0.691,364,1184,537,232,85,486,635,73.0,103.1,0.245,0.426,0.545,50.5,58.5,9.6,7.0,0.524,17.6,30.1,0.17,NA,NA
New Orleans,30,9,21,0.3,-14.08,-4.73,5,15,6,8,3,13,2262,2323,1200,823,1697,0.485,201,579,0.347,476,650,0.732,309,1020,460,196,125,481,583,72.8,106.4,0.383,0.341,0.579,52.3,55.9,9.0,9.8,0.544,19.3,32.3,0.28,NA,NA
Norfolk State,31,16,15,0.516,-7.76,-9.39,12,4,11,2,4,12,2186,2012,1245,670,1676,0.4,206,684,0.301,466,674,0.691,306,1095,402,174,97,497,550,70.3,91.9,0.402,0.408,0.504,48.8,60.0,7.9,9.1,0.461,19.9,27.8,0.278,NA,NA
UNC Asheville,31,15,16,0.484,-10.31,-8.31,8,10,10,5,5,10,2326,2318,1245,843,1670,0.505,194,522,0.372,438,662,0.662,278,1113,428,148,86,515,566,71.2,104.7,0.396,0.313,0.584,54.3,50.8,6.7,7.7,0.563,20.6,29.2,0.262,NA,NA
North Carolina Central,31,18,13,0.581,-10.04,-8.86,13,3,12,0,5,13,2162,2045,1260,724,1751,0.413,205,680,0.301,392,563,0.696,354,1090,370,188,93,533,522,69.6,93.3,0.322,0.388,0.507,50.6,51.1,8.6,8.2,0.472,20.9,31.7,0.224,NA,NA
UNC Greensboro,32,23,9,0.719,5.92,-1.48,13,5,14,4,9,4,2372,2020,1295,699,1649,0.424,226,655,0.345,396,589,0.672,275,1088,345,185,79,575,528,69.0,90.4,0.357,0.397,0.524,47.9,49.4,8.3,6.7,0.492,23.0,26.4,0.24,NA,NA
NC State,32,20,12,0.625,12.05,7.14,10,10,14,4,5,7,2388,2231,1285,792,1857,0.426,193,610,0.316,454,658,0.69,363,1187,344,213,109,455,536,70.6,98.4,0.354,0.328,0.514,51.0,43.4,9.4,8.6,0.478,17.3,31.0,0.244,NA,NA
UNC Wilmington,32,10,22,0.313,-9.31,-0.9,5,13,8,8,1,12,2186,2294,1290,830,1872,0.443,234,723,0.324,400,587,0.681,320,1172,407,207,82,417,527,69.6,102.3,0.314,0.386,0.533,51.9,49.0,9.2,6.8,0.506,16.2,28.1,0.214,NA,NA
North Carolina,33,14,19,0.424,9.45,10.05,6,14,7,8,3,9,2383,2403,1340,843,1999,0.422,277,824,0.336,440,583,0.755,296,1131,455,229,138,378,616,70.4,102.0,0.292,0.412,0.528,45.0,54.0,9.7,9.4,0.491,14.2,24.2,0.22,NA,NA
North Dakota State,33,25,8,0.758,2.19,-3.94,13,3,13,1,8,6,2467,2183,1325,822,1889,0.435,192,591,0.325,347,483,0.718,209,1055,314,152,95,338,553,67.8,97.2,0.256,0.313,0.515,47.4,38.2,6.8,9.3,0.486,13.8,18.5,0.184,NA,NA
North Dakota,33,15,18,0.455,-6.24,-1.38,7,9,8,3,4,13,2470,2467,1330,908,1999,0.454,236,644,0.366,415,565,0.735,281,1088,402,218,89,361,612,70.5,105.2,0.283,0.322,0.544,48.1,44.3,9.3,8.0,0.513,13.7,24.0,0.208,NA,NA
North Florida,33,21,12,0.636,-0.57,-3.25,13,3,13,2,7,9,2583,2416,1320,934,2024,0.461,157,494,0.318,391,559,0.699,371,1195,489,188,94,377,508,69.6,105.2,0.276,0.244,0.528,51.2,52.4,8.2,10.0,0.5,14.1,31.4,0.193,NA,NA
North Texas,31,20,11,0.645,7.32,1.66,14,4,13,3,7,6,2203,1962,1245,671,1587,0.423,201,578,0.348,419,606,0.691,279,908,316,220,94,425,518,64.9,97.1,0.382,0.364,0.523,47.6,47.1,10.9,9.8,0.486,18.5,27.6,0.264,NA,NA
Northeastern,33,17,16,0.515,1.45,-3.28,9,9,7,6,7,7,2347,2191,1325,793,1745,0.454,218,664,0.328,387,534,0.725,248,993,342,173,78,431,505,65.8,100.5,0.306,0.381,0.548,49.4,43.1,7.9,7.2,0.517,17.7,24.1,0.222,NA,NA
Northern Iowa,31,25,6,0.806,9.83,1.45,14,4,16,0,8,4,2330,2006,1255,743,1778,0.418,223,669,0.333,297,434,0.684,249,943,327,209,74,321,471,65.9,97.1,0.244,0.376,0.506,44.8,44.0,10.1,7.1,0.481,13.9,22.3,0.167,NA,NA
Northern Kentucky,32,23,9,0.719,0.28,-4.65,13,5,11,4,10,5,2317,2089,1290,766,1850,0.414,185,632,0.293,372,557,0.668,362,1185,399,176,64,463,595,68.7,94.3,0.301,0.342,0.494,50.3,52.1,7.9,6.3,0.464,18.0,30.8,0.201,NA,NA
Northwestern,31,8,23,0.258,5.35,10.51,3,17,5,11,2,10,2012,2172,1250,769,1832,0.42,264,777,0.34,370,524,0.706,333,1183,481,170,105,331,469,66.7,104.2,0.286,0.424,0.522,53.1,62.5,8.2,8.9,0.492,13.7,29.2,0.202,NA,NA
Notre Dame,32,20,12,0.625,11.21,5.62,10,10,15,4,4,7,2376,2197,1290,832,2011,0.414,245,728,0.337,286,397,0.72,347,1221,422,181,101,373,491,69.0,98.8,0.197,0.362,0.499,50.2,50.7,8.1,9.2,0.475,14.5,28.1,0.142,NA,NA
Ohio State,31,21,10,0.677,19.37,10.24,11,9,15,2,4,7,2234,1951,1240,688,1733,0.397,224,684,0.327,351,508,0.691,284,978,338,154,95,379,578,66.8,94.3,0.293,0.395,0.494,46.2,49.1,7.4,9.6,0.462,16.1,25.4,0.203,NA,NA
Ohio,32,17,15,0.531,0.74,0.17,8,10,12,5,4,8,2286,2192,1280,754,1802,0.418,239,727,0.329,445,570,0.781,273,1076,354,199,76,405,572,68.8,99.5,0.316,0.403,0.529,48.7,46.9,9.0,7.2,0.485,16.3,24.6,0.247,NA,NA
Oklahoma State,32,18,14,0.563,12.01,10.51,7,11,10,6,5,7,2163,2115,1280,722,1801,0.401,239,800,0.299,432,597,0.724,334,1115,409,197,106,450,564,68.5,96.5,0.331,0.444,0.507,49.4,56.6,9.0,9.0,0.467,17.8,29.0,0.24,NA,NA
Oklahoma,31,19,12,0.613,13.48,10.64,9,9,12,3,4,8,2177,2089,1240,777,1946,0.399,262,780,0.336,273,384,0.711,333,1182,368,192,78,361,536,69.7,96.8,0.197,0.401,0.491,50.8,47.4,8.9,7.1,0.467,14.5,27.4,0.14,NA,NA
Old Dominion,32,13,19,0.406,0.02,0.06,9,9,10,4,3,11,2098,2099,1290,704,1739,0.405,266,787,0.338,425,591,0.719,244,1086,384,164,120,402,514,67.5,96.4,0.34,0.453,0.52,46.4,54.5,7.5,9.5,0.481,16.6,21.7,0.244,NA,NA
Oral Roberts,31,17,14,0.548,2.16,-1.58,9,7,13,1,3,12,2485,2265,1250,811,1848,0.439,241,719,0.335,402,558,0.72,294,1093,404,138,103,416,528,71.5,101.3,0.302,0.389,0.536,48.2,49.8,6.2,8.3,0.504,16.4,26.6,0.218,NA,NA
Oregon State,31,18,13,0.581,9.7,6.15,7,11,12,4,3,8,2207,2097,1240,744,1727,0.431,218,628,0.347,391,533,0.734,304,1035,408,173,95,383,580,66.6,101.6,0.309,0.364,0.529,50.6,54.8,8.4,8.8,0.494,16.2,29.0,0.226,NA,NA
Oregon,31,24,7,0.774,18.22,9.09,13,5,17,0,5,5,2352,2069,1275,724,1780,0.407,236,723,0.326,385,525,0.733,342,1032,385,127,110,418,480,66.1,98.2,0.295,0.406,0.51,48.5,53.2,6.0,9.6,0.473,17.1,31.1,0.216,NA,NA
Pennsylvania,27,16,11,0.593,1.07,-0.36,8,6,8,3,6,7,1991,1906,1085,716,1704,0.42,175,523,0.335,299,418,0.715,283,1021,286,195,80,324,409,71.6,98.2,0.245,0.307,0.501,51.1,39.9,10.0,8.9,0.472,14.6,27.1,0.175,NA,NA
Pittsburgh,33,16,17,0.485,6.8,7.32,6,14,11,7,2,9,2152,2169,1325,791,1838,0.43,247,728,0.339,340,477,0.713,387,1199,467,180,140,510,599,66.0,99.2,0.26,0.396,0.525,51.5,59.0,8.2,11.0,0.498,19.8,34.6,0.185,NA,NA
Prairie View,32,19,13,0.594,-6.26,-8.36,14,4,12,0,6,12,2302,2186,1290,716,1673,0.428,189,634,0.298,565,818,0.691,285,1066,382,188,101,567,652,72.7,93.2,0.489,0.379,0.53,50.5,53.4,8.0,7.5,0.484,21.6,27.8,0.338,NA,NA
Princeton,27,14,13,0.519,-0.75,-1.48,9,5,7,6,5,6,1931,1866,1085,703,1515,0.464,159,462,0.344,301,400,0.753,202,837,296,168,92,318,441,67.2,102.4,0.264,0.305,0.547,49.1,42.1,9.2,10.9,0.517,15.7,23.7,0.199,NA,NA
Providence,31,19,12,0.613,13.45,8.19,12,6,13,3,5,6,2214,2051,1245,705,1691,0.417,194,624,0.311,447,632,0.707,304,1101,362,216,105,464,584,69.6,94.7,0.374,0.369,0.515,48.4,51.3,10.0,8.9,0.474,18.9,28.4,0.264,NA,NA
Purdue,31,16,15,0.516,16.3,10.76,9,11,11,5,4,8,2114,1942,1270,676,1661,0.407,213,698,0.305,377,530,0.711,280,1015,401,161,116,419,510,64.7,94.5,0.319,0.42,0.508,47.0,59.3,7.8,9.7,0.471,18.0,27.2,0.227,NA,NA
Radford,32,21,11,0.656,-2.67,-5.71,15,3,11,4,9,6,2302,2115,1285,734,1749,0.42,257,789,0.326,390,579,0.674,290,1030,396,134,93,354,571,65.0,101.3,0.331,0.451,0.522,46.9,54.0,6.4,8.4,0.493,14.9,26.0,0.223,NA,NA
Rhode Island,30,21,9,0.7,9.25,4.78,13,5,12,3,8,5,2200,2066,1210,752,1799,0.418,201,677,0.297,361,512,0.705,321,1141,397,165,100,452,571,71.8,95.1,0.285,0.376,0.506,49.5,52.8,7.6,7.6,0.474,18.1,28.6,0.201,NA,NA
Robert Morris,34,20,14,0.588,-4.73,-6.33,13,5,12,3,7,11,2373,2280,1360,824,1842,0.447,216,671,0.322,416,573,0.726,322,1159,410,211,114,502,533,67.5,99.4,0.311,0.364,0.539,50.4,49.8,9.2,9.6,0.506,19.2,28.9,0.226,NA,NA
Rutgers,31,20,11,0.645,15.72,9.68,11,9,18,1,2,8,2168,1942,1250,681,1778,0.383,228,733,0.311,352,494,0.713,300,1062,374,167,114,402,531,67.7,91.8,0.278,0.412,0.482,46.0,54.9,7.9,8.8,0.447,16.6,25.4,0.198,NA,NA
Saint Joseph's,32,6,26,0.188,-5.54,4.93,2,16,4,10,2,12,2208,2543,1285,920,1976,0.466,244,657,0.371,459,633,0.725,324,1251,458,213,128,328,530,71.3,111.1,0.32,0.332,0.558,52.7,49.8,9.3,13.1,0.527,12.6,29.0,0.232,NA,NA
Saint Louis,31,23,8,0.742,9.41,3.07,12,6,15,3,6,4,2223,2020,1255,685,1710,0.401,218,675,0.323,432,619,0.698,276,1023,335,210,110,426,585,68.7,93.7,0.362,0.395,0.504,45.4,48.9,9.7,8.4,0.464,17.5,24.6,0.253,NA,NA
Saint Mary's (CA),34,26,8,0.765,12.27,5.24,11,5,14,3,6,3,2559,2276,1400,851,1882,0.452,204,603,0.338,370,517,0.716,254,1030,333,136,107,401,556,65.0,100.0,0.275,0.32,0.535,48.6,39.1,6.0,8.7,0.506,15.9,23.5,0.197,NA,NA
San Diego State,32,30,2,0.938,18.38,3.93,17,1,14,1,11,0,2395,1903,1280,659,1705,0.387,213,717,0.297,370,508,0.728,284,1015,352,175,61,452,559,66.1,90.0,0.298,0.421,0.489,47.5,53.4,8.3,5.8,0.449,18.8,25.6,0.217,NA,NA
Seton Hall,30,21,9,0.7,16.75,9.95,13,5,11,4,8,4,2241,2037,1200,717,1786,0.401,197,616,0.32,406,579,0.701,351,1099,348,192,92,414,538,71.0,95.7,0.324,0.345,0.494,49.7,48.5,9.0,8.8,0.457,16.7,30.4,0.227,NA,NA
South Carolina,31,18,13,0.581,10.27,6.43,10,8,12,5,6,6,2275,2156,1245,656,1669,0.393,197,665,0.296,647,886,0.73,315,1098,356,191,112,482,638,72.5,95.5,0.531,0.398,0.516,48.7,54.3,8.5,8.4,0.452,18.7,28.6,0.388,NA,NA
South Dakota State,32,22,10,0.688,2.29,-4.24,13,3,16,0,6,9,2493,2256,1295,840,1997,0.421,231,755,0.306,345,508,0.679,339,1082,369,211,102,357,590,69.8,99.8,0.254,0.378,0.504,46.9,43.9,9.3,8.6,0.478,13.8,26.9,0.173,NA,NA
Southern California,31,22,9,0.71,11.51,7.22,11,7,14,2,5,6,2179,2046,1255,723,1881,0.384,232,741,0.313,368,527,0.698,333,1088,369,245,91,398,575,70.0,93.2,0.28,0.394,0.48,47.7,51.0,11.2,7.5,0.446,15.7,27.9,0.196,NA,NA
Southern Methodist,30,19,11,0.633,7.97,3.5,9,9,15,2,4,9,2188,2054,1225,720,1723,0.418,255,741,0.344,359,486,0.739,309,973,429,212,90,377,514,66.0,101.7,0.282,0.43,0.526,47.0,59.6,10.5,9.2,0.492,16.2,29.0,0.208,NA,NA
Southern,32,17,15,0.531,-9.36,-9.49,13,5,11,1,5,14,2234,2147,1290,717,1647,0.435,168,532,0.316,545,801,0.68,255,994,308,186,108,461,592,69.5,95.8,0.486,0.323,0.529,47.2,43.0,8.3,8.3,0.486,18.5,25.0,0.331,NA,NA
St. Bonaventure,31,19,12,0.613,3.12,1.62,11,7,9,5,7,7,2143,2073,1250,716,1716,0.417,256,779,0.329,385,563,0.684,284,1032,436,169,93,373,488,66.3,100.1,0.328,0.454,0.523,47.7,60.9,8.2,7.8,0.492,15.8,26.2,0.224,NA,NA
St. John's (NY),32,17,15,0.531,10.71,7.68,5,13,13,6,1,8,2387,2290,1280,785,1892,0.415,253,799,0.317,467,685,0.682,379,1310,452,167,140,537,552,74.3,96.4,0.362,0.422,0.516,51.6,57.6,7.0,9.6,0.482,19.5,31.3,0.247,NA,NA
Stanford,32,20,12,0.625,13.35,6.38,9,9,14,4,4,6,2223,2000,1290,707,1765,0.401,195,659,0.296,391,561,0.697,316,1093,322,203,126,497,561,68.7,90.3,0.318,0.373,0.492,51.2,45.5,9.2,11.3,0.456,19.7,27.8,0.222,NA,NA
Stephen F. Austin,31,28,3,0.903,4.04,-6.89,19,1,16,1,12,2,2499,2077,1245,675,1594,0.423,210,613,0.343,517,713,0.725,273,930,356,237,109,669,675,74.8,89.3,0.447,0.385,0.537,44.5,52.7,10.2,8.3,0.489,25.7,26.6,0.324,NA,NA
Stony Brook,33,20,13,0.606,-2.41,-4.41,10,6,10,5,8,8,2283,2172,1330,764,1959,0.39,275,822,0.335,369,536,0.688,337,1175,438,205,92,436,565,69.9,93.4,0.274,0.42,0.491,48.2,57.3,8.8,8.5,0.46,16.5,26.9,0.188,NA,NA
Syracuse,32,18,14,0.563,12.32,7.26,10,10,11,7,6,5,2378,2216,1290,758,1868,0.406,288,895,0.322,412,564,0.73,385,1186,551,187,89,446,567,68.3,100.6,0.302,0.479,0.519,50.9,72.7,8.5,8.2,0.483,17.3,32.2,0.221,NA,NA
Temple,31,14,17,0.452,6.59,6.17,6,12,8,7,4,8,2117,2104,1255,737,1848,0.399,240,775,0.31,390,545,0.716,315,1182,421,200,131,410,525,70.6,94.9,0.295,0.419,0.499,50.3,57.1,9.0,10.9,0.464,16.3,26.7,0.211,NA,NA
Tennessee,31,17,14,0.548,11.18,8.3,9,9,11,6,4,7,2079,1990,1240,685,1704,0.402,195,590,0.331,425,602,0.706,327,1036,306,236,93,404,604,66.6,96.4,0.353,0.346,0.5,49.2,44.7,11.4,8.8,0.459,16.9,30.1,0.249,NA,NA
Texas A&M,30,16,14,0.533,4.93,6.96,10,8,11,6,5,4,1894,1955,1205,679,1659,0.409,273,834,0.327,324,432,0.75,325,1031,434,200,117,444,575,65.7,98.7,0.26,0.503,0.524,50.3,63.9,10.1,12.6,0.492,19.2,31.8,0.195,NA,NA
TCU,32,16,16,0.5,9.86,10.09,7,11,14,5,1,9,2093,2079,1295,758,1748,0.434,208,589,0.353,355,535,0.664,322,1079,473,205,128,451,493,65.7,97.8,0.306,0.337,0.519,49.1,62.4,9.6,12.6,0.493,18.4,29.8,0.203,NA,NA
Texas Southern,32,16,16,0.5,-10.37,-6.05,12,6,11,1,5,15,2335,2431,1295,858,1964,0.437,237,691,0.343,478,663,0.721,349,1179,455,245,131,478,676,74.6,100.6,0.338,0.352,0.533,49.4,53.0,10.1,9.5,0.497,17.3,29.7,0.243,NA,NA
Texas Tech,31,18,13,0.581,16.83,8.41,9,9,13,4,3,7,2230,1969,1260,683,1680,0.407,185,599,0.309,413,595,0.694,312,1035,301,195,100,497,589,68.2,91.6,0.354,0.357,0.502,50.0,44.1,9.1,9.1,0.462,20.2,29.3,0.246,NA,NA
Texas,31,19,12,0.613,10.47,9.6,9,9,11,6,6,5,1989,1962,1240,710,1676,0.424,152,472,0.322,390,591,0.66,332,1098,310,199,95,427,441,66.2,95.6,0.353,0.282,0.501,52.7,43.7,9.7,9.6,0.469,17.9,31.9,0.233,NA,NA
Troy,31,9,22,0.29,-9.01,-1.32,5,15,6,9,3,13,2131,2276,1250,787,1768,0.445,238,705,0.338,464,663,0.7,319,1171,442,210,113,452,552,70.8,102.8,0.375,0.399,0.546,50.8,56.2,9.5,10.7,0.512,17.8,29.5,0.262,NA,NA
Tulsa,31,21,10,0.677,7.92,3.59,13,5,15,2,6,7,2103,1969,1260,690,1735,0.398,239,800,0.299,350,491,0.713,311,1063,369,224,108,455,589,67.1,93.2,0.283,0.461,0.5,49.9,53.5,10.6,9.9,0.467,18.8,28.0,0.202,NA,NA
UCLA,31,19,12,0.613,9.83,8.23,12,6,13,4,5,5,2153,2079,1250,710,1656,0.429,235,627,0.375,424,583,0.727,260,961,337,178,94,403,577,66.5,100.1,0.352,0.379,0.538,45.8,47.5,8.6,8.1,0.5,17.3,25.3,0.256,NA,NA
Utah State,34,26,8,0.765,13.66,4.04,12,6,15,1,4,6,2600,2179,1375,778,1987,0.392,264,841,0.314,359,515,0.697,278,1063,379,227,108,420,654,68.9,92.0,0.259,0.423,0.488,43.4,48.7,9.6,8.8,0.458,15.8,21.4,0.181,NA,NA
Utah,31,16,15,0.516,8.47,7.86,7,11,12,2,1,10,2199,2180,1260,818,1857,0.44,231,656,0.352,313,428,0.731,298,1025,415,207,119,377,587,67.7,102.3,0.23,0.353,0.529,48.1,50.7,9.7,11.3,0.503,15.5,26.9,0.169,NA,NA
Valparaiso,35,19,16,0.543,1.44,1.17,9,9,11,2,4,10,2530,2494,1420,908,1998,0.454,251,694,0.362,427,618,0.691,323,1248,472,221,91,496,563,69.5,101.1,0.309,0.347,0.544,51.1,52.0,9.0,7.3,0.517,17.8,27.1,0.214,NA,NA
Vanderbilt,32,11,21,0.344,3.16,6.41,3,15,10,10,1,9,2295,2399,1290,846,1811,0.467,215,613,0.351,492,667,0.738,311,1156,429,181,129,443,646,70.0,106.2,0.368,0.338,0.564,52.8,50.7,8.0,13.0,0.527,17.2,29.4,0.272,NA,NA
Vermont,33,26,7,0.788,6.07,-4.84,14,2,13,3,12,3,2361,1963,1320,673,1773,0.38,232,732,0.317,385,541,0.712,268,1074,338,189,83,422,572,66.5,89.4,0.305,0.413,0.484,47.0,50.2,8.6,7.8,0.445,17.2,23.0,0.217,NA,NA
Villanova,31,24,7,0.774,16.84,10.03,13,5,12,3,9,3,2269,2058,1245,784,1822,0.43,188,579,0.325,302,430,0.702,271,1060,373,176,98,355,503,67.6,97.8,0.236,0.318,0.508,48.8,47.6,8.4,10.3,0.482,14.9,24.4,0.166,NA,NA
Virginia Commonwealth,31,18,13,0.581,9.66,4.08,8,10,14,4,4,7,2193,2020,1245,702,1661,0.423,195,578,0.337,421,596,0.706,315,1123,369,206,98,527,526,69.2,93.8,0.359,0.348,0.52,51.9,52.6,9.6,8.7,0.481,21.3,30.1,0.253,NA,NA
Virginia Tech,32,16,16,0.5,8.22,6.16,7,13,12,6,3,7,2194,2128,1310,771,1852,0.416,254,788,0.322,332,484,0.686,289,1190,411,132,102,382,447,66.1,98.2,0.261,0.425,0.511,52.3,53.3,6.1,10.4,0.485,15.5,25.5,0.179,NA,NA
Virginia,30,23,7,0.767,12.16,7.5,15,5,14,3,7,4,1711,1571,1215,573,1553,0.369,194,662,0.293,231,336,0.688,237,916,271,199,82,352,417,60.2,85.8,0.216,0.426,0.459,47.2,47.3,10.9,8.6,0.431,17.0,23.3,0.149,NA,NA
Wake Forest,31,13,18,0.419,6.69,8.14,6,14,9,5,1,11,2276,2321,1260,819,1869,0.438,220,660,0.333,463,658,0.704,300,1086,408,233,111,337,629,70.8,104.1,0.352,0.353,0.532,48.1,49.8,10.5,9.4,0.497,13.4,26.0,0.248,NA,NA
Washington,32,15,17,0.469,12.41,8.25,5,13,10,7,3,7,2259,2126,1290,732,1920,0.381,229,734,0.312,433,602,0.719,394,1142,442,217,66,438,599,70.2,93.9,0.314,0.382,0.482,50.3,60.4,9.6,6.1,0.441,16.6,31.8,0.226,NA,NA
Weber State,32,12,20,0.375,-8.32,-0.66,8,12,8,6,4,9,2225,2280,1290,867,1941,0.447,235,661,0.356,311,436,0.713,294,1107,455,196,82,375,525,68.7,102.9,0.225,0.341,0.531,52.0,52.5,8.8,7.1,0.507,14.9,27.1,0.16,NA,NA
West Virginia,31,21,10,0.677,18.51,10.64,9,9,14,2,4,8,2179,1935,1245,655,1677,0.391,181,629,0.288,444,621,0.715,299,1003,312,227,104,484,666,69.4,89.6,0.37,0.375,0.491,44.4,47.6,10.5,8.1,0.445,19.7,27.6,0.265,NA,NA
Western Michigan,32,13,19,0.406,-5.42,-0.25,6,12,10,5,3,12,2220,2306,1295,833,1923,0.433,238,720,0.331,402,584,0.688,336,1174,391,201,97,368,615,69.0,103.2,0.304,0.374,0.524,51.2,46.9,9.0,8.7,0.495,14.3,28.5,0.209,NA,NA
Wichita State,31,23,8,0.742,13.66,5.6,11,7,17,2,5,5,2227,1977,1250,669,1713,0.391,182,603,0.302,457,657,0.696,268,1072,314,193,124,443,575,70.7,89.5,0.384,0.352,0.488,46.8,46.9,8.7,10.8,0.444,17.9,24.1,0.267,NA,NA
Winthrop,34,24,10,0.706,1.16,-6.53,15,3,11,4,10,6,2765,2431,1375,833,1909,0.436,235,729,0.322,530,793,0.668,295,1127,421,219,111,497,693,72.6,97.4,0.415,0.382,0.532,44.8,50.5,8.8,9.3,0.498,17.9,23.9,0.278,NA,NA
Wisconsin,31,21,10,0.677,15.95,10.95,14,6,15,1,6,6,2082,1927,1245,717,1747,0.41,188,568,0.331,305,442,0.69,280,1070,342,154,92,339,518,64.4,96.1,0.253,0.325,0.492,50.4,47.7,7.7,9.6,0.464,14.8,25.9,0.175,NA,NA
Wofford,35,19,16,0.543,0.17,-1.5,8,10,10,5,6,10,2523,2399,1415,843,1915,0.44,276,827,0.334,437,610,0.716,272,1086,427,211,84,434,556,66.9,101.4,0.319,0.432,0.544,49.8,50.7,8.9,8.2,0.512,16.4,24.9,0.228,NA,NA
Wright State,32,25,7,0.781,2.46,-6.21,15,3,14,2,9,3,2580,2264,1295,842,2026,0.416,200,665,0.301,380,534,0.712,369,1187,339,201,93,455,647,73.1,95.6,0.264,0.328,0.497,48.1,40.3,8.5,7.0,0.465,16.6,29.3,0.188,NA,NA
Wyoming,33,9,24,0.273,-3.05,4.82,2,16,4,13,3,8,2070,2308,1335,795,1837,0.433,252,764,0.33,466,671,0.694,318,1265,399,198,84,424,580,67.6,102.4,0.365,0.416,0.535,56.5,50.2,8.8,9.0,0.501,16.4,28.2,0.254,NA,NA
Xavier,32,19,13,0.594,12.57,9.47,8,10,12,5,5,6,2261,2162,1305,776,1900,0.408,210,689,0.305,400,550,0.727,328,1127,385,225,108,420,575,69.1,95.8,0.289,0.363,0.5,47.6,49.6,10.0,8.7,0.464,16.3,27.6,0.211,NA,NA
Yale,30,23,7,0.767,6.63,-1.51,11,3,10,1,11,6,2289,1954,1240,704,1774,0.397,222,718,0.309,324,449,0.722,237,961,358,202,90,364,521,68.2,92.4,0.253,0.405,0.492,45.2,50.9,9.6,8.9,0.459,15.5,21.0,0.183,NA,NA
Air Force,32,12,20,0.375,-0.37,3.02,5,13,8,7,3,9,2338,2386,1280,839,1809,0.464,331,883,0.375,377,530,0.711,232,1040,462,200,88,366,605,68.9,108.2,0.293,0.488,0.579,50.0,55.1,9.1,8.6,0.555,15.1,22.4,0.208,NA,NA
Akron,31,24,7,0.774,7.15,-0.4,14,4,15,2,8,4,2348,2062,1240,754,1886,0.4,193,636,0.303,361,540,0.669,355,1137,318,187,85,410,618,70.6,94.2,0.286,0.337,0.481,49.3,42.2,8.5,8.6,0.451,16.1,29.1,0.191,NA,NA
Alabama A&M,30,8,22,0.267,-18.88,-8.85,5,13,6,5,2,16,1845,2146,1205,778,1705,0.456,193,595,0.324,397,600,0.662,275,1146,399,198,131,381,530,69.6,102.3,0.352,0.349,0.539,52.5,51.3,9.4,11.1,0.513,16.1,26.9,0.233,NA,NA
Alabama State,32,8,24,0.25,-16.15,-6.53,7,11,4,5,2,16,1965,2273,1280,812,1781,0.456,202,613,0.33,447,683,0.654,309,1160,408,238,115,459,624,70.8,100.3,0.383,0.344,0.54,52.9,50.2,10.5,10.7,0.513,17.9,29.6,0.251,NA,NA
Alcorn State,30,15,15,0.5,-14.64,-9.64,11,7,11,2,4,13,2251,2196,1210,795,1770,0.449,200,606,0.33,406,632,0.642,296,1058,420,222,89,413,509,72.6,100.0,0.357,0.342,0.53,48.7,52.8,10.1,8.1,0.506,16.6,27.4,0.229,NA,NA
Arkansas-Pine Bluff,30,4,26,0.133,-21.65,-6.41,3,15,2,8,2,18,1615,2049,1205,681,1577,0.432,182,589,0.309,505,744,0.679,291,981,387,289,76,425,523,67.6,100.6,0.472,0.373,0.531,51.1,56.8,14.2,7.2,0.49,18.0,30.2,0.32,NA,NA
Arkansas State,32,16,16,0.5,-2.92,-0.72,8,12,10,7,6,9,2262,2301,1290,787,1725,0.456,208,605,0.344,519,716,0.725,300,1082,437,193,67,449,668,68.5,104.2,0.415,0.351,0.557,50.7,55.5,8.7,5.7,0.517,17.9,28.9,0.301,NA,NA
Army,30,15,15,0.5,-9.1,-6.68,10,8,9,6,6,9,2128,2161,1210,801,1821,0.44,267,758,0.352,292,436,0.67,271,1073,411,189,101,356,442,69.7,102.5,0.239,0.416,0.533,51.4,51.3,9.0,9.2,0.513,14.9,25.0,0.16,NA,NA
Ball State,31,18,13,0.581,4.12,-1.65,11,7,11,4,5,7,2155,1938,1240,708,1766,0.401,182,593,0.307,340,496,0.685,275,1076,305,197,82,422,507,69.4,90.1,0.281,0.336,0.484,49.0,43.1,9.2,9.0,0.452,17.4,24.5,0.193,NA,NA
Bethune-Cookman,30,16,14,0.533,-10.16,-8.98,10,6,10,1,4,13,2239,2167,1215,767,1811,0.424,173,626,0.276,460,701,0.656,347,1151,385,215,91,471,582,75.0,95.2,0.387,0.346,0.505,49.5,50.2,9.4,7.2,0.471,18.0,29.7,0.254,NA,NA
Binghamton,29,10,19,0.345,-15.03,-4.62,4,12,7,7,3,12,2014,2221,1165,823,1810,0.455,232,692,0.335,343,525,0.653,330,1136,420,183,83,287,430,69.4,109.8,0.29,0.382,0.539,52.9,51.0,9.1,9.1,0.519,12.2,31.0,0.19,NA,NA
Boston College,32,13,19,0.406,1.82,7.86,7,13,8,10,4,8,2067,2260,1285,818,1845,0.443,229,686,0.334,395,552,0.716,335,1220,429,218,102,464,537,69.6,101.1,0.299,0.372,0.536,53.6,52.4,9.7,9.3,0.505,18.0,30.7,0.214,NA,NA
Boston University,34,21,13,0.618,-1.87,-5.3,12,6,12,3,9,8,2410,2269,1375,850,1946,0.437,225,690,0.326,344,512,0.672,288,1130,387,219,92,395,543,66.8,98.8,0.263,0.355,0.518,47.9,45.5,9.5,7.0,0.495,15.3,24.6,0.177,NA,NA
Bowling Green State,31,21,10,0.677,0.47,0.2,12,6,13,2,5,5,2310,2259,1250,797,1898,0.42,239,726,0.329,426,621,0.686,314,1183,318,177,96,367,531,71.6,100.9,0.327,0.383,0.515,48.9,39.9,7.9,7.7,0.483,14.3,26.1,0.224,NA,NA
Brown,27,15,12,0.556,-4.45,-1.72,8,6,10,4,5,8,1809,1854,1080,671,1560,0.43,187,568,0.329,325,451,0.721,252,948,323,211,110,377,524,70.2,97.8,0.289,0.364,0.522,47.9,48.1,11.1,11.3,0.49,17.5,26.4,0.208,NA,NA
Bryant,32,15,17,0.469,-6.7,-6.67,7,11,9,5,6,12,2271,2223,1285,803,1942,0.413,219,706,0.31,398,586,0.679,348,1190,404,210,110,386,537,70.7,97.9,0.302,0.364,0.501,48.0,50.3,9.3,10.0,0.47,14.8,27.9,0.205,NA,NA
Cal State Northridge,32,15,17,0.469,-6.37,-0.97,10,6,10,4,5,12,2435,2528,1280,908,1960,0.463,305,796,0.383,407,569,0.715,352,1189,491,162,101,406,583,71.4,110.7,0.29,0.406,0.567,52.7,54.1,7.1,7.9,0.541,15.4,31.2,0.208,NA,NA
California Baptist,31,21,10,0.677,-1.99,-6.66,10,6,15,5,6,5,2465,2170,1255,794,1900,0.418,189,625,0.302,393,576,0.682,296,1048,385,189,105,335,604,70.5,98.1,0.303,0.329,0.499,45.2,48.5,8.5,9.9,0.468,13.4,24.5,0.207,NA,NA
UC Riverside,32,17,15,0.531,-3.63,-4.18,7,9,11,5,6,10,2059,1939,1285,692,1712,0.404,198,563,0.352,357,521,0.685,233,968,343,178,85,346,503,64.4,93.7,0.304,0.329,0.495,45.8,49.6,8.6,8.6,0.462,15.0,21.2,0.209,NA,NA
Campbell,31,15,16,0.484,-8.51,-8.1,6,12,8,5,6,10,2130,2065,1245,722,1641,0.44,170,551,0.309,451,642,0.702,284,1044,312,200,65,429,463,67.2,98.8,0.391,0.336,0.531,52.4,43.2,9.6,6.5,0.492,18.1,28.0,0.275,NA,NA
Canisius,32,12,20,0.375,-7.6,-5.44,7,13,7,6,4,12,2196,2265,1280,801,1762,0.455,220,633,0.348,443,628,0.705,309,1117,379,216,90,491,567,70.3,100.7,0.356,0.359,0.55,51.1,47.3,9.6,7.4,0.517,19.2,29.4,0.251,NA,NA
Central Arkansas,31,10,21,0.323,-11.26,-2.7,9,11,8,4,2,16,2316,2553,1270,892,1989,0.448,275,740,0.372,494,690,0.716,341,1171,479,291,99,432,656,75.9,105.9,0.347,0.372,0.551,49.7,53.7,12.1,9.0,0.518,15.7,28.5,0.248,NA,NA
Central Connecticut State,31,4,27,0.129,-20.33,-4.63,3,15,4,9,0,16,1959,2396,1240,852,1854,0.46,270,734,0.368,422,607,0.695,355,1220,473,226,131,404,503,70.7,109.3,0.327,0.396,0.559,55.2,55.5,10.3,10.8,0.532,15.9,32.8,0.228,NA,NA
Central Michigan,32,14,18,0.438,-3.4,-0.26,7,11,12,4,2,14,2506,2454,1285,893,1931,0.462,288,761,0.378,380,534,0.712,308,1209,451,204,109,527,619,75.0,101.8,0.277,0.394,0.562,51.2,50.5,8.5,8.6,0.537,19.4,27.7,0.197,NA,NA
Charleston Southern,32,14,18,0.438,-13.14,-6.98,7,11,9,6,5,11,2203,2304,1295,849,1846,0.46,228,680,0.335,378,539,0.701,312,1194,452,220,86,420,504,68.6,103.7,0.292,0.368,0.548,53.7,53.2,9.9,8.1,0.522,16.7,28.9,0.205,NA,NA
Charlotte,29,16,13,0.552,0.46,-1.09,10,8,13,2,3,11,1922,1877,1175,692,1570,0.441,200,626,0.319,293,433,0.677,219,908,347,201,100,398,485,66.6,95.9,0.276,0.399,0.529,50.1,50.1,10.3,10.7,0.504,18.3,23.4,0.187,NA,NA
Chicago State,29,4,25,0.138,-28.2,-2.85,0,14,3,11,1,12,1781,2372,1160,805,1674,0.481,264,665,0.397,498,673,0.74,292,1001,486,243,57,341,544,70.3,116.4,0.402,0.397,0.595,54.1,60.4,11.9,6.1,0.56,14.6,31.3,0.297,NA,NA
The Citadel,30,6,24,0.2,-13.82,-1.0,0,18,3,11,3,12,2244,2433,1215,886,1948,0.455,286,838,0.341,375,534,0.702,321,1155,460,230,80,418,520,75.6,105.9,0.274,0.43,0.553,53.1,51.9,10.0,8.3,0.528,16.0,29.3,0.193,NA,NA
Colorado State,32,20,12,0.625,6.7,3.96,11,7,12,4,5,6,2417,2307,1300,848,1915,0.443,279,815,0.342,332,458,0.725,268,1055,432,201,81,404,613,69.7,101.9,0.239,0.426,0.541,48.0,50.9,8.9,7.4,0.516,15.9,23.8,0.173,NA,NA
Columbia,30,6,24,0.2,-10.19,-2.5,1,13,5,7,0,16,1988,2181,1215,820,1818,0.451,236,711,0.332,305,452,0.675,268,1158,402,169,119,343,445,69.6,103.1,0.249,0.391,0.536,52.9,49.0,8.0,10.4,0.516,14.4,25.0,0.168,NA,NA
Coppin State,31,11,20,0.355,-14.36,-8.27,7,9,5,5,6,15,2109,2298,1250,815,1952,0.418,265,794,0.334,403,590,0.683,359,1309,473,210,85,458,525,74.4,98.9,0.302,0.407,0.515,52.6,58.0,9.0,8.6,0.485,17.0,28.7,0.206,NA,NA
Cornell,27,7,20,0.259,-8.37,-1.85,4,10,6,6,1,14,1818,1912,1095,682,1521,0.448,210,599,0.351,338,473,0.715,262,947,373,153,95,340,411,66.2,105.5,0.311,0.394,0.548,52.2,54.7,8.4,10.3,0.517,16.3,29.0,0.222,NA,NA
Dartmouth,29,12,17,0.414,-4.17,-3.2,5,9,6,6,5,10,1894,1872,1170,675,1621,0.416,226,700,0.323,296,465,0.637,216,965,338,173,72,323,449,66.6,96.1,0.287,0.432,0.508,48.7,50.1,8.9,7.6,0.486,14.9,20.8,0.183,NA,NA
Delaware State,32,6,26,0.188,-20.87,-9.54,4,12,3,11,2,13,2350,2655,1290,898,1925,0.466,272,781,0.348,587,825,0.712,341,1274,501,254,107,472,588,76.3,108.0,0.429,0.406,0.573,52.7,55.8,10.3,8.8,0.537,16.9,29.7,0.305,NA,NA
Denver,31,7,24,0.226,-10.06,-1.99,3,13,6,8,0,14,2135,2360,1250,799,1787,0.447,250,776,0.322,512,677,0.756,269,1112,388,193,80,395,590,71.6,105.5,0.379,0.434,0.56,51.7,48.6,8.6,6.5,0.517,15.8,24.8,0.287,NA,NA
DePaul,32,16,16,0.5,7.63,8.95,3,15,11,7,4,9,2262,2274,1290,766,1848,0.415,260,773,0.336,482,651,0.74,348,1179,444,256,116,512,577,71.7,98.3,0.352,0.418,0.527,49.7,58.0,11.1,8.7,0.485,19.2,29.8,0.261,NA,NA
Detroit Mercy,31,8,23,0.258,-9.87,-1.9,6,12,5,8,2,14,2175,2422,1245,862,1876,0.459,267,736,0.363,431,596,0.723,332,1142,536,197,108,374,557,70.6,110.2,0.318,0.392,0.561,50.5,62.2,9.0,10.4,0.531,14.8,30.5,0.23,NA,NA
Duquesne,30,21,9,0.7,6.77,1.67,11,7,10,4,6,3,2146,1993,1215,734,1728,0.425,192,637,0.301,333,505,0.659,319,1046,389,189,90,414,531,67.8,96.8,0.292,0.369,0.506,50.2,53.0,9.2,9.2,0.48,17.4,30.2,0.193,NA,NA
East Carolina,31,11,20,0.355,-2.27,1.82,5,13,9,7,1,11,2111,2238,1250,755,1762,0.428,254,753,0.337,474,708,0.669,289,1080,427,216,98,413,587,70.7,101.3,0.402,0.427,0.533,49.7,56.6,9.8,8.3,0.501,16.4,26.6,0.269,NA,NA
Eastern Illinois,32,17,15,0.531,-5.08,-7.41,9,9,10,2,5,11,2377,2214,1290,777,1835,0.423,213,607,0.351,447,610,0.733,321,1149,395,192,93,490,551,70.9,96.9,0.332,0.331,0.521,49.6,50.8,8.4,7.1,0.481,18.7,28.0,0.244,NA,NA
Eastern Michigan,32,16,16,0.5,-3.12,0.95,6,12,11,4,3,12,2078,2050,1280,710,1728,0.411,281,819,0.343,349,509,0.686,337,1148,455,204,82,537,601,68.1,94.1,0.295,0.474,0.52,51.4,64.1,9.4,7.7,0.492,21.4,30.4,0.202,NA,NA
Elon,34,13,21,0.382,-7.81,-2.03,7,11,8,8,3,12,2337,2438,1365,804,1820,0.442,272,753,0.361,558,747,0.747,273,1190,424,201,100,403,589,67.3,106.2,0.41,0.414,0.561,51.8,52.7,8.8,10.2,0.516,15.6,24.8,0.307,NA,NA
Evansville,32,9,23,0.281,-7.04,0.61,0,18,5,10,3,10,2149,2368,1310,865,1834,0.472,192,541,0.355,446,597,0.747,270,1152,358,177,80,377,591,67.9,106.5,0.326,0.295,0.559,53.4,41.4,8.0,7.9,0.524,15.1,25.7,0.243,NA,NA
Fairfield,32,12,20,0.375,-9.65,-4.81,8,12,5,8,6,9,1857,2012,1300,709,1692,0.419,218,622,0.35,376,526,0.715,273,1030,365,195,98,399,583,63.6,97.3,0.311,0.368,0.518,48.4,51.5,9.4,8.3,0.483,17.0,26.1,0.222,NA,NA
Florida A&M,27,12,15,0.444,-12.17,-6.24,10,6,8,0,4,13,1824,1984,1105,699,1515,0.461,163,533,0.306,423,624,0.678,288,999,343,206,100,422,546,70.8,101.5,0.412,0.352,0.548,51.4,49.1,10.5,8.3,0.515,18.9,31.7,0.279,NA,NA
Florida Atlantic,32,17,15,0.531,-1.66,-1.25,8,10,14,3,2,12,2275,2222,1295,806,1832,0.44,236,696,0.339,374,533,0.702,283,1122,376,209,73,485,526,70.2,97.7,0.291,0.38,0.533,49.0,46.7,9.2,6.5,0.504,18.9,25.5,0.204,NA,NA
Florida International,32,19,13,0.594,0.9,-1.0,9,9,11,3,6,9,2455,2319,1285,837,1981,0.423,204,709,0.288,441,600,0.735,416,1244,409,248,94,522,520,73.9,97.7,0.303,0.358,0.512,52.2,48.9,10.4,8.2,0.474,18.7,34.4,0.223,NA,NA
Fordham,31,9,22,0.29,-3.58,-0.45,2,16,6,12,1,8,1816,1913,1255,655,1635,0.401,233,770,0.303,370,542,0.683,279,1150,403,211,82,430,499,65.2,93.5,0.331,0.471,0.505,53.0,61.5,10.3,8.4,0.472,18.5,26.2,0.226,NA,NA
Furman,32,25,7,0.781,6.79,-1.55,15,3,14,1,10,5,2457,2123,1290,784,1795,0.437,229,742,0.309,326,455,0.716,301,1105,430,201,86,517,510,69.3,95.0,0.253,0.413,0.528,52.2,54.8,9.0,8.6,0.501,20.4,28.3,0.182,NA,NA
George Mason,32,17,15,0.531,0.86,1.48,5,13,10,7,3,8,2148,2168,1285,791,1816,0.436,218,692,0.315,368,555,0.663,313,1080,395,209,117,408,588,67.4,100.1,0.306,0.381,0.521,47.5,49.9,9.7,9.9,0.496,16.4,27.8,0.203,NA,NA
Georgia Southern,33,20,13,0.606,1.69,-0.83,12,8,11,4,8,8,2494,2332,1320,861,1983,0.434,222,732,0.303,388,546,0.711,349,1246,431,194,77,522,631,73.3,96.4,0.275,0.369,0.52,51.5,50.1,8.0,6.5,0.49,18.9,29.1,0.196,NA,NA
Grambling,32,17,15,0.531,-12.39,-9.79,11,7,11,2,6,12,2280,2188,1280,754,1834,0.411,233,708,0.329,447,656,0.681,311,1062,442,213,94,477,603,71.8,95.2,0.358,0.386,0.51,48.1,58.6,9.3,7.1,0.475,18.2,27.6,0.244,NA,NA
High Point,32,9,23,0.281,-16.31,-5.34,6,12,6,9,3,14,2110,2396,1290,822,1779,0.462,320,823,0.389,432,635,0.68,294,1051,498,222,114,395,608,67.7,109.8,0.357,0.463,0.576,48.7,60.6,10.2,10.1,0.552,16.0,28.2,0.243,NA,NA
Hofstra,34,26,8,0.765,3.06,-3.85,14,4,10,4,11,4,2596,2326,1360,898,2019,0.445,224,735,0.305,306,424,0.722,341,1149,492,199,85,464,622,68.9,99.3,0.21,0.364,0.524,49.2,54.8,8.5,6.9,0.5,17.3,29.1,0.152,NA,NA
Houston Christian,29,4,25,0.138,-17.41,-3.62,4,16,2,9,2,15,2323,2723,1165,981,1898,0.517,245,638,0.384,516,697,0.74,328,1070,555,249,133,381,575,78.0,120.0,0.367,0.336,0.611,50.6,56.6,11.0,11.0,0.581,14.6,32.1,0.272,NA,NA
Howard,33,4,29,0.121,-21.88,-7.98,1,15,2,13,1,14,2306,2682,1335,963,2057,0.468,265,760,0.349,491,719,0.683,442,1332,593,206,84,455,585,71.9,111.7,0.35,0.369,0.559,55.0,61.6,8.6,7.0,0.533,15.9,36.5,0.239,NA,NA
Idaho State,30,8,22,0.267,-8.62,-1.62,4,16,4,9,3,13,2093,2198,1215,850,1760,0.483,155,481,0.322,343,454,0.756,259,961,352,180,96,340,560,67.7,107.0,0.258,0.273,0.556,49.4,41.4,8.8,8.6,0.527,14.7,27.2,0.195,NA,NA
Idaho,32,8,24,0.25,-12.07,-2.1,4,16,5,10,2,12,2086,2329,1285,859,1903,0.451,243,739,0.329,368,535,0.688,289,1096,453,223,94,357,534,69.3,104.7,0.281,0.388,0.54,50.3,52.7,10.0,7.1,0.515,14.2,26.0,0.193,NA,NA
Illinois-Chicago,35,18,17,0.514,-3.74,-3.8,10,8,11,7,5,9,2412,2407,1405,834,2062,0.404,232,799,0.29,507,757,0.67,382,1243,471,237,97,436,581,70.5,97.2,0.367,0.387,0.497,48.7,56.5,9.6,7.8,0.461,15.3,28.1,0.246,NA,NA
Illinois State,31,10,21,0.323,-2.7,1.97,5,13,9,6,1,11,2050,2171,1245,775,1744,0.444,231,685,0.337,390,539,0.724,284,1084,413,206,83,417,477,68.4,102.0,0.309,0.393,0.543,51.1,53.3,9.7,8.1,0.511,17.3,27.2,0.224,NA,NA
Incarnate Word,31,9,22,0.29,-18.57,-6.85,6,14,7,9,2,13,2050,2292,1260,812,1783,0.455,214,624,0.343,454,602,0.754,338,1121,476,206,113,448,528,69.2,105.1,0.338,0.35,0.554,52.9,58.6,9.4,10.1,0.515,17.8,32.5,0.255,NA,NA
Indiana State,30,18,12,0.6,3.22,1.81,11,7,12,1,4,8,2052,2004,1205,723,1618,0.447,190,595,0.319,368,527,0.698,248,987,377,153,82,382,543,66.2,100.5,0.326,0.368,0.536,50.8,52.1,7.7,7.7,0.506,17.0,25.4,0.227,NA,NA
Purdue-Fort Wayne,33,14,19,0.424,-7.87,-3.2,6,10,10,5,3,13,2261,2320,1320,836,1856,0.45,269,780,0.345,379,532,0.712,251,1104,449,206,98,435,502,69.5,101.2,0.287,0.42,0.55,48.7,53.7,9.0,9.1,0.523,17.1,23.3,0.204,NA,NA
IUPUI,32,7,25,0.219,-14.89,-3.39,3,15,4,9,3,14,2256,2564,1290,933,2013,0.463,287,781,0.367,411,570,0.721,372,1248,512,228,125,406,567,71.9,110.6,0.283,0.388,0.561,52.3,54.9,9.8,10.5,0.535,15.1,32.4,0.204,NA,NA
Jackson State,32,15,17,0.469,-10.91,-8.61,11,7,9,3,6,14,2153,2157,1280,731,1701,0.43,186,554,0.336,509,719,0.708,288,1126,373,186,101,520,563,71.1,94.8,0.423,0.326,0.528,52.1,51.0,8.2,7.7,0.484,20.3,28.1,0.299,NA,NA
Jacksonville,32,14,18,0.438,-6.5,-5.63,7,9,6,7,7,9,2139,2133,1295,766,1894,0.404,221,736,0.3,380,533,0.713,306,1100,340,214,101,344,508,67.6,97.4,0.281,0.389,0.497,47.5,44.4,9.8,8.6,0.463,13.8,25.6,0.201,NA,NA
James Madison,30,9,21,0.3,-9.23,-2.78,2,16,6,9,3,11,2157,2296,1200,820,1850,0.443,272,774,0.351,384,528,0.727,290,1142,430,174,102,350,536,72.1,106.1,0.285,0.418,0.546,50.3,52.4,8.0,9.6,0.517,14.3,26.0,0.208,NA,NA
Kennesaw State,29,1,28,0.034,-22.6,-2.63,0,16,1,10,0,16,1602,2181,1160,806,1670,0.483,234,630,0.371,335,508,0.659,295,1099,419,185,116,365,507,68.1,110.4,0.304,0.377,0.571,54.1,52.0,9.4,10.6,0.553,16.0,31.2,0.201,NA,NA
La Salle,30,15,15,0.5,-0.23,1.71,6,12,8,7,4,8,2040,2098,1215,716,1670,0.429,187,623,0.3,479,669,0.716,291,1067,394,247,119,427,533,69.8,99.0,0.401,0.373,0.528,50.4,55.0,11.7,11.9,0.485,17.7,28.3,0.287,NA,NA
Lamar,32,17,15,0.531,-7.24,-6.45,10,10,10,5,6,10,2312,2227,1290,818,1893,0.432,240,706,0.34,351,504,0.696,372,1182,443,224,112,546,593,71.7,96.2,0.266,0.373,0.522,50.9,54.2,9.7,8.4,0.496,20.4,32.3,0.185,NA,NA
Lehigh,32,11,21,0.344,-10.93,-3.9,7,11,8,6,3,15,2184,2339,1290,825,1869,0.441,260,789,0.33,429,599,0.716,291,1081,460,221,110,385,494,69.5,104.4,0.32,0.422,0.543,49.3,55.8,9.9,8.4,0.511,15.2,26.0,0.23,NA,NA
Long Beach State,32,11,21,0.344,-8.72,1.08,6,10,8,6,2,13,2157,2404,1290,859,1943,0.442,276,790,0.349,410,577,0.711,359,1184,499,256,83,462,589,71.8,103.8,0.297,0.407,0.542,52.0,58.1,11.1,6.6,0.513,17.2,30.7,0.211,NA,NA
Longwood,32,14,18,0.438,-12.45,-9.31,9,9,8,6,6,11,2148,2195,1300,760,1765,0.431,264,760,0.347,411,605,0.679,275,1157,437,194,107,449,583,68.5,98.6,0.343,0.431,0.535,51.3,57.5,8.7,11.6,0.505,18.0,25.0,0.233,NA,NA
Louisiana-Monroe,29,9,20,0.31,-6.5,-0.16,5,15,7,8,2,12,1831,1956,1165,685,1639,0.418,196,622,0.315,390,550,0.709,305,1009,359,175,75,333,489,66.2,101.4,0.336,0.379,0.515,50.8,52.4,9.1,7.4,0.478,14.9,29.8,0.238,NA,NA
Louisiana Tech,30,22,8,0.733,7.06,-1.48,13,5,15,1,7,7,2235,1910,1210,667,1676,0.398,208,667,0.312,368,524,0.702,305,1027,332,150,93,444,489,68.2,92.5,0.313,0.398,0.496,48.1,49.8,7.3,8.8,0.46,18.7,27.7,0.22,NA,NA
Loyola Marymount,32,11,21,0.344,-1.09,3.88,4,12,7,9,2,9,2057,2168,1285,729,1660,0.439,246,753,0.327,464,630,0.737,273,939,428,215,109,393,576,64.7,104.3,0.38,0.454,0.553,49.4,58.7,10.3,10.3,0.513,16.7,27.8,0.28,NA,NA
Loyola (MD),32,15,17,0.469,-9.59,-7.23,7,11,9,4,5,13,2348,2394,1290,849,1932,0.439,248,763,0.325,448,619,0.724,337,1141,475,215,101,412,643,71.3,104.2,0.32,0.395,0.538,50.8,55.9,9.4,9.0,0.504,15.6,29.1,0.232,NA,NA
Maine,31,9,22,0.29,-11.88,-3.71,5,11,5,7,3,15,1904,2109,1250,725,1708,0.424,245,768,0.319,414,549,0.754,290,1044,394,235,73,385,476,66.2,102.0,0.321,0.45,0.536,49.6,54.3,11.4,7.6,0.496,16.4,27.6,0.242,NA,NA
Marist,30,7,23,0.233,-12.22,-7.08,6,14,4,10,3,12,1816,1970,1225,650,1551,0.419,228,666,0.342,442,607,0.728,247,1039,376,196,69,412,506,65.5,98.2,0.391,0.429,0.536,50.7,57.8,9.8,7.0,0.493,18.3,25.2,0.285,NA,NA
Maryland-Eastern Shore,32,5,27,0.156,-22.03,-6.45,4,12,4,6,1,20,1841,2278,1290,796,1790,0.445,232,688,0.337,454,657,0.691,334,1276,432,235,116,482,478,69.6,101.5,0.367,0.384,0.542,53.8,54.3,10.5,10.3,0.509,18.7,30.5,0.254,NA,NA
Massachusetts-Lowell,32,13,19,0.406,-8.19,-5.35,7,9,8,9,5,10,2388,2433,1295,902,1947,0.463,237,702,0.338,392,549,0.714,331,1123,440,215,104,430,626,70.9,106.0,0.282,0.361,0.551,50.8,48.8,9.4,8.9,0.524,16.3,29.6,0.201,NA,NA
McNeese State,32,15,17,0.469,-9.11,-6.93,10,10,10,5,5,11,2540,2390,1290,855,1984,0.431,277,778,0.356,403,545,0.739,360,1053,457,249,95,433,578,71.8,103.2,0.275,0.392,0.533,47.7,53.5,10.8,8.2,0.501,16.2,30.2,0.203,NA,NA
Merrimack,31,20,11,0.645,-6.93,-6.53,14,4,10,2,9,8,1948,1866,1255,655,1553,0.422,146,484,0.302,408,575,0.71,334,1140,380,157,109,539,464,64.4,92.4,0.37,0.312,0.511,56.2,58.0,7.8,11.4,0.469,22.8,34.0,0.263,NA,NA
Miami (OH),32,13,19,0.406,-4.17,-0.57,5,13,10,6,2,11,2269,2275,1280,793,1819,0.436,250,710,0.352,439,645,0.681,319,1187,363,173,103,398,549,69.2,102.8,0.355,0.39,0.535,51.2,45.8,7.8,9.1,0.505,15.8,27.9,0.241,NA,NA
Mississippi Valley State,30,3,27,0.1,-29.08,-7.68,3,15,1,8,2,19,2048,2690,1205,975,2028,0.481,239,701,0.341,501,732,0.684,412,1434,579,213,92,419,449,78.9,113.1,0.361,0.346,0.566,57.8,59.4,9.0,7.7,0.54,15.0,35.9,0.247,NA,NA
Kansas City,30,16,14,0.533,-6.07,-3.62,8,7,9,4,5,8,2094,1976,1225,649,1516,0.428,152,511,0.297,526,695,0.757,265,1006,323,174,127,455,486,66.7,96.8,0.458,0.337,0.535,51.8,49.8,8.5,11.7,0.478,19.8,28.2,0.347,NA,NA
Missouri State,33,16,17,0.485,3.5,0.71,9,9,11,4,3,10,2330,2238,1325,785,1822,0.431,238,705,0.338,430,604,0.712,254,1021,368,204,98,413,550,68.6,98.5,0.332,0.387,0.531,45.4,46.9,9.0,7.7,0.496,16.4,22.7,0.236,NA,NA
Monmouth,31,18,13,0.581,-4.51,-5.19,12,8,11,2,6,10,2209,2188,1245,724,1702,0.425,237,689,0.344,503,710,0.708,307,1187,371,187,104,504,606,72.1,97.5,0.417,0.405,0.536,52.9,51.2,8.3,9.0,0.495,19.8,28.9,0.296,NA,NA
Montana State,31,16,15,0.516,-5.01,-2.29,10,10,9,5,5,10,2066,2076,1240,738,1787,0.413,231,731,0.316,369,529,0.698,280,1036,376,201,106,350,570,68.2,98.2,0.296,0.409,0.509,49.1,50.9,9.5,9.7,0.478,14.7,24.8,0.206,NA,NA
Morgan State,31,15,16,0.484,-12.82,-9.18,9,7,8,6,7,7,2182,2197,1255,698,1716,0.407,205,666,0.308,596,849,0.702,332,1082,350,212,106,444,604,71.4,98.1,0.495,0.388,0.518,47.0,50.1,9.5,8.5,0.466,17.3,28.9,0.347,NA,NA
Navy,30,14,16,0.467,-7.36,-5.74,8,10,10,5,4,11,1908,1924,1220,692,1591,0.435,221,652,0.339,319,470,0.679,244,949,390,177,125,346,505,62.6,100.8,0.295,0.41,0.53,46.7,56.4,9.3,12.5,0.504,16.0,25.2,0.201,NA,NA
Omaha,32,16,16,0.5,-5.09,-0.96,9,7,12,2,4,12,2352,2461,1300,883,1965,0.449,279,783,0.356,416,565,0.736,310,1155,473,179,104,372,517,70.7,107.0,0.288,0.398,0.551,49.9,53.6,7.8,7.5,0.52,14.3,26.9,0.212,NA,NA
Nevada-Las Vegas,32,17,15,0.531,6.79,4.76,12,6,12,6,5,7,2307,2242,1315,738,1755,0.421,252,752,0.335,514,713,0.721,271,1041,440,200,108,385,588,67.2,101.5,0.406,0.428,0.535,45.3,59.6,9.1,9.6,0.492,15.5,24.0,0.293,NA,NA
New Hampshire,30,15,15,0.5,-7.6,-6.28,8,8,10,3,5,12,2071,1990,1215,677,1694,0.4,200,646,0.31,436,634,0.688,231,1053,275,186,87,360,518,69.7,94.0,0.374,0.381,0.499,46.0,40.6,8.8,8.1,0.459,15.3,20.6,0.257,NA,NA
Niagara,32,12,20,0.375,-11.02,-4.33,9,11,9,3,2,17,2102,2316,1290,842,1851,0.455,270,759,0.356,362,511,0.708,386,1268,523,152,110,444,491,66.5,107.9,0.276,0.41,0.553,58.9,62.1,7.1,9.7,0.528,17.5,35.8,0.196,NA,NA
Nicholls State,31,21,10,0.677,-3.87,-6.02,15,5,13,1,7,8,2388,2144,1250,742,1715,0.433,177,576,0.307,484,670,0.722,336,1125,405,199,83,575,510,73.0,94.0,0.391,0.336,0.527,51.1,54.6,8.7,6.7,0.484,22.0,31.6,0.282,NA,NA
NJIT,30,9,21,0.3,-10.14,-4.83,6,10,5,7,4,14,1904,2030,1200,722,1642,0.44,197,580,0.34,389,537,0.724,260,1078,374,157,108,370,491,67.0,101.0,0.327,0.353,0.535,52.0,51.8,7.8,9.5,0.5,16.3,26.5,0.237,NA,NA
North Alabama,30,13,17,0.433,-9.0,-5.82,8,8,9,4,4,13,2062,2092,1205,725,1657,0.438,188,559,0.336,454,650,0.698,277,1033,317,168,112,420,566,70.0,99.2,0.392,0.337,0.532,49.0,43.7,8.0,10.6,0.494,17.6,26.4,0.274,NA,NA
North Carolina A&T,32,17,15,0.531,-9.66,-7.86,12,4,11,1,4,12,2311,2305,1290,795,1909,0.416,212,737,0.288,503,792,0.635,377,1275,418,213,105,526,647,75.2,95.0,0.415,0.386,0.504,50.8,52.6,8.8,8.0,0.472,18.7,30.2,0.263,NA,NA
Northern Arizona,30,16,14,0.533,-4.65,-2.4,10,10,9,5,6,8,2128,2081,1205,764,1674,0.456,219,616,0.356,334,457,0.731,244,994,395,159,77,389,501,67.7,102.1,0.273,0.368,0.55,49.3,51.7,7.8,6.8,0.522,17.1,24.9,0.2,NA,NA
Northern Colorado,31,22,9,0.71,5.72,-2.8,15,5,11,3,9,5,2303,1945,1250,767,1736,0.442,113,404,0.28,298,429,0.695,233,998,252,143,89,348,470,65.9,94.4,0.247,0.233,0.501,48.6,32.9,6.9,9.2,0.474,15.2,22.7,0.172,NA,NA
Northern Illinois,31,18,13,0.581,-1.33,-2.16,11,7,11,4,7,9,2071,1998,1245,691,1719,0.402,229,750,0.305,387,535,0.723,268,1064,357,152,99,358,511,66.2,96.9,0.311,0.436,0.506,47.1,51.7,7.4,8.6,0.469,15.4,24.3,0.225,NA,NA
Northwestern State,30,15,15,0.5,-10.0,-7.07,11,9,9,5,5,10,2265,2270,1205,773,1891,0.409,229,670,0.342,495,696,0.711,388,1134,418,248,77,411,555,74.5,101.2,0.368,0.354,0.511,49.3,54.1,11.1,6.7,0.469,15.6,31.8,0.262,NA,NA
Oakland,33,14,19,0.424,-5.92,-3.1,8,10,8,5,4,12,2239,2301,1340,838,1984,0.422,283,861,0.329,342,509,0.672,369,1194,482,218,94,404,649,67.5,101.7,0.257,0.434,0.517,50.0,57.5,9.6,8.3,0.494,15.4,30.1,0.172,NA,NA
Pacific,33,23,10,0.697,3.81,0.19,11,5,15,3,7,5,2300,2128,1355,711,1710,0.416,209,617,0.339,497,704,0.706,209,924,294,175,83,405,610,65.9,95.4,0.412,0.361,0.52,43.7,41.4,7.8,6.2,0.477,16.5,20.1,0.291,NA,NA
Penn State,31,21,10,0.677,16.12,9.25,11,9,14,3,5,6,2327,2114,1240,758,1846,0.411,197,604,0.326,401,587,0.683,323,1164,374,169,100,411,558,71.4,95.5,0.318,0.327,0.497,49.2,49.3,7.6,8.6,0.464,16.2,27.5,0.217,NA,NA
Pepperdine,32,16,16,0.5,2.82,3.6,8,8,9,5,6,7,2441,2466,1305,867,1891,0.458,263,690,0.381,469,656,0.715,307,1152,499,211,85,442,630,71.6,105.6,0.347,0.365,0.56,51.1,57.6,9.0,7.0,0.528,16.7,27.9,0.248,NA,NA
Portland State,32,18,14,0.563,-1.5,-2.43,12,8,11,3,6,11,2518,2412,1280,897,1910,0.47,196,583,0.336,422,587,0.719,365,1139,498,183,112,489,558,72.5,103.9,0.307,0.305,0.551,49.3,55.5,7.9,7.8,0.521,18.3,33.6,0.221,NA,NA
Portland,32,9,23,0.281,-6.53,1.97,1,15,7,9,2,9,2126,2309,1290,834,1921,0.434,264,781,0.338,377,570,0.661,344,1211,498,230,83,427,595,70.5,101.5,0.297,0.407,0.527,54.3,59.7,10.1,7.3,0.503,16.3,30.0,0.196,NA,NA
Presbyterian,32,10,22,0.313,-15.06,-6.93,7,11,7,6,3,14,2155,2346,1290,803,1780,0.451,289,797,0.363,451,639,0.706,294,1065,437,228,106,373,531,67.2,108.3,0.359,0.448,0.563,49.8,54.4,10.5,9.7,0.532,15.2,27.0,0.253,NA,NA
Quinnipiac,30,15,15,0.5,-7.66,-6.53,10,10,9,5,5,9,2088,2122,1200,793,1868,0.425,236,669,0.353,300,440,0.682,289,1040,435,202,96,291,480,68.9,102.6,0.236,0.358,0.511,48.8,54.9,9.8,11.6,0.488,12.3,26.2,0.161,NA,NA
Rice,32,15,17,0.469,-3.09,-0.76,7,11,8,7,5,8,2363,2375,1280,876,1928,0.454,249,761,0.327,374,548,0.682,304,1152,443,197,94,402,566,71.4,104.0,0.284,0.395,0.543,50.3,50.6,8.6,10.3,0.519,15.5,26.4,0.194,NA,NA
Richmond,31,24,7,0.774,11.31,2.76,14,4,14,2,9,3,2335,2070,1250,740,1784,0.415,223,732,0.305,367,539,0.681,300,1100,351,174,95,430,485,69.3,95.6,0.302,0.41,0.507,50.6,47.4,8.0,8.4,0.477,17.4,26.3,0.206,NA,NA
Rider,30,18,12,0.6,-3.09,-5.49,12,8,11,1,5,11,2152,2080,1200,735,1749,0.42,249,767,0.325,361,530,0.681,259,1003,387,201,108,412,594,71.8,96.6,0.303,0.439,0.52,46.6,52.7,9.3,9.4,0.491,17.1,24.0,0.206,NA,NA
Sacramento State,30,16,14,0.533,-2.08,-2.76,8,12,10,4,4,10,1895,1791,1200,629,1510,0.417,143,446,0.321,390,512,0.762,240,929,306,161,85,423,499,64.5,92.6,0.339,0.295,0.511,47.1,48.6,8.3,7.2,0.464,19.4,25.3,0.258,NA,NA
Sacred Heart,33,20,13,0.606,-4.75,-7.4,12,6,9,4,10,8,2420,2291,1320,862,2077,0.415,235,705,0.333,332,482,0.689,361,1128,476,220,118,369,629,69.9,99.3,0.232,0.339,0.497,45.3,55.2,9.5,9.9,0.472,13.8,28.0,0.16,NA,NA
Saint Francis (PA),32,22,10,0.688,-2.05,-6.5,13,5,13,2,8,8,2485,2298,1285,833,1883,0.442,250,743,0.336,382,532,0.718,320,1061,423,181,110,438,584,70.3,101.7,0.283,0.395,0.538,47.8,50.8,8.0,8.1,0.509,17.0,28.5,0.203,NA,NA
Saint Peter's,30,18,12,0.6,-3.67,-5.9,14,6,11,3,6,9,1990,1923,1205,638,1583,0.403,183,570,0.321,464,646,0.718,281,960,345,230,145,454,543,68.6,93.0,0.408,0.36,0.509,46.1,54.1,11.1,12.9,0.461,19.4,27.3,0.293,NA,NA
Sam Houston State,31,18,13,0.581,-5.17,-6.5,11,9,12,3,6,10,2417,2245,1265,734,1747,0.42,234,736,0.318,543,735,0.739,305,1084,395,218,99,572,575,74.4,95.4,0.421,0.421,0.536,50.6,53.8,9.3,7.9,0.487,21.4,29.0,0.311,NA,NA
Samford,33,10,23,0.303,-13.13,-1.13,4,14,7,8,3,14,2448,2711,1330,1000,2179,0.459,359,989,0.363,352,519,0.678,411,1288,617,254,114,467,618,74.6,109.3,0.238,0.454,0.559,51.6,61.7,10.2,8.5,0.541,16.1,32.4,0.162,NA,NA
San Diego,32,9,23,0.281,-3.52,4.35,2,14,6,9,3,10,2101,2319,1295,850,1892,0.449,193,608,0.317,426,597,0.714,295,1129,403,220,108,416,575,70.9,101.0,0.316,0.321,0.533,51.5,47.4,9.6,8.9,0.5,16.1,27.5,0.225,NA,NA
San Francisco,34,22,12,0.647,8.56,3.84,9,7,12,5,7,6,2546,2339,1375,851,1911,0.445,209,559,0.374,428,594,0.721,270,1122,361,205,97,442,572,69.2,98.4,0.311,0.293,0.533,47.6,42.4,8.6,8.4,0.5,16.8,23.6,0.224,NA,NA
San Jose State,31,7,24,0.226,-7.55,5.15,3,15,6,10,1,12,2167,2523,1245,916,1927,0.475,240,670,0.358,451,651,0.693,331,1260,580,227,76,409,580,74.1,109.4,0.338,0.348,0.564,54.0,63.3,9.8,7.5,0.538,15.5,30.0,0.234,NA,NA
Santa Clara,33,20,13,0.606,1.95,0.63,6,10,16,5,3,7,2498,2365,1325,817,1925,0.424,212,636,0.333,519,724,0.717,312,1181,408,214,95,460,605,73.0,97.8,0.376,0.33,0.521,51.1,49.9,8.9,8.0,0.479,16.9,26.0,0.27,NA,NA
Seattle,29,14,15,0.483,-3.95,-3.91,7,7,9,4,3,10,2177,2110,1185,713,1682,0.424,189,597,0.317,495,673,0.736,276,1074,354,153,89,396,598,71.4,99.8,0.4,0.355,0.527,51.1,49.6,7.2,7.9,0.48,16.5,27.5,0.294,NA,NA
Siena,30,20,10,0.667,-1.13,-5.66,15,5,14,0,5,10,2167,2031,1215,745,1740,0.428,193,606,0.318,348,468,0.744,270,954,336,172,110,350,539,67.1,99.6,0.269,0.348,0.518,46.5,45.1,8.4,9.8,0.484,15.1,25.8,0.2,NA,NA
South Alabama,31,20,11,0.645,0.08,-1.03,13,7,11,5,7,5,2209,2092,1245,747,1764,0.423,279,814,0.343,319,459,0.695,328,1046,422,165,115,431,544,67.1,100.2,0.26,0.461,0.528,50.7,56.5,7.9,9.9,0.503,17.9,30.1,0.181,NA,NA
South Carolina State,29,11,18,0.379,-16.01,-9.27,6,10,8,5,3,12,2037,2180,1185,782,1682,0.465,205,599,0.342,411,613,0.67,276,967,354,158,99,358,553,69.1,106.4,0.364,0.356,0.552,48.5,45.3,7.7,8.7,0.526,15.4,27.6,0.244,NA,NA
South Carolina Upstate,33,13,20,0.394,-13.58,-6.06,7,11,9,6,4,13,2286,2460,1320,845,1823,0.464,257,719,0.357,513,713,0.719,315,1207,407,193,101,451,564,69.8,106.8,0.391,0.394,0.569,52.6,48.2,8.4,8.3,0.534,17.3,29.0,0.281,NA,NA
South Dakota,32,20,12,0.625,-1.74,-3.84,10,6,13,2,5,8,2547,2374,1280,853,1884,0.453,235,658,0.357,433,587,0.738,237,1026,362,167,79,364,654,71.4,103.8,0.312,0.349,0.549,49.5,42.4,7.3,6.5,0.515,14.4,21.9,0.23,NA,NA
South Florida,31,14,17,0.452,5.15,5.18,7,11,10,7,3,6,1943,1944,1250,686,1548,0.443,207,620,0.334,365,534,0.684,235,969,350,205,99,475,552,65.5,95.0,0.345,0.401,0.54,48.0,51.0,10.0,9.7,0.51,20.9,25.2,0.236,NA,NA
Southeast Missouri State,31,7,24,0.226,-14.57,-5.29,3,15,6,7,0,16,2054,2307,1245,830,1757,0.472,237,650,0.365,410,590,0.695,287,1121,468,171,102,389,563,68.8,107.7,0.336,0.37,0.566,52.2,56.4,8.0,9.0,0.54,16.0,27.9,0.233,NA,NA
Southeastern Louisiana,31,8,23,0.258,-16.11,-5.72,5,15,6,8,2,14,2157,2429,1255,845,1772,0.477,207,631,0.328,532,712,0.747,339,1174,477,228,99,541,578,74.0,104.6,0.402,0.356,0.576,54.0,56.4,9.8,8.2,0.535,20.4,33.8,0.3,NA,NA
SIU Edwardsville,31,8,23,0.258,-14.16,-5.71,5,13,4,10,4,13,2073,2261,1240,759,1738,0.437,236,716,0.33,507,694,0.731,316,1106,468,192,99,416,520,70.2,104.0,0.399,0.412,0.547,51.0,61.7,8.8,8.0,0.505,16.7,29.4,0.292,NA,NA
Southern Illinois,32,16,16,0.5,-0.18,0.37,10,8,12,3,3,10,2002,1991,1285,751,1751,0.429,192,610,0.315,297,429,0.692,322,1128,401,205,107,435,518,64.3,96.3,0.245,0.348,0.509,54.2,53.4,9.9,11.2,0.484,18.2,30.1,0.17,NA,NA
Southern Mississippi,31,9,22,0.29,-6.65,2.35,5,13,8,7,1,12,2047,2242,1250,763,1780,0.429,282,842,0.335,434,585,0.742,294,1051,409,230,77,386,462,68.7,104.4,0.329,0.473,0.545,48.7,53.6,10.7,6.2,0.508,15.8,26.6,0.244,NA,NA
Southern Utah,32,17,15,0.531,0.1,-2.47,9,11,9,5,6,10,2329,2122,1300,728,1832,0.397,193,634,0.304,473,663,0.713,259,1022,362,182,126,402,594,70.5,92.6,0.362,0.346,0.494,46.3,49.7,7.9,10.0,0.45,15.8,22.5,0.258,NA,NA
St. Francis (NY),31,13,18,0.419,-11.3,-7.44,7,11,9,5,4,13,2168,2220,1245,779,1790,0.435,208,592,0.351,454,644,0.705,314,1160,365,175,95,430,518,71.1,100.3,0.36,0.331,0.53,50.8,46.9,7.9,7.7,0.493,17.0,28.3,0.254,NA,NA
Stetson,33,16,17,0.485,-9.63,-5.3,9,7,8,7,7,9,2103,2167,1325,750,1808,0.415,292,865,0.338,375,545,0.688,318,1034,457,188,102,385,561,64.3,101.8,0.301,0.478,0.524,48.1,60.9,8.8,9.0,0.496,15.7,28.4,0.207,NA,NA
Tennessee-Martin,29,9,20,0.31,-14.15,-4.3,5,13,6,6,2,12,2194,2382,1165,882,1785,0.494,286,742,0.385,332,483,0.687,335,1024,535,188,88,360,502,70.1,116.7,0.271,0.416,0.591,51.8,60.7,9.2,8.2,0.574,15.2,34.3,0.186,NA,NA
Tennessee State,33,18,15,0.545,-6.7,-5.45,9,9,11,3,4,11,2355,2345,1330,793,1928,0.411,227,730,0.311,532,737,0.722,341,1078,356,228,89,410,554,70.5,100.0,0.382,0.379,0.515,46.4,44.9,9.7,7.7,0.47,15.3,27.4,0.276,NA,NA
Tennessee Tech,31,9,22,0.29,-13.64,-4.67,6,12,6,8,3,12,2033,2241,1250,827,1784,0.464,239,663,0.36,348,491,0.709,292,1100,492,216,99,424,415,68.8,104.2,0.275,0.372,0.555,50.6,59.5,10.0,9.4,0.531,17.4,28.2,0.195,NA,NA
Texas A&M-Corpus Christi,32,14,18,0.438,-10.8,-6.63,10,10,10,6,4,11,2112,2199,1280,750,1745,0.43,195,621,0.314,504,690,0.73,307,1005,392,271,103,419,570,68.3,100.6,0.395,0.356,0.53,47.9,52.3,12.4,10.1,0.486,16.8,28.0,0.289,NA,NA
UT Arlington,32,14,18,0.438,2.76,2.13,10,10,8,8,6,9,2259,2189,1295,773,1875,0.412,196,662,0.296,447,651,0.687,345,1228,416,156,98,391,542,68.8,98.3,0.347,0.353,0.501,50.9,53.8,7.0,8.8,0.465,15.2,28.6,0.238,NA,NA
UTEP,32,17,15,0.531,-1.0,-0.45,8,10,13,4,3,9,2157,2116,1285,743,1788,0.416,200,656,0.305,430,602,0.714,292,1128,351,185,83,439,569,69.2,95.3,0.337,0.367,0.51,50.3,47.2,8.3,7.8,0.471,17.5,25.6,0.24,NA,NA
Texas-Rio Grande Valley,30,14,16,0.467,-7.05,-3.7,9,7,11,3,3,11,2189,2143,1215,728,1582,0.46,210,558,0.376,477,667,0.715,271,1055,432,163,66,521,564,70.6,99.9,0.422,0.353,0.564,51.5,59.3,7.6,5.4,0.527,21.5,28.6,0.302,NA,NA
UTSA,32,13,19,0.406,-3.18,0.41,7,11,10,5,3,9,2461,2465,1300,854,1945,0.439,261,762,0.343,496,707,0.702,316,1246,411,183,114,446,580,74.0,102.5,0.363,0.392,0.54,50.0,48.1,7.6,9.5,0.506,16.4,26.1,0.255,NA,NA
Texas State,32,21,11,0.656,5.42,-0.28,13,7,15,3,6,8,2339,2058,1295,694,1714,0.405,203,638,0.318,467,652,0.716,328,1093,350,164,103,469,587,67.1,94.7,0.38,0.372,0.508,49.8,50.4,7.5,7.8,0.464,18.8,29.5,0.272,NA,NA
Toledo,32,17,15,0.531,1.2,-1.47,8,10,10,6,7,9,2386,2244,1285,817,1956,0.418,250,727,0.344,360,511,0.705,337,1151,365,209,101,377,596,69.5,100.4,0.261,0.372,0.51,48.7,44.7,9.4,9.4,0.482,14.6,27.5,0.184,NA,NA
Towson,32,19,13,0.594,0.09,-1.51,12,6,9,5,8,4,2258,2125,1290,736,1795,0.41,250,774,0.323,403,546,0.738,293,1012,392,153,88,348,551,65.7,100.3,0.304,0.431,0.517,46.0,53.3,7.2,7.2,0.48,14.5,26.2,0.225,NA,NA
Tulane,30,12,18,0.4,0.94,3.54,4,14,7,7,3,7,2050,2128,1210,766,1690,0.453,249,732,0.34,347,500,0.694,309,1164,482,156,95,484,545,69.4,101.4,0.296,0.433,0.552,55.6,62.9,7.4,9.3,0.527,20.1,31.1,0.205,NA,NA
Utah Valley,30,11,19,0.367,-7.47,-4.18,5,10,6,7,5,12,2105,2131,1210,757,1785,0.424,172,533,0.323,445,598,0.744,285,1075,362,185,111,377,576,71.2,98.9,0.335,0.299,0.515,50.4,47.8,8.6,10.5,0.472,15.4,26.2,0.249,NA,NA
VMI,33,9,24,0.273,-6.92,-2.72,3,15,5,10,2,12,2380,2346,1340,801,1855,0.432,237,740,0.32,507,704,0.72,323,1187,434,189,93,428,494,68.4,102.4,0.38,0.399,0.536,50.1,54.2,8.2,9.5,0.496,16.4,27.6,0.273,NA,NA
Wagner,29,8,21,0.276,-14.79,-5.57,5,13,5,8,3,13,1982,2210,1175,726,1580,0.459,252,655,0.385,506,717,0.706,277,1009,439,196,94,382,506,69.1,108.9,0.454,0.415,0.575,50.7,60.5,9.7,8.8,0.539,16.6,29.2,0.32,NA,NA
Washington State,32,16,16,0.5,5.13,4.94,6,12,11,5,2,9,2235,2229,1290,820,1826,0.449,184,584,0.315,405,589,0.688,286,1189,367,185,120,480,593,71.1,97.2,0.323,0.32,0.529,50.5,44.8,8.1,10.1,0.499,18.6,25.8,0.222,NA,NA
Western Carolina,31,19,12,0.613,-0.1,-1.55,10,8,10,4,8,7,2444,2317,1250,828,1906,0.434,243,781,0.311,418,581,0.719,287,1030,377,206,108,387,615,72.4,102.3,0.305,0.41,0.531,46.9,45.5,9.1,11.1,0.498,15.1,25.0,0.219,NA,NA
Western Illinois,26,5,21,0.192,-14.28,-3.03,2,14,4,10,1,11,1934,2126,1050,757,1582,0.479,208,557,0.373,404,540,0.748,219,998,318,128,70,300,409,73.1,110.8,0.341,0.352,0.578,53.1,42.0,6.7,6.6,0.544,14.0,24.7,0.255,NA,NA
Western Kentucky,30,20,10,0.667,4.2,0.96,13,5,12,2,6,6,2297,2160,1225,828,1879,0.441,216,720,0.3,288,392,0.735,335,1081,390,166,90,409,553,69.8,101.0,0.209,0.383,0.523,51.6,47.1,7.8,8.4,0.498,16.5,30.6,0.153,NA,NA
William & Mary,32,21,11,0.656,-2.46,-3.1,13,5,11,2,10,7,2288,2208,1280,811,1905,0.426,234,673,0.348,352,493,0.714,269,1019,364,212,90,316,526,68.0,101.5,0.259,0.353,0.516,46.9,44.9,9.7,8.3,0.487,12.9,23.3,0.185,NA,NA
Youngstown State,33,18,15,0.545,-5.56,-4.79,10,8,13,4,5,11,2401,2351,1335,855,1951,0.438,222,646,0.344,419,599,0.699,347,1160,420,187,110,398,569,68.6,102.7,0.307,0.331,0.526,47.4,49.1,8.2,8.5,0.495,15.1,29.4,0.215,NA,NA
