School,G,Overall.W,Overall.L,W-L%,SRS,SOS,Conf.W,Conf.L,Home.W,Home.L,Away.W,Away.L,TP,OP,MP,FG,FGA,FG%,3P,3PA,3P%,FT,FTA,FT%,ORB,TRB,AST,STL,BLK,TOV,PF,Pace,ORtg,FTr,3PAr,TS%,TRB%,AST%,STL%,BLK%,eFG%,TOV%,ORB%,FT/FGA,SEED,POSTSEASON,REGION
Abilene Christian,29,24,5,0.828,6.27,-6.37,13,2,13,0,5,4,2196.0,1753.0,1160.0,601.0,1488.0,0.404,161.0,520.0,0.31,390.0,573.0,0.681,263.0,985.0,299.0,189.0,110.0,578.0,580.0,72.0,84.0,0.385,0.349,0.498,48.5,49.8,9.1,9.9,0.458,24.7,26.8,0.262,14.0,R32,EAST
UAB,29,22,7,0.759,5.8,-3.83,13,5,15,2,6,4,2105.0,1748.0,1160.0,633.0,1566.0,0.404,181.0,569.0,0.318,301.0,434.0,0.694,252.0,994.0,310.0,122.0,105.0,478.0,477.0,68.9,87.4,0.277,0.363,0.493,48.3,49.0,6.1,8.3,0.462,21.2,25.1,0.192,,,
Alabama,33,26,7,0.788,19.58,10.01,16,2,12,1,7,3,2629.0,2313.0,1325.0,837.0,2053.0,0.408,205.0,704.0,0.291,434.0,630.0,0.689,378.0,1254.0,368.0,261.0,161.0,506.0,599.0,74.7,93.5,0.307,0.343,0.492,48.3,44.0,10.6,14.2,0.458,17.7,28.8,0.211,2.0,S16,EAST
Albany (NY),16,7,9,0.438,-4.53,-5.22,6,6,4,5,2,4,1110.0,1099.0,640.0,402.0,894.0,0.45,114.0,330.0,0.345,181.0,262.0,0.691,139.0,522.0,196.0,90.0,64.0,233.0,295.0,69.7,98.6,0.293,0.369,0.54,52.1,48.8,8.1,11.0,0.513,18.6,27.3,0.202,,,
American,10,4,6,0.4,-6.32,-1.82,4,5,2,2,2,4,691.0,736.0,420.0,268.0,584.0,0.459,50.0,172.0,0.291,150.0,224.0,0.67,106.0,351.0,117.0,85.0,25.0,125.0,156.0,67.5,103.8,0.384,0.295,0.533,51.8,43.7,12.0,7.8,0.502,15.3,29.9,0.257,,,
Appalachian State,29,17,12,0.586,-5.84,-5.72,7,8,9,4,4,7,2039.0,1860.0,1185.0,689.0,1648.0,0.418,202.0,622.0,0.325,280.0,394.0,0.711,269.0,1020.0,346.0,164.0,125.0,405.0,507.0,66.8,94.0,0.239,0.377,0.507,49.2,50.2,8.3,13.1,0.479,18.1,26.8,0.17,16.0,R68,WEST
Arizona State,25,11,14,0.44,7.48,10.24,7,10,7,6,2,6,1858.0,1927.0,1010.0,671.0,1460.0,0.46,192.0,530.0,0.362,393.0,527.0,0.746,257.0,990.0,373.0,139.0,80.0,380.0,455.0,72.6,105.1,0.361,0.363,0.563,55.4,55.6,7.6,8.2,0.525,18.2,30.0,0.269,,,
Arizona,26,17,9,0.654,15.02,8.18,11,9,12,4,5,5,1961.0,1783.0,1050.0,631.0,1470.0,0.429,184.0,539.0,0.341,337.0,477.0,0.706,220.0,812.0,292.0,140.0,72.0,322.0,524.0,68.4,99.3,0.324,0.367,0.525,44.9,46.3,7.8,7.0,0.492,16.0,24.1,0.229,,,
Little Rock,26,11,15,0.423,-6.36,-5.4,7,11,7,4,2,8,1786.0,1782.0,1050.0,645.0,1476.0,0.437,201.0,581.0,0.346,291.0,402.0,0.724,241.0,820.0,347.0,172.0,77.0,362.0,486.0,67.9,99.9,0.272,0.394,0.535,47.7,53.8,9.6,8.3,0.505,17.8,27.4,0.197,,,
Arkansas,32,25,7,0.781,17.8,7.18,13,4,16,1,5,4,2604.0,2264.0,1285.0,813.0,1958.0,0.415,248.0,738.0,0.336,390.0,568.0,0.687,313.0,1144.0,393.0,209.0,116.0,483.0,607.0,75.1,93.9,0.29,0.377,0.508,47.4,48.3,8.7,8.5,0.479,17.8,26.0,0.199,3.0,E8,SOUTH
Auburn,27,13,14,0.481,10.02,9.28,7,11,8,5,3,8,2084.0,2064.0,1090.0,748.0,1708.0,0.438,198.0,606.0,0.327,370.0,540.0,0.685,329.0,980.0,340.0,236.0,101.0,369.0,535.0,73.4,103.1,0.316,0.355,0.525,48.0,45.5,11.8,11.5,0.496,15.8,31.5,0.217,,,
Austin Peay,27,14,13,0.519,-6.66,-8.22,10,10,8,5,4,6,2007.0,1890.0,1090.0,687.0,1457.0,0.472,194.0,541.0,0.359,322.0,477.0,0.675,249.0,856.0,312.0,210.0,70.0,436.0,489.0,69.0,100.4,0.327,0.371,0.561,47.9,45.4,11.2,6.7,0.538,20.6,29.7,0.221,,,
Baylor,30,28,2,0.933,24.83,7.4,13,1,11,0,7,1,2487.0,1964.0,1205.0,711.0,1642.0,0.433,185.0,563.0,0.329,357.0,514.0,0.695,298.0,951.0,368.0,167.0,123.0,510.0,493.0,69.6,93.7,0.313,0.343,0.521,46.8,51.8,8.0,10.6,0.489,21.3,29.7,0.217,1.0,Champion,SOUTH
Belmont,30,26,4,0.867,3.46,-8.71,18,2,11,1,10,2,2439.0,2074.0,1205.0,773.0,1813.0,0.426,223.0,660.0,0.338,305.0,448.0,0.681,307.0,1054.0,386.0,189.0,110.0,441.0,489.0,71.9,95.8,0.247,0.364,0.512,49.6,49.9,8.7,10.6,0.488,17.9,27.5,0.168,,,
Boise State,28,19,9,0.679,9.75,1.71,14,6,11,1,6,6,2122.0,1868.0,1125.0,684.0,1588.0,0.431,182.0,551.0,0.33,318.0,437.0,0.728,223.0,914.0,313.0,149.0,68.0,401.0,540.0,70.2,94.5,0.275,0.347,0.52,47.9,45.8,7.5,6.8,0.488,18.3,23.1,0.2,,,
Bradley,28,12,16,0.429,0.32,1.17,6,12,8,6,2,9,1948.0,1864.0,1130.0,654.0,1570.0,0.417,253.0,683.0,0.37,303.0,457.0,0.663,258.0,944.0,361.0,182.0,59.0,336.0,395.0,66.4,99.4,0.291,0.435,0.522,47.7,55.2,9.7,5.7,0.497,15.8,25.6,0.193,,,
Brigham Young,27,20,7,0.741,15.19,7.23,10,3,11,2,7,2,2109.0,1853.0,1095.0,669.0,1628.0,0.411,188.0,570.0,0.33,327.0,480.0,0.681,239.0,877.0,312.0,169.0,54.0,306.0,500.0,70.2,96.5,0.295,0.35,0.499,45.3,46.6,8.8,5.5,0.469,14.2,22.9,0.201,6.0,R64,EAST
Bucknell,12,5,7,0.417,-7.78,-5.36,4,6,2,3,3,4,899.0,928.0,480.0,334.0,763.0,0.438,89.0,247.0,0.36,171.0,223.0,0.767,128.0,443.0,184.0,84.0,38.0,138.0,210.0,73.1,105.8,0.292,0.324,0.534,52.4,55.1,9.6,9.1,0.496,13.7,28.3,0.224,,,
Buffalo,25,16,9,0.64,6.5,-1.58,12,5,8,3,5,3,2034.0,1823.0,1010.0,663.0,1599.0,0.415,151.0,526.0,0.287,346.0,452.0,0.765,265.0,890.0,326.0,161.0,76.0,327.0,426.0,74.2,97.3,0.283,0.329,0.503,44.9,49.2,8.6,6.6,0.462,15.3,26.8,0.216,,,
Butler,25,10,15,0.4,4.76,9.92,8,12,8,4,1,9,1588.0,1717.0,1015.0,633.0,1362.0,0.465,179.0,512.0,0.35,272.0,388.0,0.701,194.0,848.0,345.0,128.0,92.0,307.0,418.0,65.1,103.9,0.285,0.376,0.555,51.2,54.5,7.7,11.0,0.53,16.6,25.2,0.2,,,
Cal Poly,24,4,20,0.167,-13.69,-1.56,1,15,3,8,0,11,1475.0,1700.0,965.0,597.0,1358.0,0.44,161.0,456.0,0.353,345.0,487.0,0.708,239.0,899.0,309.0,174.0,76.0,308.0,413.0,68.5,102.9,0.359,0.336,0.535,53.6,51.8,10.5,9.2,0.499,16.2,28.8,0.254,,,
Cal State Bakersfield,26,15,11,0.577,-0.13,-2.38,11,7,9,2,6,8,1811.0,1665.0,1045.0,556.0,1303.0,0.427,183.0,534.0,0.343,370.0,524.0,0.706,209.0,746.0,313.0,151.0,75.0,369.0,419.0,65.7,97.1,0.402,0.41,0.536,43.8,56.3,8.8,6.7,0.497,19.2,25.5,0.284,,,
Cal State Fullerton,16,6,10,0.375,-6.32,-3.05,5,9,5,4,1,5,1232.0,1257.0,645.0,467.0,982.0,0.476,133.0,339.0,0.392,190.0,268.0,0.709,158.0,579.0,269.0,109.0,53.0,222.0,306.0,72.7,107.3,0.273,0.345,0.567,52.4,57.6,9.3,8.7,0.543,16.7,29.0,0.193,,,
UC Davis,18,10,8,0.556,-5.83,-4.24,7,5,4,3,4,3,1295.0,1289.0,735.0,448.0,962.0,0.466,118.0,337.0,0.35,275.0,385.0,0.714,155.0,597.0,238.0,112.0,61.0,307.0,358.0,70.7,99.3,0.4,0.35,0.563,51.1,53.1,8.6,8.7,0.527,21.1,27.4,0.286,,,
UC Irvine,27,18,9,0.667,3.46,-0.86,13,4,10,1,6,6,1950.0,1712.0,1090.0,603.0,1559.0,0.387,204.0,624.0,0.327,302.0,430.0,0.702,236.0,862.0,333.0,190.0,64.0,358.0,459.0,69.2,90.8,0.276,0.4,0.485,44.6,55.2,10.1,5.2,0.452,16.9,23.6,0.194,,,
UC Santa Barbara,27,22,5,0.815,7.8,-2.08,15,3,11,0,8,4,2051.0,1696.0,1090.0,623.0,1480.0,0.421,157.0,475.0,0.331,293.0,393.0,0.746,202.0,803.0,288.0,124.0,58.0,373.0,479.0,67.2,92.6,0.266,0.321,0.509,45.8,46.2,6.8,5.7,0.474,18.3,22.4,0.198,12.0,R64,WEST
California,29,9,20,0.31,4.89,9.75,3,17,6,8,1,11,1897.0,2008.0,1160.0,723.0,1557.0,0.464,190.0,508.0,0.374,372.0,521.0,0.714,220.0,941.0,372.0,178.0,82.0,336.0,494.0,66.3,104.5,0.335,0.326,0.556,50.6,51.5,9.3,9.0,0.525,15.7,24.4,0.239,,,
Central Florida,23,11,12,0.478,5.94,8.15,8,10,6,3,4,8,1546.0,1597.0,925.0,564.0,1311.0,0.43,165.0,504.0,0.327,304.0,440.0,0.691,252.0,801.0,321.0,159.0,61.0,307.0,378.0,68.0,101.6,0.336,0.384,0.525,51.1,56.9,10.1,8.1,0.493,16.8,31.5,0.232,,,
Chattanooga,26,18,8,0.692,-1.54,-2.92,9,7,9,3,9,4,1888.0,1801.0,1050.0,688.0,1510.0,0.456,178.0,537.0,0.331,247.0,351.0,0.704,215.0,907.0,338.0,135.0,98.0,344.0,415.0,68.6,99.9,0.232,0.356,0.537,50.7,49.1,7.5,10.7,0.515,17.0,24.5,0.164,,,
Cincinnati,23,12,11,0.522,3.99,7.21,8,6,5,5,5,5,1585.0,1659.0,920.0,568.0,1300.0,0.437,153.0,456.0,0.336,370.0,492.0,0.752,199.0,795.0,319.0,158.0,84.0,305.0,401.0,71.3,101.2,0.378,0.351,0.541,48.9,56.2,9.6,10.3,0.496,16.6,25.3,0.285,,,
Clemson,24,16,8,0.667,12.49,9.49,10,6,11,1,2,5,1558.0,1486.0,965.0,529.0,1265.0,0.418,173.0,518.0,0.334,255.0,366.0,0.697,212.0,787.0,269.0,157.0,74.0,338.0,366.0,64.9,95.0,0.289,0.409,0.516,50.1,50.9,10.0,9.9,0.487,19.0,26.9,0.202,7.0,R64,MIDWEST
Cleveland State,27,19,8,0.704,-5.12,-4.82,16,4,9,2,8,5,1914.0,1922.0,1105.0,651.0,1532.0,0.425,199.0,649.0,0.307,421.0,576.0,0.731,309.0,956.0,342.0,173.0,78.0,373.0,449.0,67.6,103.0,0.376,0.424,0.532,50.6,52.5,9.3,7.6,0.49,17.1,32.2,0.275,15.0,R64,MIDWEST
Coastal Carolina,26,18,8,0.692,-2.74,-7.6,9,5,12,1,3,5,2067.0,1773.0,1050.0,619.0,1588.0,0.39,223.0,720.0,0.31,312.0,457.0,0.683,271.0,873.0,329.0,204.0,63.0,363.0,474.0,72.3,93.4,0.288,0.453,0.491,43.6,53.2,10.7,6.4,0.46,16.7,25.8,0.196,,,
Colgate,16,14,2,0.875,13.66,-1.9,11,1,8,1,6,0,1363.0,1114.0,645.0,417.0,1016.0,0.41,97.0,368.0,0.264,183.0,267.0,0.685,163.0,561.0,178.0,88.0,47.0,191.0,282.0,72.7,95.1,0.263,0.362,0.487,46.8,42.7,7.5,7.4,0.458,14.3,25.1,0.18,14.0,R64,SOUTH
College of Charleston,19,9,10,0.474,-4.96,-3.13,6,4,8,6,1,3,1341.0,1329.0,780.0,465.0,1045.0,0.445,150.0,416.0,0.361,249.0,344.0,0.724,162.0,638.0,241.0,91.0,57.0,222.0,308.0,64.7,105.3,0.329,0.398,0.55,50.6,51.8,7.2,8.9,0.517,15.5,25.8,0.238,,,
Colorado,32,23,9,0.719,18.88,9.57,14,6,11,1,6,6,2340.0,2042.0,1280.0,734.0,1745.0,0.421,204.0,612.0,0.333,370.0,507.0,0.73,270.0,979.0,358.0,152.0,93.0,420.0,529.0,66.5,96.0,0.291,0.351,0.514,46.8,48.8,7.1,8.1,0.479,17.5,25.2,0.212,5.0,R32,EAST
Connecticut,23,15,8,0.652,15.77,8.59,11,6,7,3,6,3,1650.0,1485.0,925.0,514.0,1243.0,0.414,134.0,414.0,0.324,323.0,457.0,0.707,233.0,762.0,242.0,125.0,63.0,299.0,392.0,66.2,97.0,0.368,0.333,0.509,46.4,47.1,8.2,6.8,0.467,17.0,29.1,0.26,7.0,R64,EAST
Creighton,31,22,9,0.71,16.28,8.54,14,6,11,3,7,4,2355.0,2115.0,1250.0,771.0,1889.0,0.408,235.0,741.0,0.317,338.0,482.0,0.701,330.0,1137.0,406.0,172.0,87.0,389.0,497.0,69.6,97.3,0.255,0.392,0.499,50.6,52.7,7.9,8.3,0.47,15.5,28.0,0.179,5.0,S16,WEST
Davidson,22,13,9,0.591,9.02,3.4,7,4,7,4,4,2,1579.0,1411.0,885.0,502.0,1176.0,0.427,162.0,481.0,0.337,245.0,337.0,0.727,157.0,659.0,238.0,104.0,49.0,230.0,352.0,63.6,100.4,0.287,0.409,0.528,46.5,47.4,7.4,7.9,0.496,14.7,21.9,0.208,,,
Dayton,24,14,10,0.583,6.31,4.35,9,7,8,3,4,6,1674.0,1627.0,985.0,607.0,1432.0,0.424,174.0,542.0,0.321,239.0,377.0,0.634,258.0,796.0,306.0,135.0,70.0,285.0,405.0,66.2,99.8,0.263,0.378,0.505,50.1,50.4,8.3,9.7,0.485,15.0,29.0,0.167,,,
Delaware,15,7,8,0.467,-5.19,-5.04,5,4,6,3,1,4,1013.0,1012.0,600.0,361.0,856.0,0.422,101.0,294.0,0.344,189.0,263.0,0.719,138.0,494.0,160.0,97.0,39.0,172.0,269.0,67.8,99.5,0.307,0.343,0.516,48.4,44.3,9.5,8.3,0.481,14.9,25.9,0.221,,,
Drake,31,26,5,0.839,9.42,-0.48,15,3,14,1,9,2,2354.0,1999.0,1250.0,725.0,1718.0,0.422,193.0,618.0,0.312,356.0,495.0,0.719,266.0,967.0,336.0,170.0,97.0,392.0,437.0,66.8,95.8,0.288,0.36,0.512,46.3,46.3,8.1,7.6,0.478,16.7,24.9,0.207,11.0,R64,WEST
Drexel,20,12,8,0.6,-0.97,-3.92,4,5,3,2,4,5,1407.0,1348.0,800.0,504.0,1124.0,0.448,119.0,371.0,0.321,221.0,297.0,0.744,158.0,596.0,214.0,123.0,63.0,210.0,306.0,66.0,102.0,0.264,0.33,0.533,46.8,42.5,9.3,8.9,0.501,14.2,23.9,0.197,16.0,R64,MIDWEST
Duke,24,13,11,0.542,13.04,8.33,9,9,8,5,3,6,1824.0,1711.0,970.0,623.0,1367.0,0.456,157.0,441.0,0.356,308.0,436.0,0.706,236.0,808.0,304.0,153.0,93.0,332.0,362.0,69.1,102.1,0.319,0.323,0.543,48.7,48.8,9.1,10.2,0.513,17.4,28.9,0.225,,,
East Tennessee State,25,13,12,0.52,1.65,0.3,8,7,8,4,3,5,1736.0,1654.0,1005.0,573.0,1370.0,0.418,211.0,617.0,0.342,297.0,429.0,0.692,223.0,823.0,321.0,161.0,77.0,344.0,421.0,67.6,97.4,0.313,0.45,0.525,47.8,56.0,9.5,9.2,0.495,17.9,25.7,0.217,,,
Eastern Kentucky,29,22,7,0.759,-2.68,-8.24,15,5,10,2,9,4,2372.0,2137.0,1180.0,770.0,1735.0,0.444,201.0,619.0,0.325,396.0,546.0,0.725,305.0,1144.0,442.0,179.0,81.0,555.0,479.0,76.2,95.1,0.315,0.357,0.536,52.5,57.4,8.0,6.9,0.502,21.8,29.6,0.228,,,
Eastern Washington,24,16,8,0.667,4.03,-3.15,12,3,7,2,6,5,1879.0,1690.0,960.0,617.0,1479.0,0.417,166.0,529.0,0.314,290.0,401.0,0.723,229.0,826.0,278.0,138.0,53.0,279.0,438.0,71.8,98.0,0.271,0.358,0.506,49.3,45.1,8.0,6.2,0.473,14.3,25.5,0.196,14.0,R64,WEST
Fairleigh Dickinson,24,9,15,0.375,-10.17,-6.46,8,10,4,6,5,9,1801.0,1890.0,970.0,680.0,1460.0,0.466,188.0,562.0,0.335,342.0,495.0,0.691,282.0,889.0,397.0,168.0,80.0,337.0,412.0,71.9,108.3,0.339,0.385,0.557,52.2,58.4,9.6,8.7,0.53,16.6,33.1,0.234,,,
Florida Gulf Coast,18,10,8,0.556,-9.63,-7.13,4,5,7,4,2,2,1292.0,1242.0,720.0,461.0,1095.0,0.421,128.0,409.0,0.313,192.0,279.0,0.688,191.0,675.0,213.0,128.0,63.0,260.0,284.0,72.5,95.2,0.255,0.374,0.506,49.1,46.2,9.8,10.0,0.479,17.5,27.9,0.175,,,
Florida State,25,18,7,0.72,17.12,9.16,11,4,12,1,3,4,1929.0,1730.0,1010.0,582.0,1465.0,0.397,188.0,579.0,0.325,378.0,515.0,0.734,290.0,826.0,299.0,174.0,69.0,344.0,415.0,70.0,97.9,0.352,0.395,0.506,47.4,51.4,9.8,7.3,0.461,16.8,31.0,0.258,4.0,S16,EAST
Florida,25,15,10,0.6,13.7,9.82,9,7,6,3,5,5,1854.0,1757.0,1005.0,616.0,1458.0,0.422,162.0,528.0,0.307,363.0,512.0,0.709,276.0,831.0,316.0,189.0,83.0,357.0,444.0,70.6,99.1,0.351,0.362,0.516,48.5,51.3,10.7,8.9,0.478,17.3,30.2,0.249,7.0,R32,SOUTH
Fresno State,24,12,12,0.5,-3.57,0.07,9,11,7,5,4,6,1591.0,1618.0,965.0,567.0,1309.0,0.433,175.0,501.0,0.349,309.0,422.0,0.732,202.0,774.0,264.0,160.0,76.0,314.0,447.0,66.9,100.2,0.322,0.383,0.536,47.6,46.6,9.9,9.6,0.5,17.2,25.3,0.236,,,
Gardner-Webb,26,11,15,0.423,-3.87,-6.14,10,10,7,4,4,11,1837.0,1778.0,1040.0,598.0,1434.0,0.417,199.0,583.0,0.341,383.0,523.0,0.732,256.0,913.0,334.0,142.0,82.0,317.0,429.0,67.0,102.1,0.365,0.407,0.528,50.5,55.9,8.2,10.0,0.486,15.9,28.1,0.267,,,
George Washington,17,5,12,0.294,-5.75,-1.57,3,5,3,6,1,5,1158.0,1229.0,685.0,463.0,1034.0,0.448,129.0,377.0,0.342,174.0,258.0,0.674,178.0,598.0,252.0,122.0,62.0,197.0,274.0,68.9,104.2,0.25,0.365,0.531,50.7,54.4,10.3,10.1,0.51,14.6,28.5,0.168,,,
Georgetown,26,13,13,0.5,10.13,10.36,7,9,7,6,2,6,1857.0,1863.0,1045.0,679.0,1609.0,0.422,217.0,641.0,0.339,288.0,416.0,0.692,269.0,905.0,390.0,197.0,73.0,298.0,447.0,70.4,101.4,0.259,0.398,0.516,46.7,57.4,10.7,7.9,0.489,14.2,26.8,0.179,12.0,R64,EAST
Georgia State,22,16,6,0.727,-1.7,-4.6,8,4,9,1,5,4,1767.0,1599.0,900.0,554.0,1342.0,0.413,185.0,547.0,0.338,306.0,439.0,0.697,265.0,814.0,268.0,138.0,63.0,324.0,384.0,71.2,99.9,0.327,0.408,0.516,49.6,48.4,8.6,7.1,0.482,17.3,31.5,0.228,,,
Georgia Tech,26,17,9,0.654,12.79,7.91,11,6,11,3,4,5,1948.0,1821.0,1065.0,668.0,1455.0,0.459,189.0,513.0,0.368,296.0,420.0,0.705,251.0,890.0,368.0,141.0,73.0,408.0,394.0,67.9,100.8,0.289,0.353,0.55,53.1,55.1,7.8,7.6,0.524,19.8,30.1,0.203,9.0,R64,MIDWEST
Georgia,26,14,12,0.538,6.62,8.02,7,11,12,5,2,6,2014.0,2027.0,1045.0,736.0,1609.0,0.457,204.0,601.0,0.339,351.0,499.0,0.703,300.0,943.0,355.0,224.0,115.0,431.0,500.0,75.7,102.4,0.31,0.374,0.549,49.2,48.2,11.3,10.5,0.521,18.9,31.4,0.218,,,
Gonzaga,32,31,1,0.969,27.2,5.92,15,0,12,0,7,0,2911.0,2230.0,1285.0,829.0,1966.0,0.422,217.0,663.0,0.327,355.0,505.0,0.703,271.0,971.0,377.0,195.0,89.0,461.0,616.0,74.6,93.1,0.257,0.337,0.505,45.0,45.5,8.1,6.8,0.477,17.3,23.1,0.181,1.0,2ND,WEST
Grand Canyon,24,17,7,0.708,5.11,-3.46,9,3,10,3,5,1,1812.0,1491.0,960.0,521.0,1360.0,0.383,168.0,570.0,0.295,281.0,397.0,0.708,198.0,728.0,241.0,136.0,51.0,279.0,430.0,68.2,91.1,0.292,0.419,0.481,43.2,46.3,8.3,5.7,0.445,15.3,22.0,0.207,15.0,R64,WEST
Green Bay,25,8,17,0.32,-10.15,-5.23,8,12,6,6,2,11,1790.0,1913.0,1030.0,695.0,1468.0,0.473,182.0,503.0,0.362,341.0,468.0,0.729,241.0,899.0,312.0,142.0,67.0,294.0,406.0,67.7,109.8,0.319,0.343,0.566,52.4,44.9,8.1,6.7,0.535,14.8,29.0,0.232,,,
Hampton,25,11,14,0.44,-13.67,-9.27,9,9,5,7,6,7,1721.0,1831.0,1000.0,637.0,1487.0,0.428,190.0,562.0,0.338,367.0,527.0,0.696,301.0,993.0,318.0,161.0,68.0,314.0,379.0,70.1,104.5,0.354,0.378,0.527,54.1,49.9,9.2,7.7,0.492,15.3,31.7,0.247,,,
Hartford,24,15,9,0.625,-3.45,-4.95,8,6,10,1,5,6,1570.0,1534.0,960.0,574.0,1375.0,0.417,163.0,562.0,0.29,223.0,335.0,0.666,245.0,840.0,278.0,138.0,83.0,322.0,388.0,67.0,95.3,0.244,0.409,0.5,51.3,48.4,8.6,11.1,0.477,17.3,28.8,0.162,16.0,R64,SOUTH
Harvard,0,0,0,,,,0,0,0,0,0,0,,,,,,,,,,,,,,,,,,,,,,,,,,,,,,,,,,,
Hawaii,21,11,10,0.524,-2.98,-2.72,9,9,7,5,4,4,1503.0,1452.0,855.0,541.0,1220.0,0.443,121.0,370.0,0.327,249.0,342.0,0.728,174.0,674.0,220.0,148.0,58.0,254.0,383.0,68.4,99.3,0.28,0.303,0.525,47.3,40.7,10.1,7.7,0.493,15.5,24.5,0.204,,,
Holy Cross,16,5,11,0.313,-4.99,0.45,5,11,2,7,3,4,1130.0,1217.0,645.0,436.0,934.0,0.467,110.0,309.0,0.356,235.0,329.0,0.714,171.0,587.0,212.0,111.0,53.0,210.0,254.0,69.9,107.9,0.352,0.331,0.558,52.9,48.6,9.8,8.3,0.526,16.2,31.4,0.252,,,
Houston,32,28,4,0.875,21.66,5.37,14,3,15,0,5,3,2434.0,1863.0,1280.0,621.0,1642.0,0.378,181.0,625.0,0.29,440.0,665.0,0.662,307.0,1010.0,333.0,158.0,80.0,452.0,560.0,66.1,88.1,0.405,0.381,0.476,43.8,53.6,7.5,7.0,0.433,18.8,26.8,0.268,2.0,F4,MIDWEST
Illinois,31,24,7,0.774,23.25,11.34,16,4,11,2,9,3,2497.0,2128.0,1255.0,770.0,1873.0,0.411,201.0,611.0,0.329,387.0,563.0,0.687,257.0,942.0,347.0,208.0,119.0,358.0,608.0,71.2,95.2,0.301,0.326,0.497,43.2,45.1,9.3,9.3,0.465,14.3,21.9,0.207,1.0,R32,MIDWEST
Indiana,27,12,15,0.444,12.79,12.45,7,12,6,6,3,7,1882.0,1873.0,1115.0,655.0,1539.0,0.426,193.0,578.0,0.334,370.0,516.0,0.717,260.0,973.0,319.0,159.0,98.0,330.0,534.0,67.1,100.1,0.335,0.376,0.525,51.0,48.7,8.5,9.6,0.488,15.6,27.3,0.24,,,
Iona,18,12,6,0.667,-1.2,-6.42,6,3,4,2,4,3,1283.0,1189.0,720.0,388.0,963.0,0.403,109.0,361.0,0.302,304.0,444.0,0.685,168.0,577.0,207.0,135.0,46.0,247.0,347.0,69.9,94.5,0.461,0.375,0.506,46.5,53.4,10.7,7.3,0.46,17.4,26.4,0.316,15.0,R64,EAST
Iowa State,24,2,22,0.083,-0.72,10.4,0,18,2,10,0,11,1574.0,1841.0,960.0,652.0,1408.0,0.463,159.0,482.0,0.33,378.0,510.0,0.741,273.0,913.0,318.0,194.0,78.0,312.0,333.0,70.5,108.8,0.362,0.342,0.558,54.6,48.8,11.5,9.0,0.52,15.9,33.1,0.268,,,
Iowa,31,22,9,0.71,21.4,10.43,14,6,14,2,6,4,2595.0,2255.0,1245.0,840.0,2002.0,0.42,275.0,790.0,0.348,300.0,444.0,0.676,357.0,1146.0,506.0,166.0,98.0,355.0,574.0,71.0,102.1,0.222,0.395,0.51,48.2,60.2,7.5,8.3,0.488,13.8,28.7,0.15,2.0,R32,WEST
Jacksonville State,27,18,9,0.667,-3.02,-6.06,13,6,8,3,7,5,2005.0,1851.0,1095.0,675.0,1642.0,0.411,223.0,684.0,0.326,278.0,412.0,0.675,287.0,915.0,354.0,166.0,72.0,307.0,447.0,68.0,99.5,0.251,0.417,0.504,46.6,52.4,8.9,7.6,0.479,14.3,27.7,0.169,,,
Kansas State,29,9,20,0.31,0.76,9.04,4,14,6,12,2,7,1792.0,2037.0,1160.0,720.0,1566.0,0.46,232.0,636.0,0.365,365.0,494.0,0.739,256.0,955.0,392.0,227.0,90.0,386.0,442.0,66.5,105.5,0.315,0.406,0.566,50.1,54.4,11.8,9.7,0.534,17.7,28.0,0.233,,,
Kansas,30,21,9,0.7,15.29,10.26,12,6,14,1,4,6,2191.0,2010.0,1205.0,725.0,1749.0,0.415,222.0,661.0,0.336,336.0,466.0,0.721,279.0,1038.0,351.0,180.0,89.0,417.0,496.0,69.7,95.7,0.266,0.378,0.51,48.0,48.4,8.6,7.8,0.478,17.5,26.1,0.192,3.0,R32,WEST
Kent State,23,15,8,0.652,1.74,-1.9,12,6,9,2,6,5,1764.0,1635.0,925.0,585.0,1385.0,0.422,190.0,550.0,0.345,275.0,390.0,0.705,235.0,776.0,294.0,154.0,60.0,300.0,391.0,70.9,99.8,0.282,0.397,0.521,46.3,50.3,9.4,6.9,0.491,16.0,27.8,0.199,,,
Kentucky,25,9,16,0.36,11.77,11.49,8,9,5,6,4,7,1761.0,1754.0,1010.0,628.0,1521.0,0.413,164.0,525.0,0.312,334.0,451.0,0.741,286.0,905.0,307.0,154.0,91.0,317.0,456.0,70.0,99.3,0.297,0.345,0.505,48.8,48.9,8.7,9.1,0.467,15.4,30.5,0.22,,,
Lafayette,15,9,6,0.6,-5.38,-6.38,9,5,6,3,3,3,1165.0,1150.0,620.0,422.0,919.0,0.459,92.0,277.0,0.332,214.0,310.0,0.69,156.0,584.0,202.0,76.0,45.0,174.0,263.0,70.2,105.7,0.337,0.301,0.539,52.7,47.9,7.0,7.9,0.509,14.0,28.5,0.233,,,
Liberty,29,23,6,0.793,4.06,-6.14,11,2,13,0,5,3,2157.0,1739.0,1160.0,634.0,1550.0,0.409,171.0,555.0,0.308,300.0,435.0,0.69,206.0,866.0,264.0,156.0,64.0,341.0,407.0,64.9,92.4,0.281,0.358,0.495,47.1,41.6,8.3,7.6,0.464,16.3,21.1,0.194,13.0,R64,MIDWEST
Lipscomb,27,15,12,0.556,-7.07,-5.63,9,6,10,4,4,7,1922.0,1848.0,1085.0,695.0,1606.0,0.433,219.0,685.0,0.32,239.0,340.0,0.703,256.0,931.0,343.0,159.0,82.0,347.0,434.0,68.4,99.7,0.212,0.427,0.523,50.4,49.4,8.6,8.9,0.501,16.4,26.5,0.149,,,
Long Island University,18,9,9,0.5,-7.76,-8.82,9,9,6,3,3,6,1332.0,1313.0,720.0,485.0,1095.0,0.443,123.0,384.0,0.32,220.0,311.0,0.707,185.0,674.0,253.0,119.0,52.0,280.0,320.0,74.5,97.9,0.284,0.351,0.528,48.9,52.2,8.9,7.6,0.499,18.4,28.5,0.201,,,
Louisiana,26,17,9,0.654,-4.84,-5.5,10,7,10,3,6,4,1934.0,1892.0,1050.0,684.0,1614.0,0.424,169.0,507.0,0.333,355.0,474.0,0.749,267.0,894.0,361.0,178.0,82.0,315.0,428.0,72.1,99.9,0.294,0.314,0.514,46.5,52.8,9.4,7.6,0.476,14.6,27.3,0.22,,,
Louisiana State,29,19,10,0.655,15.7,9.14,11,6,11,2,4,6,2371.0,2181.0,1165.0,773.0,1844.0,0.419,243.0,811.0,0.3,392.0,549.0,0.714,368.0,1095.0,400.0,168.0,106.0,379.0,526.0,72.6,103.1,0.298,0.44,0.518,49.6,51.7,7.9,9.2,0.485,15.3,32.0,0.213,8.0,R32,EAST
Louisville,20,13,7,0.65,10.35,8.9,8,5,9,2,4,4,1359.0,1330.0,805.0,482.0,1141.0,0.422,141.0,463.0,0.305,225.0,340.0,0.662,191.0,669.0,240.0,117.0,72.0,221.0,345.0,66.0,100.1,0.298,0.406,0.511,46.7,49.8,8.8,9.0,0.484,14.5,26.2,0.197,,,
Loyola (IL),31,26,5,0.839,15.12,1.37,16,2,13,0,8,3,2202.0,1738.0,1250.0,657.0,1591.0,0.413,170.0,522.0,0.326,254.0,356.0,0.713,196.0,853.0,298.0,158.0,84.0,428.0,509.0,63.8,87.2,0.224,0.328,0.494,45.8,45.4,7.9,8.3,0.466,19.6,20.1,0.16,8.0,S16,MIDWEST
Manhattan,20,7,13,0.35,-12.2,-8.35,6,12,4,6,3,6,1268.0,1345.0,825.0,443.0,1044.0,0.424,114.0,345.0,0.33,345.0,489.0,0.706,197.0,738.0,246.0,121.0,82.0,311.0,405.0,67.6,96.6,0.468,0.33,0.527,50.5,55.5,8.7,11.2,0.479,19.6,29.5,0.33,,,
Marquette,27,13,14,0.481,8.51,8.58,8,11,7,7,6,6,1883.0,1885.0,1085.0,666.0,1609.0,0.414,202.0,596.0,0.339,351.0,483.0,0.727,285.0,913.0,362.0,197.0,86.0,294.0,481.0,68.4,101.7,0.3,0.37,0.513,48.3,54.4,10.6,9.3,0.477,13.8,28.3,0.218,,,
Marshall,22,15,7,0.682,5.7,-1.66,9,5,9,3,6,3,1758.0,1596.0,885.0,587.0,1351.0,0.434,175.0,488.0,0.359,247.0,372.0,0.664,234.0,819.0,263.0,154.0,60.0,321.0,342.0,73.1,98.6,0.275,0.361,0.522,51.3,44.8,9.5,7.4,0.499,17.4,28.2,0.183,,,
Maryland-Baltimore County,20,14,6,0.7,-1.05,-5.7,10,4,5,4,9,2,1391.0,1298.0,800.0,463.0,1167.0,0.397,158.0,480.0,0.329,214.0,299.0,0.716,178.0,680.0,212.0,107.0,56.0,245.0,373.0,68.7,94.5,0.256,0.411,0.496,48.2,45.8,7.8,8.1,0.464,15.8,24.3,0.183,,,
Maryland,31,17,14,0.548,13.94,11.97,9,11,11,6,4,6,2135.0,2034.0,1240.0,729.0,1777.0,0.41,256.0,742.0,0.345,320.0,448.0,0.714,283.0,1052.0,377.0,177.0,84.0,342.0,521.0,65.9,99.5,0.252,0.418,0.511,50.9,51.7,8.7,9.1,0.482,14.7,25.7,0.18,10.0,R32,EAST
Massachusetts,15,8,7,0.533,4.77,1.03,6,4,4,3,3,3,1151.0,1095.0,615.0,403.0,880.0,0.458,90.0,266.0,0.338,199.0,294.0,0.677,131.0,555.0,230.0,105.0,53.0,221.0,280.0,72.3,98.5,0.334,0.302,0.537,51.8,57.1,9.4,10.3,0.509,17.8,25.6,0.226,,,
Memphis,28,20,8,0.714,13.81,4.13,11,4,10,1,4,3,2027.0,1756.0,1120.0,606.0,1557.0,0.389,170.0,613.0,0.277,374.0,549.0,0.681,243.0,916.0,308.0,170.0,86.0,443.0,481.0,72.0,87.1,0.353,0.394,0.483,45.0,50.8,8.4,8.1,0.444,19.6,23.7,0.24,,,
Mercer,29,18,11,0.621,1.28,-1.6,8,9,9,4,6,6,2225.0,2082.0,1180.0,772.0,1764.0,0.438,216.0,679.0,0.318,322.0,457.0,0.705,261.0,972.0,350.0,182.0,74.0,350.0,437.0,70.1,100.7,0.259,0.385,0.525,48.0,45.3,8.8,6.9,0.499,15.0,24.6,0.183,,,
Miami (FL),27,10,17,0.37,3.23,7.75,4,15,7,8,1,8,1794.0,1916.0,1085.0,722.0,1610.0,0.448,248.0,656.0,0.378,224.0,318.0,0.704,245.0,936.0,401.0,188.0,112.0,331.0,420.0,68.0,103.8,0.198,0.407,0.544,49.8,55.5,10.2,11.0,0.525,15.8,26.3,0.139,,,
Michigan State,28,15,13,0.536,9.8,11.48,9,11,12,3,3,8,1944.0,1991.0,1125.0,693.0,1625.0,0.426,176.0,548.0,0.321,429.0,599.0,0.716,265.0,959.0,371.0,181.0,86.0,295.0,498.0,68.9,102.7,0.369,0.337,0.521,47.8,53.5,9.3,8.0,0.481,13.4,26.3,0.264,11.0,R68,EAST
Michigan,28,23,5,0.821,22.0,11.25,14,3,13,1,6,2,2123.0,1822.0,1125.0,667.0,1698.0,0.393,174.0,541.0,0.322,314.0,413.0,0.76,254.0,868.0,280.0,139.0,78.0,281.0,462.0,67.8,95.5,0.243,0.319,0.481,45.3,42.0,7.3,7.4,0.444,12.9,24.1,0.185,1.0,E8,EAST
Middle Tennessee,23,5,18,0.217,-10.78,-0.78,3,13,5,6,0,9,1426.0,1627.0,920.0,610.0,1293.0,0.472,140.0,437.0,0.32,267.0,378.0,0.706,186.0,827.0,300.0,174.0,76.0,320.0,329.0,69.9,101.2,0.292,0.338,0.552,51.8,49.2,10.8,9.6,0.526,17.9,25.4,0.206,,,
Milwaukee,22,10,12,0.455,-7.71,-6.98,7,10,4,5,6,6,1662.0,1678.0,900.0,582.0,1288.0,0.452,192.0,507.0,0.379,322.0,451.0,0.714,208.0,830.0,323.0,114.0,62.0,297.0,426.0,71.1,104.9,0.35,0.394,0.559,51.9,55.5,7.1,7.2,0.526,16.5,26.6,0.25,,,
Minnesota,29,14,15,0.483,11.04,11.73,6,14,13,4,0,10,2103.0,2123.0,1175.0,760.0,1722.0,0.441,192.0,546.0,0.352,411.0,591.0,0.695,332.0,1158.0,432.0,155.0,78.0,394.0,570.0,70.7,102.2,0.343,0.317,0.53,52.0,56.8,7.5,7.3,0.497,16.4,31.4,0.239,,,
Mississippi State,33,18,15,0.545,9.24,6.79,8,10,9,6,5,4,2287.0,2206.0,1340.0,791.0,1958.0,0.404,261.0,803.0,0.325,363.0,486.0,0.747,337.0,1055.0,468.0,237.0,129.0,389.0,542.0,67.2,98.0,0.248,0.41,0.504,45.0,59.2,10.5,9.6,0.471,15.1,27.5,0.185,,,
Mississippi,28,16,12,0.571,11.18,6.0,10,8,10,4,5,6,1927.0,1782.0,1125.0,623.0,1482.0,0.42,191.0,541.0,0.353,345.0,500.0,0.69,255.0,892.0,364.0,194.0,90.0,424.0,483.0,67.3,94.1,0.337,0.365,0.518,46.6,58.4,10.2,8.2,0.485,19.8,27.1,0.233,,,
Missouri,26,16,10,0.615,12.37,10.87,8,8,8,4,6,4,1909.0,1870.0,1050.0,654.0,1518.0,0.431,165.0,497.0,0.332,397.0,556.0,0.714,271.0,916.0,296.0,161.0,105.0,332.0,494.0,70.4,101.2,0.366,0.327,0.525,49.7,45.3,8.7,11.3,0.485,15.7,28.7,0.262,9.0,R64,WEST
Montana,28,15,13,0.536,-3.65,-1.57,7,9,8,4,5,8,1981.0,1876.0,1135.0,667.0,1555.0,0.429,162.0,520.0,0.312,380.0,567.0,0.67,252.0,919.0,324.0,165.0,77.0,351.0,507.0,68.0,97.3,0.365,0.334,0.514,49.8,48.6,8.6,7.1,0.481,16.1,26.1,0.244,,,
Morehead State,31,23,8,0.742,-0.95,-4.33,17,3,12,1,8,5,2132.0,1986.0,1250.0,736.0,1806.0,0.408,231.0,741.0,0.312,283.0,418.0,0.677,272.0,954.0,366.0,242.0,98.0,374.0,555.0,67.1,94.7,0.231,0.41,0.495,45.2,49.7,11.5,9.1,0.471,15.7,24.5,0.157,14.0,R64,MIDWEST
Mount St. Mary's,23,12,11,0.522,-5.67,-6.67,9,7,6,3,6,6,1454.0,1431.0,930.0,526.0,1300.0,0.405,129.0,422.0,0.306,250.0,325.0,0.769,198.0,740.0,217.0,151.0,65.0,237.0,402.0,63.8,96.5,0.25,0.325,0.492,46.3,41.3,10.2,8.3,0.454,14.0,24.3,0.192,16.0,R68,EAST
Murray State,26,13,13,0.5,-2.86,-8.2,10,10,9,4,4,8,1986.0,1739.0,1045.0,620.0,1478.0,0.419,193.0,604.0,0.32,306.0,445.0,0.688,227.0,832.0,292.0,136.0,102.0,348.0,369.0,69.4,96.0,0.301,0.409,0.515,47.0,47.1,7.5,10.8,0.485,17.1,24.5,0.207,,,
Nebraska,27,7,20,0.259,6.08,12.28,3,16,6,9,1,10,1889.0,2004.0,1085.0,711.0,1686.0,0.422,240.0,771.0,0.311,342.0,476.0,0.718,291.0,1073.0,388.0,184.0,98.0,356.0,466.0,73.0,101.3,0.282,0.457,0.524,52.3,54.6,9.3,10.7,0.493,15.7,28.3,0.203,,,
Nevada,26,16,10,0.615,5.4,2.12,8,7,10,2,2,7,1916.0,1812.0,1040.0,592.0,1448.0,0.409,212.0,638.0,0.332,416.0,582.0,0.715,231.0,897.0,356.0,169.0,66.0,324.0,505.0,70.1,99.4,0.402,0.441,0.525,49.2,60.1,9.3,7.5,0.482,15.8,24.4,0.287,,,
New Mexico State,20,12,8,0.6,-1.21,-5.09,7,6,4,2,5,5,1422.0,1283.0,800.0,452.0,1051.0,0.43,124.0,383.0,0.324,255.0,358.0,0.712,154.0,609.0,231.0,94.0,42.0,257.0,360.0,66.5,96.5,0.341,0.364,0.525,45.8,51.1,7.1,7.0,0.489,17.4,24.0,0.243,,,
New Mexico,22,6,16,0.273,-12.38,-1.73,1,8,0,0,3,8,1436.0,1578.0,890.0,557.0,1255.0,0.444,180.0,528.0,0.341,284.0,414.0,0.686,213.0,771.0,319.0,177.0,67.0,299.0,399.0,69.2,102.5,0.33,0.421,0.544,47.9,57.3,11.5,7.3,0.516,17.1,28.0,0.226,,,
New Orleans,25,10,15,0.4,-10.91,-9.74,8,7,6,3,2,10,1899.0,1910.0,1010.0,684.0,1511.0,0.453,159.0,499.0,0.319,383.0,559.0,0.685,293.0,887.0,336.0,209.0,94.0,393.0,446.0,74.4,101.6,0.37,0.33,0.538,50.2,49.1,11.1,8.9,0.505,18.1,31.6,0.253,,,
Norfolk State,25,17,8,0.68,-6.16,-8.51,8,4,7,4,6,3,1839.0,1742.0,1005.0,573.0,1419.0,0.404,203.0,642.0,0.316,393.0,561.0,0.701,263.0,922.0,317.0,140.0,94.0,384.0,476.0,72.0,96.3,0.395,0.452,0.517,50.4,55.3,7.7,9.9,0.475,18.6,28.5,0.277,16.0,R64,WEST
UNC Asheville,20,10,10,0.5,-6.99,-7.59,9,5,6,4,4,6,1468.0,1456.0,815.0,533.0,1192.0,0.447,120.0,370.0,0.324,270.0,385.0,0.701,240.0,748.0,239.0,130.0,82.0,280.0,329.0,69.9,102.2,0.323,0.31,0.53,52.8,44.8,9.1,11.7,0.497,16.9,33.2,0.227,,,
North Carolina Central,14,5,9,0.357,-15.99,-8.76,3,5,4,2,0,6,942.0,1003.0,565.0,346.0,771.0,0.449,94.0,275.0,0.342,217.0,299.0,0.726,150.0,522.0,201.0,91.0,46.0,215.0,256.0,69.7,101.9,0.388,0.357,0.549,53.3,58.1,9.2,9.0,0.51,19.1,31.4,0.281,,,
UNC Greensboro,30,21,9,0.7,3.48,-2.15,13,5,7,3,10,3,2189.0,2020.0,1205.0,689.0,1653.0,0.417,215.0,684.0,0.314,427.0,604.0,0.707,267.0,1091.0,344.0,146.0,83.0,446.0,477.0,70.5,95.1,0.365,0.414,0.521,48.2,49.9,6.9,7.0,0.482,18.7,25.1,0.258,13.0,R64,EAST
NC State,25,14,11,0.56,9.6,6.48,9,8,7,4,5,5,1820.0,1742.0,1005.0,640.0,1415.0,0.452,170.0,497.0,0.342,292.0,403.0,0.725,262.0,840.0,327.0,158.0,93.0,371.0,429.0,68.2,101.7,0.285,0.351,0.542,50.8,51.1,9.2,9.7,0.512,18.8,31.5,0.206,,,
UNC Wilmington,17,7,10,0.412,-6.84,-6.47,1,6,3,4,3,4,1297.0,1253.0,685.0,463.0,987.0,0.469,93.0,292.0,0.318,234.0,310.0,0.755,168.0,605.0,190.0,90.0,53.0,239.0,319.0,70.7,103.6,0.314,0.296,0.552,52.5,41.0,7.4,8.3,0.516,17.4,30.3,0.237,,,
North Carolina,29,18,11,0.621,14.79,9.52,10,6,10,1,3,7,2181.0,2028.0,1160.0,735.0,1734.0,0.424,233.0,665.0,0.35,325.0,466.0,0.697,280.0,943.0,376.0,247.0,133.0,396.0,526.0,71.8,97.5,0.269,0.384,0.519,43.2,51.2,11.9,10.1,0.491,16.8,26.2,0.187,8.0,R64,SOUTH
North Dakota State,27,15,12,0.556,-0.65,-2.72,11,5,6,2,5,7,1883.0,1827.0,1085.0,674.0,1541.0,0.437,191.0,566.0,0.337,288.0,405.0,0.711,182.0,819.0,324.0,136.0,73.0,249.0,448.0,66.6,101.2,0.263,0.367,0.527,45.1,48.1,7.5,7.7,0.499,12.6,19.7,0.187,,,
North Dakota,26,9,17,0.346,-10.35,-3.35,8,8,5,3,3,11,1787.0,1969.0,1055.0,715.0,1519.0,0.471,186.0,484.0,0.384,353.0,462.0,0.764,227.0,927.0,334.0,167.0,88.0,308.0,477.0,69.0,108.2,0.304,0.319,0.566,52.3,46.7,9.2,9.9,0.532,15.1,26.5,0.232,,,
North Florida,23,8,15,0.348,-11.48,-4.62,6,6,5,3,3,10,1601.0,1725.0,920.0,629.0,1405.0,0.448,139.0,417.0,0.333,328.0,445.0,0.737,288.0,849.0,352.0,183.0,68.0,251.0,357.0,68.6,109.3,0.317,0.297,0.534,53.1,56.0,11.6,10.4,0.497,13.4,34.5,0.233,,,
North Texas,28,18,10,0.643,7.58,1.02,9,5,8,3,5,6,1954.0,1745.0,1130.0,619.0,1501.0,0.412,178.0,533.0,0.334,329.0,455.0,0.723,253.0,862.0,267.0,175.0,81.0,387.0,422.0,65.2,94.7,0.303,0.355,0.508,48.2,43.1,9.5,8.6,0.472,18.4,26.9,0.219,13.0,R32,SOUTH
Northeastern,19,10,9,0.526,-1.09,0.02,8,2,5,1,4,7,1277.0,1298.0,765.0,479.0,1108.0,0.432,113.0,350.0,0.323,227.0,325.0,0.698,177.0,675.0,220.0,129.0,41.0,226.0,294.0,68.4,99.2,0.293,0.316,0.514,52.0,45.9,9.9,7.0,0.483,15.2,26.3,0.205,,,
Northern Iowa,25,10,15,0.4,-1.75,2.43,7,11,6,5,3,7,1738.0,1779.0,1010.0,651.0,1437.0,0.453,200.0,609.0,0.328,277.0,376.0,0.737,178.0,836.0,342.0,183.0,71.0,303.0,390.0,68.9,102.3,0.262,0.424,0.551,48.4,52.5,10.5,8.0,0.523,15.8,21.2,0.193,,,
Northern Kentucky,25,14,11,0.56,-6.78,-6.9,11,7,9,4,5,6,1784.0,1781.0,1015.0,641.0,1421.0,0.451,188.0,530.0,0.355,311.0,462.0,0.673,275.0,843.0,345.0,154.0,54.0,317.0,413.0,66.2,105.9,0.325,0.373,0.543,49.2,53.8,9.2,6.0,0.517,16.2,32.7,0.219,,,
Northwestern,24,9,15,0.375,9.71,11.76,6,13,7,6,2,8,1686.0,1681.0,970.0,586.0,1369.0,0.428,193.0,584.0,0.33,316.0,446.0,0.709,212.0,861.0,357.0,143.0,78.0,308.0,390.0,69.3,100.0,0.326,0.427,0.532,51.6,60.9,8.5,9.3,0.499,16.3,25.2,0.231,,,
Notre Dame,26,11,15,0.423,7.73,9.38,7,11,6,5,4,8,1890.0,1933.0,1040.0,737.0,1665.0,0.443,219.0,598.0,0.366,240.0,328.0,0.732,288.0,952.0,363.0,158.0,99.0,223.0,394.0,67.4,110.3,0.197,0.359,0.531,52.3,49.3,9.0,11.8,0.508,10.9,29.7,0.144,,,
Ohio State,31,21,10,0.677,18.25,12.19,12,8,10,4,7,4,2392.0,2204.0,1255.0,767.0,1821.0,0.421,238.0,700.0,0.34,432.0,610.0,0.708,307.0,1041.0,424.0,149.0,82.0,312.0,588.0,67.6,103.9,0.335,0.384,0.522,47.8,55.3,7.0,7.6,0.487,12.9,26.9,0.237,2.0,R64,SOUTH
Ohio,25,17,8,0.68,5.48,-0.57,9,5,8,3,4,4,1980.0,1815.0,1000.0,646.0,1468.0,0.44,197.0,583.0,0.338,326.0,429.0,0.76,228.0,840.0,345.0,141.0,65.0,344.0,441.0,71.6,101.4,0.292,0.397,0.543,48.8,53.4,7.9,7.0,0.507,17.1,26.2,0.222,13.0,R32,WEST
Oklahoma State,30,21,9,0.7,13.65,9.78,11,7,10,3,8,4,2297.0,2181.0,1225.0,768.0,1869.0,0.411,223.0,698.0,0.319,422.0,586.0,0.72,348.0,1082.0,371.0,241.0,135.0,440.0,552.0,73.0,97.5,0.314,0.373,0.508,48.5,48.3,10.8,11.2,0.471,17.0,29.8,0.226,4.0,R32,MIDWEST
Oklahoma,27,16,11,0.593,13.52,8.86,9,8,10,3,4,7,2012.0,1886.0,1095.0,687.0,1627.0,0.422,223.0,625.0,0.357,289.0,386.0,0.749,266.0,977.0,327.0,152.0,82.0,349.0,444.0,69.2,99.6,0.237,0.384,0.521,50.3,47.6,8.0,8.1,0.491,16.2,27.4,0.178,8.0,R32,WEST
Old Dominion,23,15,8,0.652,-1.1,-0.87,11,5,9,1,6,6,1571.0,1556.0,925.0,547.0,1305.0,0.419,196.0,559.0,0.351,266.0,382.0,0.696,205.0,779.0,303.0,147.0,77.0,300.0,375.0,68.2,98.7,0.293,0.428,0.523,48.5,55.4,9.3,8.4,0.494,16.8,25.4,0.204,,,
Oral Roberts,29,18,11,0.621,1.73,-0.04,10,5,8,3,5,7,2352.0,2192.0,1165.0,797.0,1839.0,0.433,198.0,585.0,0.338,400.0,573.0,0.698,348.0,1145.0,352.0,163.0,86.0,393.0,490.0,73.6,102.2,0.312,0.318,0.519,53.2,44.2,7.6,9.0,0.487,15.7,31.2,0.218,15.0,S16,SOUTH
Oregon State,33,20,13,0.606,11.48,10.82,10,10,10,6,4,6,2325.0,2232.0,1330.0,763.0,1806.0,0.422,210.0,699.0,0.3,496.0,687.0,0.722,328.0,1110.0,414.0,175.0,92.0,400.0,600.0,66.2,101.5,0.38,0.387,0.523,49.5,54.3,8.0,7.7,0.481,15.8,29.1,0.275,12.0,E8,MIDWEST
Oregon,29,21,7,0.75,16.15,9.65,14,4,11,2,7,2,2097.0,1915.0,1160.0,693.0,1570.0,0.441,209.0,611.0,0.342,320.0,419.0,0.764,249.0,898.0,379.0,138.0,78.0,385.0,439.0,65.8,100.4,0.267,0.389,0.541,49.2,54.7,7.2,7.6,0.508,17.9,27.3,0.204,7.0,S16,WEST
Pennsylvania,0,0,0,,,,0,0,0,0,0,0,,,,,,,,,,,,,,,,,,,,,,,,,,,,,,,,,,,
Pittsburgh,22,10,12,0.455,7.8,6.75,6,10,7,6,3,5,1566.0,1543.0,880.0,543.0,1249.0,0.435,163.0,505.0,0.323,294.0,415.0,0.708,199.0,729.0,348.0,130.0,93.0,263.0,386.0,68.5,102.3,0.332,0.404,0.533,46.4,64.1,8.6,10.9,0.5,15.4,26.1,0.235,,,
Prairie View,21,16,5,0.762,-8.02,-15.07,13,0,8,0,5,3,1497.0,1349.0,840.0,461.0,1097.0,0.42,117.0,368.0,0.318,310.0,505.0,0.614,231.0,757.0,230.0,144.0,66.0,382.0,323.0,70.7,90.9,0.46,0.335,0.505,50.6,49.9,9.7,8.2,0.474,22.2,31.4,0.283,,,
Princeton,0,0,0,,,,0,0,0,0,0,0,,,,,,,,,,,,,,,,,,,,,,,,,,,,,,,,,,,
Providence,26,13,13,0.5,8.94,8.82,9,10,8,3,4,7,1816.0,1813.0,1060.0,668.0,1533.0,0.436,154.0,518.0,0.297,323.0,462.0,0.699,278.0,947.0,326.0,165.0,87.0,299.0,459.0,67.2,101.8,0.301,0.338,0.517,50.5,48.8,9.3,8.6,0.486,14.6,29.9,0.211,,,
Purdue,28,18,10,0.643,15.55,11.23,13,6,11,1,5,6,1989.0,1868.0,1130.0,657.0,1579.0,0.416,228.0,716.0,0.318,324.0,476.0,0.681,235.0,880.0,394.0,155.0,96.0,315.0,515.0,66.5,99.4,0.301,0.453,0.517,45.5,60.0,8.2,9.7,0.488,14.9,24.1,0.205,4.0,R64,SOUTH
Radford,27,15,12,0.556,-6.2,-6.6,12,6,9,5,6,6,1826.0,1745.0,1100.0,628.0,1501.0,0.418,222.0,603.0,0.368,267.0,366.0,0.73,224.0,789.0,311.0,169.0,72.0,330.0,513.0,64.7,98.0,0.244,0.402,0.521,44.1,49.5,9.5,8.0,0.492,16.5,24.2,0.178,,,
Rhode Island,25,10,15,0.4,5.29,4.93,7,10,6,3,2,9,1786.0,1777.0,1020.0,622.0,1494.0,0.416,186.0,563.0,0.33,347.0,500.0,0.694,247.0,877.0,341.0,173.0,95.0,314.0,475.0,70.3,99.1,0.335,0.377,0.513,47.7,54.8,9.6,9.7,0.479,15.4,26.2,0.232,,,
Robert Morris,19,4,15,0.211,-13.2,-5.53,3,12,3,6,1,9,1374.0,1494.0,790.0,527.0,1125.0,0.468,162.0,421.0,0.385,278.0,385.0,0.722,220.0,715.0,276.0,122.0,50.0,261.0,291.0,68.5,110.4,0.342,0.374,0.571,52.5,52.4,9.0,6.5,0.54,16.6,33.4,0.247,,,
Rutgers,28,16,12,0.571,14.14,12.5,10,10,10,4,4,6,1939.0,1893.0,1125.0,670.0,1612.0,0.416,185.0,573.0,0.323,368.0,523.0,0.704,296.0,1019.0,377.0,190.0,92.0,362.0,450.0,68.3,98.6,0.324,0.355,0.509,50.8,56.3,9.9,8.4,0.473,16.3,29.2,0.228,10.0,R32,MIDWEST
Saint Joseph's,20,5,15,0.25,-4.56,5.89,3,9,3,3,1,9,1443.0,1652.0,825.0,602.0,1278.0,0.471,165.0,470.0,0.351,283.0,401.0,0.706,226.0,830.0,331.0,145.0,69.0,259.0,322.0,73.0,109.7,0.314,0.368,0.562,55.1,55.0,9.6,11.0,0.536,15.0,30.7,0.221,,,
Saint Louis,21,14,7,0.667,11.76,2.19,6,4,12,1,1,4,1575.0,1374.0,840.0,467.0,1114.0,0.419,143.0,425.0,0.336,297.0,409.0,0.726,155.0,624.0,241.0,139.0,84.0,286.0,341.0,68.7,95.3,0.367,0.382,0.525,43.6,51.6,9.6,9.6,0.483,17.9,22.1,0.267,,,
Saint Mary's (CA),24,14,10,0.583,8.05,6.43,4,6,9,3,2,3,1542.0,1503.0,960.0,558.0,1300.0,0.429,124.0,352.0,0.352,263.0,364.0,0.723,174.0,760.0,214.0,125.0,84.0,290.0,378.0,65.9,95.1,0.28,0.271,0.51,47.9,38.4,7.9,10.1,0.477,16.5,21.9,0.202,,,
San Diego State,28,23,5,0.821,14.36,2.99,14,3,13,2,6,2,2062.0,1713.0,1125.0,573.0,1461.0,0.392,225.0,670.0,0.336,342.0,465.0,0.735,224.0,895.0,349.0,127.0,81.0,421.0,513.0,66.9,91.0,0.318,0.459,0.509,47.2,60.9,6.7,8.6,0.469,20.0,23.5,0.234,6.0,R64,MIDWEST
Seton Hall,27,14,13,0.519,11.12,9.53,10,9,7,4,6,7,1924.0,1881.0,1095.0,680.0,1576.0,0.431,198.0,541.0,0.366,323.0,430.0,0.751,282.0,936.0,329.0,177.0,93.0,356.0,480.0,67.8,101.3,0.273,0.343,0.528,49.9,48.4,9.5,9.6,0.494,16.7,29.8,0.205,,,
South Carolina,21,6,15,0.286,3.39,10.01,4,12,3,6,2,7,1523.0,1662.0,840.0,566.0,1222.0,0.463,167.0,454.0,0.368,363.0,477.0,0.761,219.0,796.0,310.0,162.0,93.0,348.0,369.0,75.4,104.9,0.39,0.372,0.574,51.3,54.8,10.2,10.4,0.532,19.4,31.0,0.297,,,
South Dakota State,23,16,7,0.696,3.27,-2.05,9,3,8,1,4,2,1850.0,1690.0,920.0,606.0,1390.0,0.436,195.0,557.0,0.35,283.0,357.0,0.793,161.0,714.0,296.0,146.0,69.0,252.0,438.0,71.9,102.2,0.257,0.401,0.542,46.5,48.8,8.8,8.1,0.506,13.9,20.0,0.204,,,
Southern California,33,25,8,0.758,20.5,10.65,15,5,13,2,7,3,2473.0,2148.0,1340.0,780.0,2000.0,0.39,234.0,702.0,0.333,354.0,482.0,0.734,344.0,1076.0,420.0,185.0,91.0,382.0,618.0,67.7,94.7,0.241,0.351,0.482,45.6,53.8,8.2,6.9,0.449,14.6,27.7,0.177,6.0,E8,WEST
Southern Methodist,17,11,6,0.647,10.97,4.44,7,4,6,2,5,2,1269.0,1158.0,680.0,395.0,976.0,0.405,134.0,381.0,0.352,234.0,344.0,0.68,185.0,594.0,237.0,121.0,68.0,243.0,309.0,70.8,96.3,0.352,0.39,0.508,48.8,60.0,10.1,10.8,0.473,17.6,29.2,0.24,,,
Southern,19,8,11,0.421,-13.49,-13.07,8,6,5,2,3,7,1327.0,1335.0,775.0,457.0,1088.0,0.42,115.0,348.0,0.33,306.0,444.0,0.689,176.0,651.0,216.0,145.0,79.0,291.0,353.0,72.9,94.5,0.408,0.32,0.514,48.5,47.3,10.3,10.5,0.473,18.3,25.8,0.281,,,
St. Bonaventure,21,16,5,0.762,13.44,4.49,11,4,8,1,4,3,1471.0,1283.0,840.0,454.0,1166.0,0.389,154.0,502.0,0.307,221.0,334.0,0.662,219.0,708.0,258.0,103.0,67.0,263.0,328.0,65.3,93.6,0.286,0.431,0.484,47.7,56.8,7.5,8.0,0.455,16.6,29.0,0.19,9.0,R64,EAST
St. John's (NY),27,16,11,0.593,9.41,7.19,10,9,11,3,4,6,2132.0,2072.0,1095.0,756.0,1634.0,0.463,206.0,603.0,0.342,354.0,520.0,0.681,287.0,1023.0,395.0,186.0,108.0,443.0,452.0,74.1,102.2,0.318,0.369,0.551,51.3,52.2,9.2,9.3,0.526,19.1,30.0,0.217,,,
Stanford,27,14,13,0.519,10.15,10.01,10,10,5,4,6,6,1883.0,1879.0,1100.0,669.0,1609.0,0.416,215.0,640.0,0.336,326.0,435.0,0.749,280.0,905.0,342.0,189.0,97.0,388.0,494.0,69.7,98.1,0.27,0.398,0.517,50.0,51.1,9.9,9.6,0.483,17.6,28.7,0.203,,,
Stephen F. Austin,21,16,5,0.762,-1.63,-8.46,13,3,10,1,6,4,1686.0,1484.0,850.0,500.0,1134.0,0.441,136.0,405.0,0.336,348.0,466.0,0.747,186.0,603.0,272.0,160.0,67.0,381.0,428.0,72.7,96.1,0.411,0.357,0.547,44.6,54.4,10.4,7.5,0.501,21.9,26.9,0.307,,,
Stony Brook,23,9,14,0.391,-6.14,-4.73,7,9,5,5,4,8,1522.0,1509.0,930.0,533.0,1308.0,0.407,173.0,521.0,0.332,270.0,386.0,0.699,227.0,816.0,290.0,150.0,67.0,305.0,413.0,67.7,95.8,0.295,0.398,0.506,48.3,54.4,9.5,7.9,0.474,17.0,27.0,0.206,,,
Syracuse,28,18,10,0.643,13.27,8.59,9,7,13,1,2,7,2095.0,1964.0,1125.0,707.0,1724.0,0.41,242.0,762.0,0.318,308.0,415.0,0.742,355.0,1060.0,484.0,166.0,89.0,391.0,438.0,69.3,100.8,0.241,0.442,0.511,51.7,68.5,8.5,8.9,0.48,16.9,33.5,0.179,11.0,S16,MIDWEST
Temple,16,5,11,0.313,2.57,5.57,4,10,3,5,2,5,1053.0,1101.0,640.0,385.0,944.0,0.408,123.0,359.0,0.343,208.0,299.0,0.696,169.0,592.0,213.0,90.0,55.0,175.0,290.0,68.3,100.7,0.317,0.38,0.507,50.5,55.3,8.2,10.3,0.473,13.9,28.1,0.22,,,
Tennessee,27,18,9,0.667,16.87,8.46,10,7,13,3,4,4,1941.0,1714.0,1080.0,599.0,1492.0,0.401,184.0,568.0,0.324,332.0,456.0,0.728,272.0,917.0,278.0,175.0,73.0,424.0,521.0,68.7,92.3,0.306,0.381,0.502,48.6,46.4,9.4,7.2,0.463,19.9,28.8,0.223,5.0,R64,MIDWEST
Texas A&M,18,8,10,0.444,2.2,4.86,2,8,6,4,2,4,1157.0,1205.0,720.0,432.0,959.0,0.45,155.0,455.0,0.341,186.0,284.0,0.655,174.0,580.0,293.0,120.0,68.0,271.0,307.0,66.1,101.3,0.296,0.474,0.551,49.1,67.8,10.1,11.8,0.531,19.9,30.1,0.194,,,
TCU,26,12,14,0.462,2.61,6.99,5,11,6,7,3,6,1738.0,1852.0,1045.0,684.0,1523.0,0.449,177.0,528.0,0.335,307.0,447.0,0.687,267.0,893.0,402.0,182.0,93.0,301.0,420.0,67.6,104.9,0.293,0.347,0.534,49.8,58.8,10.3,10.2,0.507,14.8,29.3,0.202,,,
Texas Southern,26,17,9,0.654,-6.15,-9.03,10,3,8,2,5,6,1921.0,1806.0,1045.0,626.0,1563.0,0.401,189.0,610.0,0.31,365.0,522.0,0.699,261.0,928.0,314.0,165.0,94.0,378.0,501.0,73.9,93.6,0.334,0.39,0.499,46.6,50.2,8.5,8.2,0.461,17.3,25.8,0.234,16.0,R64,EAST
Texas Tech,29,18,11,0.621,16.59,7.28,9,8,11,4,5,4,2103.0,1833.0,1170.0,631.0,1533.0,0.412,200.0,585.0,0.342,371.0,545.0,0.681,284.0,965.0,284.0,159.0,87.0,465.0,576.0,67.1,93.4,0.356,0.382,0.511,48.8,45.0,8.1,7.6,0.477,20.6,29.4,0.242,6.0,R32,SOUTH
Texas,27,19,8,0.704,15.51,9.36,11,6,8,5,6,2,2008.0,1842.0,1095.0,644.0,1579.0,0.408,166.0,523.0,0.317,388.0,567.0,0.684,278.0,928.0,267.0,169.0,84.0,339.0,481.0,69.5,96.7,0.359,0.331,0.498,47.3,41.5,8.9,9.4,0.46,15.5,27.2,0.246,3.0,R64,EAST
Troy,28,11,17,0.393,-12.06,-4.06,4,12,7,4,2,11,1829.0,1942.0,1125.0,696.0,1627.0,0.428,221.0,622.0,0.355,329.0,490.0,0.671,262.0,1008.0,372.0,224.0,110.0,375.0,516.0,70.2,98.4,0.301,0.382,0.522,48.8,53.4,11.3,11.3,0.496,16.8,25.8,0.202,,,
Tulsa,23,11,12,0.478,4.19,5.43,7,9,7,5,4,4,1573.0,1509.0,920.0,520.0,1272.0,0.409,181.0,540.0,0.335,288.0,441.0,0.653,252.0,806.0,287.0,172.0,58.0,338.0,394.0,68.0,96.4,0.347,0.425,0.509,50.8,55.2,11.0,7.7,0.48,18.6,30.4,0.226,,,
UCLA,32,22,10,0.688,16.3,11.34,13,6,11,1,5,6,2349.0,2190.0,1325.0,798.0,1811.0,0.441,230.0,683.0,0.337,364.0,510.0,0.714,253.0,1008.0,397.0,157.0,93.0,377.0,577.0,65.4,101.1,0.282,0.377,0.533,47.4,49.7,7.2,7.3,0.504,15.5,23.9,0.201,11.0,F4,EAST
Utah State,29,20,9,0.69,10.99,1.32,13,4,10,2,5,3,2105.0,1808.0,1160.0,640.0,1640.0,0.39,221.0,664.0,0.333,307.0,414.0,0.742,222.0,881.0,334.0,192.0,103.0,396.0,514.0,69.5,89.7,0.252,0.405,0.492,42.7,52.2,9.5,8.8,0.458,17.7,21.3,0.187,11.0,R64,SOUTH
Utah,25,12,13,0.48,11.86,9.54,8,11,8,5,3,7,1803.0,1745.0,1010.0,639.0,1427.0,0.448,183.0,508.0,0.36,284.0,390.0,0.728,250.0,849.0,328.0,158.0,97.0,335.0,429.0,67.6,102.2,0.273,0.356,0.541,52.1,51.3,9.3,10.6,0.512,17.2,29.5,0.199,,,
Valparaiso,28,10,18,0.357,-4.21,1.14,7,11,6,6,4,11,1821.0,1902.0,1130.0,701.0,1606.0,0.436,191.0,574.0,0.333,309.0,446.0,0.693,252.0,1032.0,370.0,170.0,68.0,365.0,427.0,68.3,98.5,0.278,0.357,0.523,52.9,52.8,8.8,7.2,0.496,16.7,25.8,0.192,,,
Vanderbilt,25,9,16,0.36,6.14,6.74,3,13,6,7,2,8,1794.0,1809.0,1000.0,646.0,1411.0,0.458,178.0,526.0,0.338,339.0,475.0,0.714,237.0,867.0,340.0,170.0,105.0,345.0,439.0,69.6,103.9,0.337,0.373,0.553,50.7,52.6,9.8,14.0,0.521,17.4,28.4,0.24,,,
Vermont,15,10,5,0.667,1.99,-7.61,10,4,6,3,4,2,1095.0,951.0,610.0,330.0,810.0,0.407,101.0,324.0,0.312,190.0,271.0,0.701,120.0,467.0,145.0,76.0,33.0,192.0,291.0,66.4,93.9,0.335,0.4,0.507,47.1,43.9,7.5,6.7,0.47,17.0,23.2,0.235,,,
Villanova,25,18,7,0.72,17.47,9.19,11,4,9,0,4,4,1870.0,1663.0,1005.0,612.0,1388.0,0.441,193.0,563.0,0.343,246.0,355.0,0.693,207.0,818.0,299.0,100.0,69.0,303.0,417.0,65.7,100.8,0.256,0.406,0.534,49.1,48.9,6.1,8.6,0.51,16.3,25.2,0.177,5.0,S16,SOUTH
Virginia Commonwealth,27,19,7,0.731,11.3,4.76,10,4,12,2,5,3,1864.0,1694.0,1085.0,590.0,1457.0,0.405,156.0,511.0,0.305,358.0,516.0,0.694,293.0,905.0,302.0,168.0,81.0,436.0,453.0,67.9,92.0,0.354,0.351,0.498,50.4,51.2,9.1,8.5,0.458,20.4,31.0,0.246,10.0,R64,WEST
Virginia Tech,22,15,7,0.682,12.59,6.5,9,4,10,2,3,3,1585.0,1451.0,895.0,513.0,1210.0,0.424,156.0,471.0,0.331,269.0,386.0,0.697,178.0,708.0,236.0,128.0,73.0,266.0,382.0,66.4,97.7,0.319,0.389,0.521,48.2,46.0,8.6,10.0,0.488,16.0,24.3,0.222,10.0,R64,SOUTH
Virginia,25,18,7,0.72,15.27,7.59,13,4,10,1,6,3,1705.0,1513.0,1005.0,550.0,1321.0,0.416,168.0,495.0,0.339,245.0,327.0,0.749,182.0,738.0,291.0,124.0,58.0,233.0,306.0,60.8,99.0,0.248,0.375,0.512,48.3,52.9,8.1,7.6,0.48,13.6,22.4,0.185,4.0,R64,WEST
Wake Forest,22,6,16,0.273,1.72,8.06,3,15,5,6,1,9,1458.0,1583.0,885.0,569.0,1213.0,0.469,167.0,442.0,0.378,278.0,396.0,0.702,181.0,749.0,307.0,167.0,104.0,269.0,330.0,67.4,106.1,0.326,0.364,0.565,51.1,54.0,11.2,15.8,0.538,16.1,25.8,0.229,,,
Washington,26,5,21,0.192,1.88,11.61,4,16,4,7,1,9,1759.0,2012.0,1040.0,719.0,1583.0,0.454,183.0,524.0,0.349,391.0,549.0,0.712,313.0,1012.0,411.0,152.0,79.0,318.0,434.0,71.0,109.0,0.347,0.331,0.546,55.5,57.2,8.2,8.6,0.512,14.7,34.4,0.247,,,
Weber State,23,17,6,0.739,3.14,-5.22,12,3,11,0,6,5,1881.0,1594.0,920.0,569.0,1341.0,0.424,162.0,478.0,0.339,294.0,410.0,0.717,196.0,714.0,291.0,142.0,53.0,328.0,436.0,72.5,95.6,0.306,0.356,0.519,48.6,51.1,8.5,6.6,0.485,17.6,24.4,0.219,,,
West Virginia,29,19,10,0.655,15.36,10.05,11,6,8,5,7,2,2243.0,2089.0,1175.0,769.0,1721.0,0.447,219.0,653.0,0.335,332.0,481.0,0.69,313.0,1021.0,405.0,178.0,82.0,434.0,590.0,70.6,100.8,0.279,0.379,0.536,48.2,52.7,8.6,6.8,0.51,18.2,30.7,0.193,3.0,R32,MIDWEST
Western Michigan,21,5,16,0.238,-11.51,-1.21,4,12,2,9,3,7,1325.0,1511.0,840.0,560.0,1291.0,0.434,156.0,496.0,0.315,235.0,324.0,0.725,220.0,762.0,233.0,163.0,52.0,213.0,329.0,68.3,105.4,0.251,0.384,0.523,51.8,41.6,11.4,7.2,0.494,12.8,28.8,0.182,,,
Wichita State,22,16,6,0.727,9.36,6.91,11,2,10,2,5,2,1572.0,1469.0,890.0,533.0,1326.0,0.402,150.0,506.0,0.296,253.0,371.0,0.682,266.0,868.0,272.0,119.0,63.0,286.0,396.0,68.6,96.2,0.28,0.382,0.489,51.0,51.0,7.8,8.0,0.459,16.0,31.7,0.191,11.0,R68,WEST
Winthrop,25,23,2,0.92,4.69,-7.15,17,1,11,1,10,0,1972.0,1676.0,1000.0,597.0,1384.0,0.431,165.0,510.0,0.324,317.0,476.0,0.666,190.0,786.0,260.0,147.0,88.0,398.0,524.0,72.5,92.4,0.344,0.368,0.52,43.9,43.6,8.1,9.5,0.491,19.8,21.8,0.229,12.0,R64,SOUTH
Wisconsin,31,18,13,0.581,17.22,11.93,10,10,11,5,5,6,2167.0,2003.0,1250.0,729.0,1726.0,0.422,194.0,579.0,0.335,351.0,491.0,0.715,260.0,1084.0,385.0,135.0,115.0,356.0,501.0,65.8,97.4,0.284,0.335,0.511,51.0,52.8,6.6,10.8,0.479,15.4,24.8,0.203,9.0,R32,SOUTH
Wofford,24,15,9,0.625,1.76,-0.24,12,5,9,3,6,4,1784.0,1627.0,965.0,599.0,1373.0,0.436,195.0,580.0,0.336,234.0,341.0,0.686,215.0,779.0,290.0,154.0,67.0,311.0,375.0,67.6,99.8,0.248,0.422,0.53,48.4,48.4,9.4,9.8,0.507,16.8,26.0,0.17,,,
Wright State,24,18,6,0.75,6.89,-7.65,16,4,9,4,9,2,1967.0,1618.0,965.0,615.0,1534.0,0.401,154.0,504.0,0.306,234.0,334.0,0.701,244.0,791.0,272.0,172.0,51.0,290.0,465.0,72.1,93.0,0.218,0.329,0.478,43.8,44.2,9.9,5.2,0.451,14.6,25.0,0.153,,,
Wyoming,25,14,11,0.56,-1.23,-2.31,5,9,7,5,4,5,1915.0,1888.0,1010.0,694.0,1452.0,0.478,149.0,451.0,0.33,351.0,492.0,0.713,236.0,919.0,316.0,140.0,81.0,320.0,487.0,69.9,106.9,0.339,0.311,0.56,53.0,45.5,7.9,11.0,0.529,16.0,27.8,0.242,,,
Xavier,21,13,8,0.619,11.09,6.47,6,7,11,2,2,5,1571.0,1474.0,850.0,541.0,1310.0,0.413,165.0,488.0,0.338,227.0,308.0,0.737,222.0,768.0,308.0,116.0,58.0,242.0,341.0,69.5,99.8,0.235,0.373,0.506,49.2,56.9,7.9,7.4,0.476,14.2,27.3,0.173,,,
Yale,0,0,0,,,,0,0,0,0,0,0,,,,,,,,,,,,,,,,,,,,,,,,,,,,,,,,,,,
