,Rk,School,G,Overall.W,Overall.L,W-L%,SRS,SOS,Conf.W,Conf.L,Home.W,Home.L,Away.W,Away.L,Tm.,Opp.,MP,FG,FGA,FG%,3P,3PA,3P%,FT,FTA,FT%,ORB,TRB,AST,STL,BLK,TOV,PF,Pace,ORtg,FTr,3PAr,TS%,TRB%,AST%,STL%,BLK%,eFG%,TOV%,ORB%,FT/FGA
0,1,Abilene Christian,36,25,11,.694,2.25,-2.09,11,7,14,3,6,6,2761,2432,1460,946,2159,.438,247,773,.320,622,825,.754,376,1155,538,391,67,453,801,71.9,105.3,.382,.358,.541,48.2,56.9,14.9,6.3,.495,15.1,29.1,.288
1,2,Air Force,29,11,18,.379,-5.67,1.33,4,13,7,6,2,10,1712,1915,1160,627,1437,.436,208,625,.333,250,385,.649,172,770,362,158,88,395,523,63.4,93.1,.268,.435,.528,44.6,57.7,8.6,9.1,.509,19.6,19.6,.174
2,3,Akron NCAA,34,24,10,.706,0.91,-3.93,14,6,12,3,8,4,2402,2130,1365,827,1799,.460,265,748,.354,483,701,.689,334,1188,396,199,110,388,536,64.1,109.8,.390,.416,.563,53.0,47.9,9.1,9.2,.533,15.4,30.6,.268
3,4,Alabama A&M,30,12,18,.400,-14.43,-8.86,10,8,7,3,4,14,1843,2010,1220,656,1733,.379,117,431,.271,414,581,.713,334,1134,285,211,96,407,483,68.3,88.5,.335,.249,.459,48.8,43.4,10.1,8.8,.412,16.8,28.7,.239
4,5,UAB NCAA,35,27,8,.771,10.90,-0.14,14,4,16,2,7,4,2811,2336,1415,1035,2212,.468,276,734,.376,465,629,.739,424,1339,453,334,146,402,579,70.4,112.9,.284,.332,.560,53.1,43.8,13.4,11.6,.530,13.8,33.7,.210
5,6,Alabama State,31,10,21,.323,-12.05,-5.45,8,10,7,6,3,15,2160,2332,1250,751,1762,.426,193,581,.332,465,666,.698,326,1062,373,234,111,477,560,71.4,96.7,.378,.330,.520,48.3,49.7,10.5,9.6,.481,18.7,29.7,.264
6,7,Alabama NCAA,33,19,14,.576,14.62,11.59,9,9,13,3,3,7,2623,2523,1325,911,2072,.440,305,987,.309,496,681,.728,443,1306,484,233,155,480,609,73.2,108.1,.329,.476,.547,52.3,53.1,9.6,11.9,.513,16.7,35.3,.239
7,8,Albany (NY),31,13,18,.419,-9.80,-5.77,9,9,4,8,8,9,1917,2042,1245,714,1741,.410,182,563,.323,307,436,.704,281,992,292,209,76,383,558,65.8,93.6,.250,.323,.492,48.4,40.9,10.2,7.5,.462,16.4,26.1,.176
8,9,Alcorn State,34,17,17,.500,-8.68,-4.12,14,4,6,3,9,13,2262,2417,1370,817,1984,.412,183,580,.316,445,643,.692,400,1220,352,253,92,478,604,69.0,95.8,.324,.292,.494,51.1,43.1,10.7,7.6,.458,17.3,31.9,.224
9,10,American,32,10,22,.313,-15.38,-7.91,5,13,6,5,4,16,2031,2270,1290,781,1737,.450,161,487,.331,308,444,.694,223,981,390,209,98,427,477,66.8,94.2,.256,.280,.521,48.1,49.9,9.7,8.3,.496,18.0,21.6,.177
10,11,Appalachian State,34,19,15,.559,-1.45,-1.45,12,6,11,5,6,7,2281,2146,1365,822,1966,.418,283,846,.335,354,537,.659,335,1199,427,191,85,350,437,65.5,102.0,.273,.430,.513,50.4,51.9,8.5,7.1,.490,13.6,27.3,.180
11,12,Arizona State,31,14,17,.452,7.64,9.48,10,10,9,6,5,7,2027,2084,1260,775,1873,.414,214,697,.307,263,398,.661,292,1102,414,207,131,370,562,67.9,94.7,.212,.372,.492,47.2,53.4,9.7,12.4,.471,15.2,24.9,.140
12,13,Arizona NCAA,37,33,4,.892,22.75,6.84,18,2,17,0,9,3,3107,2518,1490,1117,2269,.492,287,815,.352,586,793,.739,429,1531,726,249,210,497,619,72.7,114.7,.349,.359,.587,55.0,65.0,9.2,13.4,.556,15.8,34.6,.258
13,14,Little Rock,28,9,19,.321,-12.05,-0.73,3,11,6,7,1,10,1868,2047,1140,651,1544,.422,197,585,.337,369,502,.735,233,881,364,194,60,387,468,68.0,96.3,.325,.379,.524,47.3,55.9,10.0,6.3,.485,17.8,24.6,.239
14,15,Arkansas-Pine Bluff,31,7,24,.226,-18.96,-4.58,5,13,5,7,2,17,2055,2426,1245,708,1732,.409,212,705,.301,427,597,.715,272,914,355,222,80,406,540,69.3,95.3,.345,.407,.510,43.8,50.1,10.3,6.4,.470,16.8,24.6,.247
15,16,Arkansas State,29,18,11,.621,-3.27,-3.50,8,7,11,3,6,7,2055,1974,1165,745,1653,.451,157,505,.311,408,548,.745,294,1044,452,229,96,403,482,69.5,101.5,.332,.306,.537,51.5,60.7,11.3,8.5,.498,17.4,29.8,.247
16,17,Arkansas NCAA,37,28,9,.757,16.27,8.62,13,5,17,1,5,4,2810,2527,1490,972,2241,.434,233,767,.304,633,833,.760,399,1399,512,281,153,452,624,72.0,104.8,.372,.342,.533,52.0,52.7,10.5,11.7,.486,14.6,29.5,.282
17,18,Army,31,15,16,.484,-10.53,-7.53,9,9,10,4,4,12,2183,2182,1250,804,1839,.437,209,652,.321,366,581,.630,344,1154,389,243,58,408,460,69.9,99.9,.316,.355,.516,51.3,48.4,11.1,5.3,.494,16.2,30.0,.199
18,19,Auburn NCAA,34,28,6,.824,19.20,8.17,15,3,16,0,8,3,2660,2285,1380,943,2166,.435,274,862,.318,500,684,.731,435,1375,501,284,272,411,629,71.3,108.1,.316,.398,.534,52.5,53.1,11.5,21.1,.499,14.2,33.6,.231
19,20,Austin Peay,29,12,17,.414,-10.02,-3.39,8,10,6,5,6,11,1875,2004,1175,669,1639,.408,229,726,.315,308,436,.706,306,952,392,186,59,405,483,66.1,96.5,.266,.443,.508,48.6,58.6,9.6,6.1,.478,18.0,29.5,.188
20,21,Ball State,31,14,17,.452,-7.99,-4.56,9,10,9,5,4,9,2304,2380,1245,788,1783,.442,265,735,.361,463,667,.694,301,1105,408,188,75,433,555,71.6,103.4,.374,.412,.549,49.6,51.8,8.4,7.0,.516,17.1,27.1,.260
21,22,Baylor NCAA,34,27,7,.794,21.73,8.76,14,4,15,2,8,3,2619,2178,1370,962,2083,.462,274,799,.343,421,604,.697,437,1264,542,298,117,421,548,68.6,111.4,.290,.384,.553,53.4,56.3,12.7,9.7,.528,15.1,36.3,.202
22,23,Bellarmine,33,20,13,.606,-3.77,-1.28,11,5,11,4,8,8,2314,2217,1325,878,1847,.475,257,755,.340,301,400,.753,240,1001,478,185,55,312,473,63.8,109.5,.217,.409,.568,48.3,54.4,8.8,5.8,.545,13.3,23.7,.163
23,24,Belmont,33,25,8,.758,6.49,-2.57,15,3,13,1,10,5,2583,2264,1330,957,1960,.488,282,850,.332,387,521,.743,256,1104,595,299,129,390,452,70.3,110.5,.266,.434,.585,49.9,62.2,12.8,11.0,.560,15.0,24.6,.197
24,25,Bethune-Cookman,30,9,21,.300,-14.70,-6.70,7,11,4,6,4,13,1901,2086,1210,710,1705,.416,144,429,.336,337,489,.689,300,977,322,238,73,401,514,67.4,93.3,.287,.252,.491,48.2,45.4,11.7,7.1,.459,17.1,28.4,.198
25,26,Binghamton,29,12,17,.414,-10.41,-6.18,8,10,5,8,7,9,1962,1983,1165,746,1692,.441,213,602,.354,257,389,.661,276,1045,334,164,106,366,484,67.3,100.1,.230,.356,.523,50.5,44.8,8.4,10.0,.504,16.3,27.2,.152
26,27,Boise State NCAA,35,27,8,.771,11.93,5.22,15,3,13,3,9,3,2389,2130,1415,849,1910,.445,257,742,.346,434,668,.650,358,1219,399,210,120,422,526,64.9,104.1,.350,.388,.536,53.6,47.0,9.2,9.6,.512,15.9,30.6,.227
27,28,Boston College,33,13,20,.394,4.03,5.22,6,14,9,7,2,10,2209,2248,1340,812,1897,.428,190,614,.309,395,561,.704,352,1130,408,237,97,393,514,65.5,100.7,.296,.324,.511,50.9,50.2,10.8,8.6,.478,15.4,30.0,.208
28,29,Boston University,35,22,13,.629,-5.07,-7.34,11,7,11,4,8,8,2470,2369,1415,893,1967,.454,263,743,.354,421,570,.739,356,1218,384,197,85,424,545,65.3,106.9,.290,.378,.552,53.4,43.0,8.5,6.6,.521,15.9,31.1,.214
29,30,Bowling Green State,31,13,18,.419,-8.82,-4.44,6,14,9,7,3,10,2488,2495,1250,881,2024,.435,255,751,.340,471,637,.739,376,1202,390,227,106,381,550,74.4,107.1,.315,.371,.535,50.3,44.3,9.8,9.4,.498,14.1,30.7,.233
30,31,Bradley,31,17,14,.548,5.79,1.19,11,7,12,2,3,8,2185,2021,1245,799,1800,.444,241,714,.338,346,502,.689,346,1202,419,197,142,420,527,68.1,103.2,.279,.397,.536,54.9,52.4,9.3,13.1,.511,17.1,32.1,.192
31,32,Brigham Young,35,24,11,.686,10.05,5.23,9,6,14,3,6,5,2599,2392,1410,960,2101,.457,280,793,.353,399,556,.718,374,1376,513,168,111,441,619,69.1,106.7,.265,.377,.549,54.8,53.4,6.9,8.6,.524,15.7,30.8,.190
32,33,Brown,29,13,16,.448,-3.32,-1.91,5,9,6,7,6,7,2058,2015,1160,739,1698,.435,209,668,.313,371,523,.709,304,1029,354,194,112,381,520,69.7,101.8,.308,.393,.529,50.7,47.9,9.6,11.1,.497,16.4,29.4,.218
33,34,Bryant NCAA,32,22,10,.688,-4.80,-7.41,15,2,14,1,7,7,2497,2348,1290,879,2013,.437,264,868,.304,475,649,.732,404,1322,444,207,143,444,544,73.0,106.1,.322,.431,.538,51.8,50.5,8.8,10.1,.502,16.1,33.1,.236
34,35,Bucknell,32,9,23,.281,-14.62,-6.37,5,13,7,6,2,15,2277,2541,1310,818,1790,.457,253,673,.376,388,507,.765,218,1014,471,148,100,431,490,68.3,101.8,.283,.376,.561,47.1,57.6,6.6,7.9,.528,17.5,21.4,.217
35,36,Buffalo,30,19,11,.633,1.90,-3.21,13,6,9,3,9,6,2398,2168,1200,891,1957,.455,255,746,.342,361,509,.709,425,1273,451,214,137,396,513,72.5,110.3,.260,.381,.545,55.0,50.6,9.8,10.8,.520,15.3,37.2,.184
36,37,Butler,33,14,19,.424,4.45,9.16,6,14,9,7,3,8,2107,2209,1335,749,1799,.416,229,751,.305,380,546,.696,298,1083,363,171,80,395,550,64.9,97.2,.304,.417,.512,49.1,48.5,7.9,7.0,.480,16.1,26.7,.211
37,38,Cal Poly,28,7,21,.250,-10.60,-3.30,4,12,4,7,2,12,1721,1885,1135,593,1450,.409,147,507,.290,388,533,.728,259,979,295,132,68,412,543,65.5,92.5,.368,.350,.505,51.3,49.7,7.1,7.0,.460,19.5,27.9,.268
38,39,Cal State Bakersfield,28,9,19,.321,-7.57,-2.01,2,14,6,7,2,11,1816,1857,1120,682,1613,.423,107,372,.288,345,489,.706,334,981,279,173,67,327,577,65.6,98.9,.303,.231,.492,52.8,40.9,9.4,8.4,.456,15.1,33.6,.214
39,40,Cal State Fullerton NCAA,32,21,11,.656,-0.04,-2.28,12,5,11,2,7,7,2239,2129,1280,792,1781,.445,176,535,.329,479,625,.766,312,1070,360,233,63,388,506,67.2,104.1,.351,.300,.539,51.1,45.5,10.8,5.7,.494,15.7,29.7,.269
40,41,Cal State Northridge,30,7,23,.233,-12.02,-1.41,3,15,4,11,3,11,1847,2137,1215,678,1684,.403,154,508,.303,337,494,.682,295,952,275,216,76,368,560,65.7,92.5,.293,.302,.481,46.0,40.6,10.8,7.5,.448,16.1,27.0,.200
41,42,California Baptist,34,18,16,.529,-3.53,-3.34,7,11,14,5,3,9,2402,2284,1365,831,1900,.437,272,817,.333,468,695,.673,340,1260,541,176,93,473,626,69.3,101.6,.366,.430,.539,51.8,65.1,7.4,7.1,.509,17.5,28.7,.246
42,43,UC Davis,24,13,11,.542,-3.70,-4.29,6,6,7,5,5,4,1628,1593,965,601,1366,.440,146,438,.333,280,397,.705,213,823,272,144,69,300,443,67.9,99.3,.291,.321,.524,49.3,45.3,8.8,7.8,.493,16.2,26.0,.205
43,44,UC Irvine,25,15,10,.600,1.59,-0.93,10,5,9,1,6,7,1656,1507,1000,609,1377,.442,126,388,.325,312,408,.765,250,908,273,150,89,338,450,66.1,100.3,.296,.282,.527,53.0,44.8,9.1,9.4,.488,17.7,30.7,.227
44,45,UC Riverside,28,16,12,.571,-0.92,-1.89,10,7,10,4,6,7,1865,1784,1135,683,1544,.442,201,628,.320,298,414,.720,221,995,373,147,37,345,449,66.1,99.5,.268,.407,.536,52.1,54.6,7.8,3.3,.507,16.5,24.1,.193
45,46,UC San Diego,29,13,16,.448,-7.04,-3.78,7,11,9,4,4,11,2036,2046,1165,697,1571,.444,265,716,.370,377,504,.748,172,886,395,167,53,364,424,68.5,102.0,.321,.456,.562,46.4,56.7,8.4,4.6,.528,16.7,18.5,.240
46,47,UC Santa Barbara,28,17,11,.607,1.38,-4.39,9,6,11,3,5,7,2066,1841,1145,755,1527,.494,152,458,.332,404,571,.708,254,977,438,175,82,371,483,67.0,107.8,.374,.300,.574,53.2,58.0,9.1,7.7,.544,17.1,29.3,.265
47,48,California,32,12,20,.375,3.96,6.96,5,15,10,8,2,9,2018,2114,1290,756,1798,.420,175,569,.308,331,455,.727,279,1121,342,156,83,359,529,64.9,96.4,.253,.316,.501,50.9,45.2,7.4,7.2,.469,15.1,25.3,.184
48,49,Campbell,29,16,13,.552,-4.84,-5.76,8,8,9,4,5,8,1919,1798,1170,721,1567,.460,184,578,.318,293,431,.680,201,924,404,180,66,303,401,63.9,102.7,.275,.369,.542,49.7,56.0,9.6,7.0,.519,14.6,22.2,.187
49,50,Canisius,32,11,21,.344,-7.48,-2.25,7,13,10,5,1,15,2192,2288,1290,777,1942,.400,236,771,.306,402,580,.693,355,1133,416,193,83,378,550,69.6,97.6,.299,.397,.494,49.3,53.5,8.6,6.6,.461,14.6,28.5,.207
50,51,Central Arkansas,31,11,20,.355,-13.83,-1.70,7,9,8,4,3,14,2269,2515,1250,862,1960,.440,207,689,.300,338,444,.761,313,1099,444,211,99,424,518,73.0,99.4,.227,.352,.523,48.6,51.5,9.2,8.0,.493,16.3,27.4,.172
51,52,Central Connecticut State,32,8,24,.250,-17.43,-7.09,4,13,4,7,4,15,1977,2308,1295,690,1755,.393,235,688,.342,362,511,.708,296,1020,340,199,70,441,515,66.2,92.2,.291,.392,.495,46.6,49.3,9.3,6.3,.460,18.1,26.3,.206
52,53,Central Florida,30,18,12,.600,6.23,4.63,9,9,13,3,4,8,2095,2047,1205,740,1748,.423,264,754,.350,351,499,.703,332,1057,435,210,110,391,471,68.1,102.2,.285,.431,.528,49.7,58.8,10.2,10.9,.499,16.5,30.8,.201
53,54,Central Michigan,30,7,23,.233,-12.56,-1.52,6,12,2,9,5,11,1978,2309,1205,694,1696,.409,232,680,.341,358,517,.692,276,996,345,188,91,407,597,68.8,95.4,.305,.401,.509,46.6,49.7,9.1,9.0,.478,17.3,25.3,.211
54,55,Charleston Southern,31,6,25,.194,-17.56,-4.21,1,15,4,9,1,13,2122,2356,1245,745,1828,.408,256,830,.308,376,556,.676,325,1121,371,203,93,454,502,71.3,95.6,.304,.454,.507,50.0,49.8,9.1,8.1,.478,17.8,27.6,.206
55,56,Charlotte,31,17,14,.548,-1.62,-0.42,10,8,11,4,6,6,2171,2208,1240,781,1698,.460,233,675,.345,376,475,.792,220,969,433,149,90,356,436,66.7,105.1,.280,.398,.564,49.0,55.4,7.2,8.0,.529,15.6,22.6,.221
56,57,Chattanooga NCAA,35,27,8,.771,6.12,-0.94,14,4,12,3,12,4,2596,2253,1410,956,2059,.464,276,800,.345,408,547,.746,378,1264,449,252,75,384,547,66.0,111.6,.266,.389,.560,53.7,47.0,10.8,6.4,.531,14.2,32.7,.198
57,58,Chicago State,32,7,25,.219,-14.24,-1.96,3,15,5,9,2,15,1987,2380,1280,700,1791,.391,243,784,.310,344,526,.654,367,1067,303,175,72,474,629,66.7,93.0,.294,.438,.487,48.3,43.3,8.2,6.4,.459,18.8,32.2,.192
58,59,Cincinnati,33,18,15,.545,7.44,4.28,7,11,12,6,4,7,2291,2176,1320,812,2012,.404,269,853,.315,398,595,.669,379,1226,433,208,127,346,577,68.6,101.2,.296,.424,.499,49.8,53.3,9.2,9.7,.470,13.1,29.9,.198
59,60,The Citadel,31,13,18,.419,-6.80,-1.97,6,12,7,8,5,9,2381,2382,1265,838,1884,.445,332,938,.354,373,555,.672,289,1157,500,146,111,377,475,71.0,106.0,.295,.498,.554,49.5,59.7,6.5,9.1,.533,14.9,25.4,.198
60,61,Clemson,33,17,16,.515,9.59,6.31,8,12,11,5,3,8,2367,2259,1330,851,1868,.456,256,706,.363,409,556,.736,281,1143,470,195,77,364,521,66.6,106.8,.298,.378,.555,51.4,55.2,8.8,7.2,.524,14.6,25.8,.219
61,62,Cleveland State,31,20,11,.645,-1.78,-5.64,15,6,15,3,5,7,2336,2168,1265,853,1783,.478,197,602,.327,433,645,.671,345,1091,513,268,104,420,566,68.7,107.5,.362,.338,.559,51.9,60.1,12.3,10.4,.534,16.7,33.8,.243
62,63,Coastal Carolina,33,19,14,.576,0.66,-2.41,8,8,13,7,5,5,2404,2156,1335,872,1938,.450,246,693,.355,414,595,.696,398,1318,445,220,121,435,473,67.6,106.6,.307,.358,.541,53.9,51.0,9.8,11.2,.513,16.4,34.2,.214
63,64,Colgate NCAA,35,23,12,.657,0.98,-6.37,16,2,15,1,8,10,2646,2349,1405,964,2034,.474,347,858,.404,371,532,.697,309,1266,598,214,126,397,507,67.6,111.4,.262,.422,.579,51.9,62.0,9.0,9.3,.559,14.8,26.6,.182
64,65,College of Charleston,32,17,15,.531,0.52,-1.23,8,10,9,6,7,8,2502,2446,1290,895,2039,.439,260,766,.339,452,619,.730,440,1291,422,255,88,500,658,74.3,104.5,.304,.376,.536,54.7,47.2,10.6,7.2,.503,17.6,35.9,.222
65,66,Colorado State NCAA,31,25,6,.806,11.51,4.77,14,4,14,1,6,3,2275,2047,1250,821,1710,.480,241,675,.357,392,507,.773,208,982,442,198,95,313,466,66.0,110.4,.296,.395,.583,49.8,53.8,9.6,9.8,.551,13.8,22.1,.229
66,67,Colorado,33,21,12,.636,9.82,6.15,12,8,12,6,6,4,2345,2224,1330,817,1847,.442,227,620,.366,484,640,.756,329,1223,441,181,105,447,516,68.4,103.2,.347,.336,.545,53.6,54.0,8.0,8.7,.504,17.2,30.0,.262
67,68,Columbia,26,4,22,.154,-17.50,-4.62,1,13,3,10,1,12,1752,2049,1045,651,1530,.425,198,556,.356,252,402,.627,264,918,313,154,53,396,434,71.0,94.5,.263,.363,.509,49.0,48.1,8.3,5.7,.490,18.7,27.3,.165
68,69,Connecticut NCAA,33,23,10,.697,16.40,6.88,13,6,14,2,5,5,2469,2155,1345,880,2021,.435,245,697,.352,464,616,.753,455,1333,463,196,212,388,554,66.8,109.8,.305,.345,.534,55.1,52.6,8.7,16.6,.496,14.4,37.7,.230
69,70,Coppin State,32,9,23,.281,-12.78,-5.03,6,8,3,6,4,16,2142,2390,1280,715,1851,.386,274,924,.297,438,640,.684,250,1094,353,258,96,461,539,74.4,90.0,.346,.499,.497,44.0,49.4,10.8,8.1,.460,17.6,20.1,.237
70,71,Cornell,26,15,11,.577,-3.41,-3.45,7,7,10,2,5,8,2059,1941,1045,735,1575,.467,251,721,.348,338,478,.707,258,985,450,206,76,370,486,73.5,107.2,.303,.458,.571,51.3,61.2,10.7,8.3,.546,17.0,28.0,.215
71,72,Creighton NCAA,35,23,12,.657,11.34,8.54,12,7,11,4,6,5,2422,2324,1415,896,2002,.448,235,763,.308,395,535,.738,336,1335,466,192,149,492,476,68.1,100.5,.267,.381,.537,51.7,52.0,8.0,10.1,.506,17.9,28.4,.197
72,73,Dartmouth,25,9,16,.360,-4.12,-2.62,6,8,5,5,4,11,1709,1705,1015,608,1459,.417,222,655,.339,271,351,.772,210,827,261,166,84,288,403,66.8,100.8,.241,.449,.526,48.2,42.9,9.8,9.6,.493,15.0,23.9,.186
73,74,Davidson NCAA,34,27,7,.794,10.43,1.92,15,3,13,1,9,3,2567,2244,1365,908,1887,.481,301,778,.387,450,597,.754,251,1161,498,157,88,333,504,66.1,113.8,.316,.412,.591,52.3,54.8,7.0,8.2,.561,13.3,23.8,.238
74,75,Dayton,35,24,11,.686,10.41,2.41,14,4,13,4,7,6,2423,2143,1405,901,1883,.478,229,635,.361,392,574,.683,322,1232,504,194,135,433,488,64.4,107.1,.305,.337,.562,54.5,55.9,8.6,11.1,.539,16.7,30.1,.208
75,76,Delaware State,28,2,26,.071,-22.63,-7.39,0,14,2,11,0,13,1757,2058,1125,633,1567,.404,169,520,.325,322,479,.672,278,987,271,203,112,489,504,71.0,88.0,.306,.332,.490,47.6,42.8,10.2,12.3,.458,21.4,27.4,.205
76,77,Delaware NCAA,35,22,13,.629,0.32,-1.82,10,8,9,5,8,5,2568,2456,1410,909,1940,.469,261,752,.347,489,657,.744,298,1138,440,233,129,440,547,68.0,107.2,.339,.388,.570,49.2,48.4,9.7,9.8,.536,16.3,26.9,.252
77,78,Denver,32,11,21,.344,-10.12,-5.96,7,11,6,7,4,12,2257,2380,1295,816,1773,.460,232,631,.368,393,564,.697,241,1032,394,167,107,414,557,68.5,101.7,.318,.356,.553,48.4,48.3,7.5,9.5,.526,16.9,23.2,.222
78,79,DePaul,31,15,16,.484,7.83,6.73,6,14,11,7,4,8,2272,2238,1245,816,1883,.433,204,644,.317,436,629,.693,367,1194,354,193,155,380,488,70.4,103.7,.334,.342,.521,51.6,43.4,8.8,12.5,.488,14.8,31.7,.232
79,80,Detroit Mercy,30,14,16,.467,-6.33,-5.02,10,7,9,1,5,15,2122,2115,1200,752,1715,.438,313,837,.374,305,393,.776,278,948,362,176,58,348,463,65.8,107.6,.229,.488,.558,48.7,48.1,8.9,6.0,.530,15.5,27.9,.178
80,81,Utah Tech,31,13,18,.419,-8.53,-0.53,6,12,10,6,3,11,2247,2296,1245,795,1866,.426,219,698,.314,438,645,.679,333,1193,479,208,75,466,584,73.9,97.7,.346,.374,.517,50.4,60.3,9.0,6.3,.485,17.7,28.3,.235
81,82,Drake,36,25,11,.694,7.34,1.04,13,5,14,3,8,2,2660,2391,1470,979,2126,.460,253,736,.344,449,595,.755,356,1249,427,252,115,389,611,66.4,109.0,.280,.346,.552,52.1,43.6,10.3,9.5,.520,13.9,29.5,.211
82,83,Drexel,29,15,14,.517,-0.29,-1.90,10,8,8,4,6,7,2112,2038,1170,796,1718,.463,211,609,.346,309,435,.710,247,993,362,138,87,316,440,68.0,106.1,.253,.354,.549,50.2,45.5,6.9,7.5,.525,14.1,25.3,.180
83,84,Duke NCAA,39,32,7,.821,19.55,7.26,16,4,15,3,9,2,3122,2643,1565,1158,2357,.491,308,841,.366,498,675,.738,410,1480,642,249,219,400,532,68.2,117.0,.286,.357,.583,52.8,55.4,9.3,13.4,.557,13.0,31.6,.211
84,85,Duquesne,30,6,24,.200,-6.34,1.86,1,16,3,11,1,10,1956,2202,1220,742,1842,.403,187,614,.305,285,403,.707,342,1024,300,199,131,344,416,66.9,95.9,.219,.333,.481,47.4,40.4,9.8,10.8,.454,14.5,29.3,.155
85,86,East Carolina,30,15,15,.500,0.49,2.66,6,11,12,4,2,7,2063,2128,1210,700,1724,.406,225,676,.333,436,578,.754,299,1056,442,203,92,389,487,68.9,99.0,.335,.392,.516,49.3,63.1,9.7,9.0,.471,16.3,27.5,.253
86,87,East Tennessee State,32,15,17,.469,-2.76,-0.36,7,11,8,6,4,10,2306,2336,1285,853,1921,.444,281,802,.350,319,440,.725,350,1115,420,216,89,360,475,66.6,107.9,.229,.417,.541,50.0,49.2,10.1,8.7,.517,14.5,31.3,.166
87,88,Eastern Illinois,31,5,26,.161,-21.07,-3.97,3,15,4,9,1,16,1746,2205,1240,623,1567,.398,185,568,.326,315,494,.638,220,912,367,196,93,496,451,66.6,84.6,.315,.362,.485,44.4,58.9,9.5,9.2,.457,21.6,21.7,.201
88,89,Eastern Kentucky,31,13,18,.419,-6.75,-5.38,5,11,12,5,1,13,2457,2327,1265,887,2125,.417,363,1029,.353,320,453,.706,386,1122,485,316,113,359,513,73.0,106.5,.213,.484,.525,47.5,54.7,13.7,10.1,.503,13.3,29.7,.151
89,90,Eastern Michigan,31,10,21,.323,-10.86,-3.03,5,15,8,7,2,14,2143,2356,1270,782,1816,.431,196,636,.308,383,551,.695,258,1079,314,181,99,429,542,70.7,95.5,.303,.350,.516,47.7,40.2,8.1,8.1,.485,17.1,23.0,.211
90,91,Eastern Washington,34,18,16,.529,-5.20,-5.14,11,9,9,3,8,11,2613,2536,1370,905,1998,.453,300,856,.350,501,666,.752,309,1247,537,189,94,451,631,71.6,106.5,.333,.428,.565,51.7,59.3,7.7,7.8,.528,16.3,26.7,.251
91,92,Elon,32,10,22,.313,-6.15,1.39,7,11,7,7,3,11,2147,2311,1280,766,1800,.426,273,798,.342,342,464,.737,284,1061,401,155,78,417,651,67.3,99.8,.258,.443,.531,48.5,52.3,7.2,7.2,.501,17.1,25.8,.190
92,93,Evansville,30,6,24,.200,-10.95,1.40,2,16,4,9,2,11,1775,2122,1225,629,1581,.398,245,743,.330,272,384,.708,144,816,316,178,61,336,440,64.2,90.3,.243,.470,.503,43.8,50.2,9.1,5.8,.475,16.0,14.3,.172
93,94,Fairfield,33,15,18,.455,-3.88,-4.09,8,12,6,9,8,8,2239,2177,1335,820,1891,.434,251,739,.340,348,494,.704,313,1141,394,179,101,364,526,65.5,102.5,.261,.391,.527,50.2,48.0,8.2,7.8,.500,14.6,27.8,.184
94,95,Fairleigh Dickinson,26,4,22,.154,-18.13,-6.21,4,11,3,6,1,16,1748,2058,1050,632,1555,.406,178,550,.324,306,432,.708,268,860,307,168,77,357,475,70.4,94.6,.278,.354,.497,46.1,48.6,9.1,7.6,.464,16.9,27.7,.197
95,96,Florida A&M,30,13,17,.433,-12.05,-6.70,11,7,8,4,5,12,1952,2064,1210,733,1711,.428,137,453,.302,349,495,.705,269,978,360,188,92,375,532,67.3,95.9,.289,.265,.502,46.7,49.1,9.2,8.5,.468,16.2,26.2,.204
96,97,Florida Atlantic,34,19,15,.559,2.63,-1.82,11,7,14,5,4,8,2519,2315,1365,907,2004,.453,299,850,.352,406,570,.712,372,1234,454,251,97,437,575,68.7,107.4,.284,.424,.554,53.1,50.1,10.7,7.8,.527,16.1,31.5,.203
97,98,Florida Gulf Coast,34,22,12,.647,-3.07,-4.91,10,6,16,3,6,9,2641,2505,1390,944,2081,.454,347,992,.350,406,601,.676,380,1319,534,227,164,458,504,70.3,108.1,.289,.477,.558,52.6,56.6,9.3,12.3,.537,16.2,31.1,.195
98,99,Florida International,32,15,17,.469,-6.47,-3.27,5,13,11,5,1,11,2264,2274,1305,813,1892,.430,308,880,.350,330,470,.702,307,1121,443,205,128,447,494,69.0,100.6,.248,.465,.535,48.9,54.5,9.1,11.1,.511,17.4,27.0,.174
99,100,Florida State,31,17,14,.548,6.39,7.32,10,10,11,4,4,8,2201,2230,1250,799,1842,.434,208,628,.331,395,558,.708,352,1081,445,264,151,387,506,68.6,102.7,.303,.341,.522,49.8,55.7,12.3,14.8,.490,15.5,31.6,.214
100,101,Florida,34,20,14,.588,11.93,7.84,9,9,13,5,4,7,2400,2261,1370,825,1936,.426,269,887,.303,481,654,.735,377,1144,435,284,171,422,543,66.8,104.9,.338,.458,.534,49.0,52.7,12.4,13.5,.496,15.8,31.5,.248
101,102,Fordham,32,16,16,.500,-0.89,-0.20,8,10,10,4,3,9,2115,2137,1300,737,1870,.394,237,799,.297,404,556,.727,327,1179,379,234,119,421,565,68.6,94.8,.297,.427,.496,49.9,51.4,10.5,9.9,.457,16.5,27.0,.216
102,103,Fresno State,36,23,13,.639,8.36,1.94,8,9,14,4,6,8,2384,2139,1465,855,1916,.446,250,742,.337,424,596,.711,318,1226,431,220,101,402,555,62.4,104.2,.311,.387,.542,52.8,50.4,9.6,9.4,.511,15.5,27.7,.221
103,104,Furman,34,22,12,.647,6.20,-1.44,12,6,12,3,8,8,2640,2336,1390,945,2038,.464,401,1054,.380,349,461,.757,316,1126,591,281,119,357,496,66.1,115.0,.226,.517,.585,49.8,62.5,12.2,9.7,.562,13.7,27.7,.171
104,105,Gardner-Webb,31,18,13,.581,-2.35,-4.43,11,5,11,3,6,9,2154,1989,1240,784,1767,.444,230,699,.329,356,508,.701,273,1143,409,225,147,416,567,69.7,99.7,.287,.396,.536,52.0,52.2,10.4,14.6,.509,17.2,25.3,.201
105,106,George Mason,30,14,16,.467,4.18,1.98,7,9,10,4,4,8,2122,2056,1225,751,1685,.446,280,783,.358,340,490,.694,248,1042,424,152,95,367,480,66.6,104.0,.291,.465,.553,51.3,56.5,7.4,9.7,.529,16.1,25.0,.202
106,107,George Washington,30,12,18,.400,-4.07,0.40,8,9,8,5,3,10,2051,2185,1215,758,1769,.428,214,634,.338,321,460,.698,249,998,368,207,125,379,512,69.7,96.9,.260,.358,.516,46.2,48.5,9.8,10.5,.489,16.0,23.2,.181
107,108,Georgetown,31,6,25,.194,1.71,8.03,0,19,6,11,0,11,2192,2388,1240,770,1924,.400,237,693,.342,415,558,.744,394,1155,366,222,119,414,502,71.0,99.5,.290,.360,.501,50.1,47.5,10.1,10.9,.462,15.9,32.3,.216
108,109,Georgia Southern,29,13,16,.448,-7.04,-3.04,5,11,7,5,4,10,1927,1903,1170,714,1599,.447,170,559,.304,329,484,.680,283,1006,347,216,100,415,509,67.1,98.2,.303,.350,.527,50.0,48.6,11.0,10.1,.500,18.5,28.6,.206
109,110,Georgia State NCAA,29,18,11,.621,-1.11,-1.34,9,5,8,4,6,5,2049,1906,1175,722,1806,.400,221,670,.330,384,533,.720,385,1084,391,255,130,339,466,68.6,101.7,.295,.371,.498,50.7,54.2,12.7,12.8,.461,14.1,33.9,.213
110,111,Georgia Tech,32,12,20,.375,2.24,6.08,5,15,8,10,3,8,2195,2264,1300,823,1866,.441,228,646,.353,321,460,.698,284,1088,438,249,82,419,576,68.6,98.4,.247,.346,.527,49.0,53.2,11.2,7.2,.502,16.7,25.7,.172
111,112,Georgia,32,6,26,.188,-0.63,8.06,1,17,6,13,0,10,2234,2512,1280,763,1725,.442,205,638,.321,503,673,.747,269,1046,444,167,69,462,481,69.8,100.0,.390,.370,.546,48.4,58.2,7.5,5.9,.502,18.4,25.6,.292
112,113,Gonzaga NCAA,32,28,4,.875,25.46,4.50,13,1,16,0,5,1,2790,2119,1280,1045,2004,.521,262,708,.370,438,614,.713,309,1341,578,205,186,370,497,73.8,118.1,.306,.353,.608,55.7,55.3,8.7,13.4,.587,13.9,29.1,.219
113,114,Grambling,32,12,20,.375,-12.35,-5.08,8,9,6,4,4,14,2092,2273,1280,749,1842,.407,163,517,.315,431,607,.710,333,1145,350,211,107,455,585,70.5,92.8,.330,.281,.491,48.2,46.7,9.4,9.1,.451,17.6,27.9,.234
114,115,Grand Canyon,31,23,8,.742,5.81,-2.57,12,5,15,2,6,5,2204,1898,1240,784,1822,.430,253,720,.351,383,564,.679,394,1249,396,206,68,403,550,67.7,105.0,.310,.395,.527,54.1,50.5,9.8,5.9,.500,16.2,34.7,.210
115,116,Green Bay,30,5,25,.167,-13.89,-5.44,4,16,4,9,1,13,1852,2068,1200,668,1593,.419,156,553,.282,360,504,.714,268,901,322,149,83,387,462,64.9,95.1,.316,.347,.505,48.4,48.2,7.7,7.9,.468,17.4,27.3,.226
116,117,Hampton,28,9,19,.321,-13.54,-6.00,5,11,7,4,2,11,1814,1946,1130,628,1572,.399,161,549,.293,397,567,.700,234,965,292,145,113,352,515,69.2,92.7,.361,.349,.493,46.6,46.5,7.4,10.3,.451,16.0,23.1,.253
117,118,Hartford,32,12,20,.375,-10.03,-7.69,9,9,7,5,5,13,2234,2309,1285,799,1778,.449,297,804,.369,339,491,.690,248,1037,390,193,101,390,479,67.1,103.7,.276,.452,.555,48.3,48.8,9.0,8.8,.533,16.2,23.8,.191
118,119,Harvard,26,13,13,.500,-4.68,-4.20,5,9,9,6,4,7,1858,1797,1055,676,1564,.432,221,669,.330,285,411,.693,243,903,295,198,63,321,409,69.7,101.1,.263,.428,.528,49.8,43.6,10.8,7.3,.503,15.4,25.4,.182
119,120,Hawaii,28,17,11,.607,-0.52,-3.06,12,5,10,4,5,5,1928,1796,1120,667,1514,.441,228,636,.358,366,492,.744,258,985,344,99,60,365,471,66.2,104.0,.325,.420,.552,53.4,51.6,5.3,5.5,.516,17.3,29.1,.242
120,121,High Point,32,14,18,.438,-6.53,-3.39,7,9,10,6,3,10,2225,2232,1315,808,1829,.442,208,621,.335,401,627,.640,322,1142,400,207,149,427,555,67.7,100.0,.343,.340,.523,49.6,49.5,9.3,12.7,.499,16.7,28.3,.219
121,122,Hofstra,32,21,11,.656,1.80,-0.60,13,5,12,2,8,8,2494,2333,1290,928,2004,.463,305,896,.340,333,418,.797,263,1062,495,255,87,330,478,70.5,109.7,.209,.447,.566,48.2,53.3,11.2,8.0,.539,13.0,23.7,.166
122,123,Holy Cross,31,9,22,.290,-16.84,-7.87,7,11,5,9,4,11,2022,2192,1240,742,1793,.414,181,527,.343,357,504,.708,310,1048,315,184,118,386,523,67.9,96.1,.281,.294,.497,48.9,42.5,8.7,9.9,.464,16.0,27.6,.199
123,124,Houston Christian,29,11,18,.379,-14.47,-6.71,6,8,7,6,3,8,2190,2220,1180,762,1711,.445,200,621,.322,466,655,.711,331,1049,390,229,74,438,550,72.2,102.9,.383,.363,.542,52.5,51.2,10.8,6.9,.504,17.8,31.9,.272
124,125,Houston NCAA,38,32,6,.842,22.55,6.47,15,3,16,1,7,3,2844,2233,1535,1054,2267,.465,298,881,.338,438,657,.667,506,1482,617,305,196,423,652,65.0,113.9,.290,.389,.551,54.9,58.5,12.2,17.1,.531,14.1,37.7,.193
125,126,Howard,29,16,13,.552,-6.76,-8.53,9,5,9,4,5,8,2215,2019,1165,759,1728,.439,245,683,.359,452,607,.745,295,998,418,243,104,428,524,73.4,103.6,.351,.395,.549,48.3,55.1,11.4,9.2,.510,17.5,28.9,.262
126,127,Idaho State,30,7,23,.233,-14.96,-5.28,5,15,5,8,2,14,1931,2146,1205,673,1608,.419,212,684,.310,373,545,.684,296,982,313,136,66,414,545,65.9,97.2,.339,.425,.517,49.9,46.5,6.8,6.3,.484,18.2,28.8,.232
127,128,Idaho,31,9,22,.290,-13.19,-4.78,6,14,8,7,1,12,2263,2468,1250,780,1765,.442,248,667,.372,455,619,.735,254,1060,370,110,69,422,607,71.3,101.5,.351,.378,.550,49.0,47.4,4.9,5.5,.512,17.0,23.6,.258
128,129,Illinois-Chicago,30,14,16,.467,-8.78,-6.37,9,10,6,6,8,8,2159,2188,1215,798,1815,.440,271,836,.324,292,414,.705,261,1002,441,173,119,360,515,69.4,102.4,.228,.461,.537,48.5,55.3,8.2,9.4,.514,15.2,24.6,.161
129,130,Illinois State,33,13,20,.394,-0.78,0.74,5,13,11,6,1,11,2447,2466,1355,869,1926,.451,259,705,.367,450,604,.745,321,1164,406,224,156,454,573,69.2,104.4,.314,.366,.553,50.3,46.7,9.6,12.5,.518,17.0,28.5,.234
130,131,Illinois NCAA,33,23,10,.697,16.69,9.48,15,5,13,3,7,4,2456,2218,1330,863,1925,.448,295,821,.359,435,616,.706,379,1271,501,171,99,408,538,67.9,108.8,.320,.426,.554,53.8,58.1,7.6,7.1,.525,15.5,33.1,.226
131,132,Incarnate Word,32,7,25,.219,-17.03,-4.34,3,11,5,10,1,11,2145,2445,1280,737,1773,.416,276,794,.348,395,504,.784,254,949,370,166,57,433,556,68.4,97.9,.284,.448,.533,45.6,50.2,7.6,4.8,.494,17.7,23.6,.223
132,133,Indiana State,31,11,20,.355,-3.49,1.94,4,14,8,6,2,11,2184,2230,1265,776,1759,.441,270,810,.333,362,465,.778,192,1055,406,186,60,408,472,69.4,99.5,.264,.460,.552,49.3,52.3,8.5,5.1,.518,17.1,18.6,.206
133,134,Indiana NCAA,35,21,14,.600,12.71,8.08,9,11,14,4,3,8,2478,2316,1415,903,1988,.454,206,619,.333,466,666,.700,318,1264,511,197,169,414,609,67.9,103.2,.335,.311,.538,51.8,56.6,8.2,14.1,.506,15.2,27.0,.234
134,135,Iona,33,25,8,.758,5.47,-1.14,17,3,13,0,7,5,2482,2264,1330,872,1952,.447,234,704,.332,504,727,.693,377,1220,532,216,198,418,601,70.2,106.3,.372,.361,.540,51.2,61.0,9.3,15.3,.507,15.4,31.8,.258
135,136,Iowa State NCAA,35,22,13,.629,12.38,9.33,7,11,14,5,4,6,2296,2189,1410,849,1969,.431,234,742,.315,364,533,.683,337,1134,513,299,109,484,639,67.2,96.9,.271,.377,.517,49.3,60.4,12.6,9.8,.491,17.9,28.4,.185
136,137,Iowa NCAA,36,26,10,.722,18.90,6.87,12,8,15,3,6,6,2995,2562,1450,1071,2322,.461,331,912,.363,522,697,.749,428,1344,577,264,156,332,583,70.3,117.5,.300,.393,.564,51.0,53.9,10.4,11.3,.533,11.1,32.2,.225
137,138,Purdue-Fort Wayne,33,21,12,.636,-5.59,-6.69,15,6,14,2,6,7,2424,2298,1340,864,1888,.458,311,839,.371,385,515,.748,248,1019,465,289,82,443,503,69.4,104.3,.273,.444,.568,48.1,53.8,12.4,7.4,.540,17.2,23.2,.204
138,139,IUPUI,29,3,26,.103,-23.61,-6.50,1,16,2,11,1,13,1521,1947,1160,557,1467,.380,149,511,.292,258,387,.667,300,913,303,166,74,481,513,63.4,82.7,.264,.348,.461,49.0,54.4,9.0,8.4,.430,22.6,31.1,.176
139,140,Jackson State,30,11,19,.367,-10.10,-5.60,9,9,6,3,5,15,1829,1964,1205,694,1702,.408,155,517,.300,286,451,.634,336,1054,325,183,117,395,512,65.9,92.1,.265,.304,.477,51.0,46.8,9.2,10.2,.453,17.1,31.4,.168
140,141,Jacksonville State NCAA,32,21,11,.656,-0.19,-3.79,13,3,11,4,9,5,2353,2151,1285,838,1796,.467,297,769,.386,380,554,.686,308,1177,458,199,92,419,459,67.5,108.6,.308,.428,.571,52.9,54.7,9.2,8.8,.549,16.9,29.5,.212
141,142,Jacksonville,31,21,10,.677,-2.06,-5.21,11,5,15,0,6,10,2081,1839,1245,768,1706,.450,187,539,.347,358,506,.708,336,1128,387,203,60,352,467,63.1,106.0,.297,.316,.535,55.7,50.4,10.3,6.8,.505,15.3,33.6,.210
142,143,James Madison,29,15,14,.517,-4.13,-1.10,6,12,9,6,5,6,2178,2123,1175,804,1737,.463,215,623,.345,355,509,.697,269,970,388,247,61,360,476,70.5,105.1,.293,.359,.550,48.2,48.3,11.9,6.5,.525,15.4,26.9,.204
143,144,Kansas State,31,14,17,.452,10.61,9.06,6,12,9,7,5,7,2139,2091,1250,748,1780,.420,261,754,.346,382,526,.726,275,1030,386,227,51,356,530,67.4,101.5,.296,.424,.527,48.1,51.6,10.8,4.9,.494,14.9,25.3,.215
144,145,Kansas NCAA,40,34,6,.850,22.28,11.30,14,4,16,1,6,4,3129,2690,1615,1144,2393,.478,286,793,.361,555,774,.717,438,1515,613,251,172,484,637,69.5,111.5,.323,.331,.567,53.4,53.6,8.9,10.9,.538,14.9,32.9,.232
145,146,Kennesaw State,31,13,18,.419,-4.51,-2.62,7,9,10,6,3,12,2319,2206,1260,850,1836,.463,258,706,.365,361,545,.662,332,1102,446,221,86,383,531,68.3,107.7,.297,.385,.553,51.7,52.5,10.3,8.3,.533,15.5,30.9,.197
146,147,Kent State,34,23,11,.676,-0.13,-3.07,16,4,11,4,8,5,2423,2217,1360,852,1932,.441,257,772,.333,462,619,.746,353,1220,423,242,117,416,616,67.5,105.6,.320,.400,.544,53.1,49.6,10.5,11.4,.508,15.7,31.2,.239
147,148,Kentucky NCAA,34,26,8,.765,20.90,8.02,14,4,18,0,6,5,2701,2263,1370,1030,2133,.483,207,596,.347,434,598,.726,441,1365,549,231,144,394,487,69.2,114.0,.280,.279,.559,56.9,53.3,9.7,11.1,.531,14.0,37.7,.203
148,149,La Salle,30,11,19,.367,-3.50,0.54,5,13,8,7,2,10,2025,2146,1215,743,1796,.414,229,717,.319,310,451,.687,325,1094,401,177,128,394,517,68.4,97.4,.251,.399,.504,50.0,54.0,8.5,11.5,.477,16.4,28.9,.173
149,150,Lafayette,30,10,20,.333,-12.60,-6.67,7,11,6,9,4,11,2034,2185,1225,757,1750,.433,263,802,.328,257,376,.684,241,958,485,188,101,331,432,66.0,100.6,.215,.458,.527,46.2,64.1,9.3,9.0,.508,14.6,22.9,.147
150,151,Lamar,29,2,27,.069,-15.86,-2.60,0,16,2,9,0,18,1778,2116,1160,664,1654,.401,152,508,.299,298,433,.688,320,1009,321,169,86,422,545,67.5,90.8,.262,.307,.478,49.1,48.3,8.6,9.1,.447,18.5,30.2,.180
151,152,Lehigh,32,13,19,.406,-10.82,-7.56,10,8,9,7,4,12,2190,2284,1285,796,1782,.447,260,681,.382,338,456,.741,222,1067,453,141,114,427,540,68.8,99.1,.256,.382,.548,48.8,56.9,6.4,8.1,.520,17.6,21.1,.190
152,153,Liberty,33,22,11,.667,1.86,-4.01,12,4,13,3,6,3,2421,2094,1330,851,1801,.473,341,892,.382,378,500,.756,234,1131,486,178,63,383,495,66.0,110.3,.278,.495,.594,52.2,57.1,8.1,5.9,.567,15.8,23.0,.210
153,154,Lipscomb,33,14,19,.424,-8.42,-3.29,6,10,9,6,3,13,2442,2536,1320,850,1860,.457,267,776,.344,475,652,.729,252,1186,502,146,89,425,444,71.2,104.0,.351,.417,.563,49.8,59.1,6.2,7.0,.529,16.4,23.1,.255
154,155,Long Beach State,33,20,13,.606,-0.65,0.35,14,3,11,3,6,7,2437,2409,1335,841,1926,.437,213,615,.346,542,743,.729,325,1166,411,232,102,437,542,71.7,101.8,.386,.319,.535,50.5,48.9,9.7,8.6,.492,16.1,27.8,.281
155,156,Long Island University,30,16,14,.533,-7.62,-7.03,12,6,12,1,4,13,2245,2204,1210,812,1897,.428,238,758,.314,383,563,.680,353,1182,508,231,147,408,508,73.3,101.2,.297,.400,.519,50.6,62.6,10.4,13.4,.491,15.9,30.4,.202
156,157,Longwood NCAA,33,26,7,.788,-0.35,-6.11,15,1,16,1,7,5,2499,2170,1330,873,1932,.452,269,712,.378,484,667,.726,392,1217,464,257,79,399,507,67.8,110.8,.345,.369,.556,54.8,53.2,11.4,7.7,.521,15.1,34.2,.251
157,158,Louisiana,31,16,15,.516,-2.71,-2.91,8,9,7,6,6,8,2203,2151,1250,766,1791,.428,228,659,.346,443,630,.703,369,1203,384,211,135,476,555,70.5,100.0,.352,.368,.527,53.4,50.1,9.6,11.1,.491,18.5,33.3,.247
158,159,Louisiana-Monroe,31,13,18,.419,-8.70,-2.59,5,13,8,7,5,10,2246,2304,1255,839,1847,.454,219,648,.338,349,482,.724,276,1004,466,223,85,395,521,69.7,102.7,.261,.351,.541,46.7,55.5,10.2,7.9,.514,16.0,25.8,.189
159,160,Louisiana State NCAA,34,22,12,.647,17.45,8.30,9,9,15,2,3,8,2467,2156,1370,879,2005,.438,220,697,.316,489,669,.731,411,1257,431,373,145,499,651,70.4,102.3,.334,.348,.531,51.5,49.0,15.5,14.6,.493,17.7,33.9,.244
160,161,Louisiana Tech,34,24,10,.706,5.23,0.11,12,6,13,3,8,5,2558,2312,1360,911,2001,.455,281,826,.340,455,628,.725,315,1230,465,221,73,392,497,70.0,107.4,.314,.413,.556,50.3,51.0,9.3,6.0,.525,14.6,26.5,.227
161,162,Louisville,32,13,19,.406,4.23,7.01,6,14,8,8,2,10,2154,2243,1290,795,1882,.422,246,795,.309,318,472,.674,319,1167,382,196,77,391,549,67.5,98.9,.251,.422,.511,50.8,48.1,9.0,6.8,.488,15.7,27.3,.169
162,163,Loyola (IL) NCAA,33,25,8,.758,13.39,2.93,13,5,12,2,8,3,2403,2029,1340,855,1795,.476,293,773,.379,400,562,.712,257,1119,492,229,80,404,568,65.7,109.2,.313,.431,.583,52.1,57.5,10.4,7.3,.558,16.4,25.1,.223
163,164,Loyola Marymount,29,11,18,.379,-1.93,3.25,3,12,6,7,3,9,2010,2148,1170,718,1580,.454,210,609,.345,364,506,.719,229,861,323,158,50,385,515,67.5,101.8,.320,.385,.552,47.9,45.0,8.0,4.9,.521,17.5,24.7,.230
164,165,Loyola (MD),30,14,16,.467,-8.40,-7.95,8,10,10,3,3,12,1984,1970,1210,747,1689,.442,207,649,.319,283,414,.684,246,963,448,235,80,391,460,66.7,98.3,.245,.384,.526,49.0,60.0,11.6,8.0,.504,17.2,24.7,.168
165,166,Maine,29,6,23,.207,-18.38,-5.34,3,15,5,9,1,14,1811,2063,1160,685,1654,.414,196,637,.308,245,345,.710,256,911,386,208,80,366,505,66.6,93.8,.209,.385,.498,46.9,56.4,10.8,7.9,.473,16.8,25.0,.148
166,167,Manhattan,30,15,15,.500,-7.64,-3.85,8,12,8,5,4,9,2126,2179,1215,730,1659,.440,169,550,.307,497,676,.735,304,999,346,215,100,434,540,69.5,100.8,.407,.332,.537,49.7,47.4,10.2,8.8,.491,18.0,30.2,.300
167,168,Marist,30,14,16,.467,-4.26,-4.86,9,11,7,6,7,9,2063,2045,1215,763,1737,.439,225,654,.344,312,434,.719,274,1054,269,175,101,371,467,66.9,101.5,.250,.377,.531,50.0,35.3,8.6,9.8,.504,16.0,26.4,.180
168,169,Marquette NCAA,32,19,13,.594,11.36,8.96,11,8,13,3,4,7,2369,2292,1290,861,1915,.450,275,800,.344,372,502,.741,251,1113,511,249,165,396,556,71.6,102.6,.262,.418,.550,46.9,59.3,10.8,12.9,.521,15.5,22.5,.194
169,170,Marshall,33,12,21,.364,-4.57,0.14,4,14,8,9,3,11,2442,2523,1320,919,2107,.436,250,830,.301,354,502,.705,356,1226,471,223,160,433,511,73.3,100.9,.238,.394,.521,49.3,51.3,9.2,11.9,.495,15.6,27.8,.168
170,171,Maryland-Baltimore County,32,18,14,.563,-6.06,-6.51,11,7,11,4,6,10,2359,2307,1285,813,1832,.444,294,778,.378,439,560,.784,236,1048,396,153,66,351,427,68.8,106.7,.306,.425,.562,47.5,48.7,6.9,5.3,.524,14.3,21.9,.240
171,172,Maryland-Eastern Shore,27,11,16,.407,-13.10,-7.14,6,8,6,4,5,11,1778,1792,1090,631,1562,.404,209,665,.314,307,477,.644,292,935,336,272,61,416,453,70.1,93.1,.305,.426,.497,49.4,53.2,14.2,6.8,.471,18.9,29.4,.197
172,173,Maryland,32,15,17,.469,9.34,9.12,7,13,10,8,3,7,2270,2263,1290,790,1824,.433,221,678,.326,469,618,.759,303,1126,372,204,102,366,485,67.4,104.4,.339,.372,.536,50.1,47.1,9.4,8.7,.494,14.7,27.3,.257
173,174,Massachusetts-Lowell,31,15,16,.484,-7.08,-6.65,7,11,8,6,6,9,2191,2040,1250,831,1867,.445,183,598,.306,346,493,.702,324,1113,362,227,129,386,495,68.9,101.8,.264,.320,.521,50.8,43.6,10.5,11.0,.494,15.5,29.5,.185
174,175,Massachusetts,32,15,17,.469,-0.67,1.70,7,11,10,5,3,8,2422,2498,1295,823,1901,.433,304,819,.371,472,623,.758,335,1079,437,207,83,371,546,69.2,108.1,.328,.431,.551,49.0,53.1,9.2,6.8,.513,14.4,29.3,.248
175,176,McNeese State,33,11,22,.333,-11.76,-5.04,4,10,6,5,2,13,2579,2555,1350,933,2071,.451,213,681,.313,500,759,.659,458,1336,418,257,116,536,662,74.2,103.0,.366,.329,.530,53.9,44.8,10.3,9.0,.502,18.1,36.1,.241
176,177,Memphis NCAA,33,22,11,.667,14.67,7.86,13,5,13,2,5,6,2480,2255,1320,889,1895,.469,205,577,.355,497,716,.694,413,1280,522,277,180,527,621,71.0,105.8,.378,.304,.555,54.3,58.7,11.8,16.2,.523,19.1,37.4,.262
177,178,Mercer,33,16,17,.485,-3.41,-1.15,8,10,10,4,4,11,2325,2328,1330,828,1811,.457,268,764,.351,401,521,.770,260,1087,473,203,98,408,502,66.3,105.5,.288,.422,.565,50.6,57.1,9.2,8.9,.531,16.5,25.3,.221
178,179,Merrimack,30,14,16,.467,-10.86,-6.82,9,8,7,7,7,9,1843,1931,1210,673,1600,.421,214,647,.331,283,419,.675,224,855,346,271,120,353,478,64.0,95.2,.262,.404,.512,42.9,51.4,14.0,11.4,.488,16.4,22.2,.177
179,180,Miami (FL) NCAA,37,26,11,.703,11.22,7.62,14,6,10,5,10,2,2736,2603,1485,1011,2136,.473,257,759,.339,457,616,.742,269,1132,523,328,118,352,550,67.8,108.6,.288,.355,.563,46.4,51.7,13.0,9.0,.533,12.7,22.4,.214
180,181,Miami (OH),32,14,18,.438,-6.35,-4.14,8,12,9,8,5,9,2408,2351,1290,870,1980,.439,292,844,.346,376,478,.787,315,1107,440,177,101,332,512,68.9,108.3,.241,.426,.546,48.7,50.6,8.0,9.1,.513,13.1,27.2,.190
181,182,Michigan State NCAA,36,23,13,.639,13.18,9.96,11,9,12,3,5,6,2601,2485,1440,939,2059,.456,262,694,.378,461,615,.750,363,1329,565,205,181,459,609,67.9,106.5,.299,.337,.553,53.0,60.2,8.4,13.6,.520,16.3,30.7,.224
182,183,Michigan NCAA,34,19,15,.559,14.26,11.02,11,9,10,5,5,7,2470,2360,1360,914,1957,.467,213,628,.339,429,575,.746,337,1215,481,160,112,396,516,67.5,107.7,.294,.321,.554,54.1,52.6,7.0,8.6,.521,15.1,31.0,.219
183,184,Middle Tennessee,37,26,11,.703,4.50,-1.16,13,5,15,0,5,9,2771,2486,1510,963,2140,.450,302,914,.330,543,718,.756,381,1306,460,295,156,477,680,68.2,107.6,.336,.427,.558,51.0,47.8,11.5,12.0,.521,16.1,30.3,.254
184,185,Milwaukee,32,10,22,.313,-13.19,-6.32,8,14,6,10,4,10,2073,2264,1280,762,1805,.422,199,628,.317,350,488,.717,286,1149,366,157,119,423,541,68.0,95.3,.270,.348,.509,49.3,48.0,7.2,10.4,.477,17.2,25.9,.194
185,186,Minnesota,30,13,17,.433,5.93,8.13,4,16,8,7,3,9,2010,2076,1210,744,1699,.438,234,636,.368,288,401,.718,180,920,379,160,83,276,422,65.5,101.5,.236,.374,.532,45.0,50.9,8.1,7.3,.507,12.7,17.5,.170
186,187,Mississippi State,34,18,16,.529,11.83,7.60,8,10,14,3,1,10,2396,2252,1375,860,1891,.455,157,532,.295,519,720,.721,384,1234,455,269,113,447,534,66.6,104.6,.381,.281,.536,54.3,52.9,11.7,10.3,.496,16.7,34.1,.274
187,188,Mississippi Valley State,28,2,26,.071,-22.15,-6.40,2,16,0,11,2,15,1882,2323,1145,665,1722,.386,199,653,.305,353,539,.655,269,887,324,207,69,375,508,72.6,90.6,.313,.379,.476,42.4,48.7,10.0,6.0,.444,15.9,23.3,.205
188,189,Mississippi,32,13,19,.406,6.72,7.25,4,14,10,8,2,7,2180,2197,1295,793,1824,.435,222,680,.326,372,523,.711,296,1070,422,227,89,391,486,67.0,100.5,.287,.373,.526,49.4,53.2,10.5,7.8,.496,15.9,26.7,.204
189,190,Kansas City,31,19,12,.613,-5.49,-5.23,12,6,11,3,8,7,2311,2085,1240,855,1788,.478,225,615,.366,376,556,.676,209,967,410,230,86,325,625,70.2,106.2,.311,.344,.563,48.5,48.0,10.6,8.3,.541,13.7,20.4,.210
190,191,Missouri State,34,23,11,.676,8.29,1.05,13,5,12,4,8,5,2628,2342,1370,954,1980,.482,283,756,.374,437,548,.797,275,1199,413,181,113,362,522,68.1,112.6,.277,.382,.587,52.2,43.3,7.8,9.2,.553,13.9,25.1,.221
191,192,Missouri,33,12,21,.364,2.94,9.10,5,13,8,8,2,10,2160,2325,1325,790,1854,.426,171,609,.281,409,556,.736,361,1155,399,215,134,476,587,67.4,96.8,.300,.328,.510,51.2,50.5,9.6,11.2,.472,18.3,32.0,.221
192,193,Monmouth,34,21,13,.618,-0.39,-1.68,11,9,9,5,10,7,2333,2289,1370,801,1915,.418,216,652,.331,515,707,.728,355,1241,397,213,113,398,615,67.1,101.5,.369,.340,.518,50.9,49.6,9.3,9.9,.475,15.0,29.4,.269
193,194,Montana State NCAA,35,27,8,.771,-0.26,-5.54,16,4,13,1,9,6,2679,2425,1415,923,1952,.473,268,729,.368,565,749,.754,305,1230,462,183,128,450,639,69.5,108.9,.384,.373,.580,53.1,50.1,7.4,10.1,.541,16.3,27.3,.289
194,195,Montana,32,18,14,.563,-6.48,-6.21,11,9,14,3,4,10,2310,2141,1285,794,1752,.453,224,641,.349,498,634,.785,200,980,420,176,91,328,599,67.5,106.5,.362,.366,.563,47.5,52.9,8.1,7.7,.517,13.8,19.5,.284
195,196,Morehead State,34,23,11,.676,0.79,-3.43,13,5,12,2,8,8,2379,2158,1365,868,1904,.456,283,786,.360,360,540,.667,351,1246,546,199,196,458,511,66.6,104.8,.284,.413,.551,52.6,62.9,8.8,14.7,.530,17.5,31.2,.189
196,197,Morgan State,28,13,15,.464,-12.62,-8.12,7,6,8,3,3,10,2100,2025,1125,771,1764,.437,172,549,.313,386,570,.677,336,1030,414,237,96,431,551,75.7,98.6,.323,.311,.516,50.4,53.7,11.1,9.9,.486,17.5,31.4,.219
197,198,Mount St. Mary's,30,14,16,.467,-8.20,-7.20,9,7,8,5,6,11,1984,1958,1210,750,1693,.443,178,516,.345,306,445,.688,321,1050,398,171,121,388,472,65.3,100.5,.263,.305,.521,51.5,53.1,8.7,10.8,.496,16.9,31.4,.181
198,199,Murray State NCAA,34,31,3,.912,9.87,-3.07,18,0,15,0,11,1,2690,2150,1365,978,2056,.476,272,775,.351,462,668,.692,424,1328,501,266,108,389,524,68.3,115.5,.325,.377,.567,55.5,51.2,11.4,9.5,.542,14.1,35.8,.225
199,200,Navy,32,21,11,.656,-2.94,-6.36,12,6,9,6,11,5,2079,1924,1290,770,1792,.430,184,565,.326,355,542,.655,378,1194,392,226,107,412,511,64.7,99.7,.302,.315,.507,54.3,50.9,10.8,10.4,.481,16.7,33.7,.198
200,201,Omaha,30,5,25,.167,-16.99,-2.27,4,14,5,9,0,15,2088,2505,1200,755,1751,.431,212,597,.355,366,501,.731,262,984,328,144,77,410,577,71.4,97.4,.286,.341,.525,46.9,43.4,6.7,6.9,.492,17.1,24.2,.209
201,202,Nebraska,32,10,22,.313,3.00,8.25,4,16,7,12,3,8,2345,2513,1305,832,1875,.444,224,701,.320,457,625,.731,234,1059,408,230,87,402,556,72.0,99.8,.333,.374,.540,45.2,49.0,9.8,7.2,.503,15.6,20.5,.244
202,203,Nevada-Las Vegas,32,18,14,.563,7.20,4.58,10,8,14,4,4,7,2236,2099,1280,782,1842,.425,263,783,.336,409,554,.738,308,1156,442,196,90,358,571,67.0,104.3,.301,.425,.531,50.8,56.5,9.1,8.6,.496,14.5,27.1,.222
203,204,Nevada,31,13,18,.419,3.71,6.07,6,12,7,7,3,9,2249,2284,1240,802,1786,.449,216,648,.333,429,573,.749,257,1077,453,198,103,409,545,71.2,101.9,.321,.363,.546,50.2,56.5,9.0,10.0,.510,16.6,24.5,.240
204,205,New Hampshire,28,15,13,.536,-6.32,-7.21,10,8,10,4,5,9,1925,1819,1120,706,1605,.440,242,661,.366,271,405,.669,279,1004,340,130,80,254,376,63.6,108.1,.252,.412,.536,53.1,48.2,7.3,8.6,.515,12.4,28.8,.169
205,206,New Mexico State NCAA,34,27,7,.794,7.11,1.24,13,4,13,2,9,3,2464,2197,1365,869,1913,.454,268,812,.330,458,652,.702,369,1298,465,170,138,478,539,68.3,105.7,.341,.424,.554,55.1,53.5,7.3,12.2,.524,17.7,33.0,.239
206,207,New Mexico,32,13,19,.406,1.25,4.32,5,12,11,7,2,9,2376,2411,1290,834,1920,.434,249,724,.344,459,612,.750,277,1088,376,200,139,375,587,71.5,103.0,.319,.377,.537,47.4,45.1,8.7,11.2,.499,14.5,23.8,.239
207,208,New Orleans,32,18,14,.563,-7.88,-7.16,10,4,12,2,3,10,2469,2385,1290,890,1909,.466,132,429,.308,557,762,.731,303,1171,416,254,88,457,602,74.9,102.2,.399,.225,.544,49.3,46.7,10.5,7.3,.501,16.8,26.8,.292
208,209,Niagara,30,14,16,.467,-3.09,-2.98,9,11,7,4,5,10,2022,1965,1215,737,1678,.439,209,605,.345,339,464,.731,229,971,367,169,80,328,456,65.7,101.3,.277,.361,.533,48.7,49.8,8.5,7.5,.501,14.7,23.2,.202
209,210,Nicholls State,33,21,12,.636,-3.62,-5.90,11,3,11,1,7,8,2590,2352,1330,1018,2171,.469,269,823,.327,285,456,.625,390,1263,448,273,130,405,601,72.5,107.5,.210,.379,.542,50.9,44.0,11.3,10.6,.531,14.5,31.5,.131
210,211,NJIT,29,11,18,.379,-14.63,-6.17,6,12,6,8,5,10,1826,2030,1175,656,1603,.409,186,569,.327,328,498,.659,240,995,293,176,106,372,458,67.3,92.4,.311,.355,.496,47.9,44.7,8.9,10.4,.467,16.8,23.0,.205
211,212,Norfolk State NCAA,31,24,7,.774,-3.91,-9.30,12,2,11,0,7,6,2302,1997,1240,814,1766,.461,216,629,.343,458,655,.699,319,1192,386,207,111,435,547,70.7,105.0,.371,.356,.554,53.4,47.4,9.4,11.2,.522,17.3,30.7,.259
212,213,North Alabama,30,9,21,.300,-11.33,-3.21,2,14,6,7,3,12,2081,2056,1210,752,1903,.395,248,786,.316,329,437,.753,328,1084,304,205,104,357,559,70.6,97.4,.230,.413,.493,48.2,40.4,9.6,9.4,.460,14.5,27.5,.173
213,214,UNC Asheville,32,17,15,.531,-4.52,-5.28,8,8,9,6,6,7,2410,2201,1310,831,1817,.457,263,724,.363,485,668,.726,298,1085,407,208,157,393,505,68.0,108.3,.368,.398,.565,48.7,49.0,9.3,12.2,.530,15.6,27.7,.267
214,215,North Carolina A&T,32,12,20,.375,-9.91,-4.46,6,10,7,4,3,13,2167,2250,1290,806,1899,.424,202,647,.312,353,540,.654,356,1135,392,249,103,406,611,68.5,98.1,.284,.341,.503,49.3,48.6,11.3,9.8,.478,15.9,29.9,.186
215,216,North Carolina Central,31,16,15,.516,-11.39,-7.47,8,5,9,2,5,11,2256,2120,1255,809,1801,.449,201,606,.332,437,654,.668,362,1119,384,271,67,488,631,70.9,101.5,.363,.336,.534,52.3,47.5,12.2,7.0,.505,18.8,33.5,.243
216,217,UNC Greensboro,32,17,15,.531,-2.47,-1.99,9,9,9,5,7,6,2083,2079,1295,750,1741,.431,234,684,.342,349,484,.721,348,1119,386,205,51,415,491,63.2,101.9,.278,.393,.528,54.0,51.5,10.0,5.8,.498,17.4,33.3,.200
217,218,NC State,32,11,21,.344,3.77,6.37,4,16,7,10,3,7,2336,2419,1305,824,1997,.413,267,783,.341,421,581,.725,377,1115,362,225,118,321,527,67.9,105.4,.291,.392,.514,48.1,43.9,10.2,9.6,.479,12.4,30.2,.211
218,219,UNC Wilmington,36,27,9,.750,-0.66,-2.84,15,3,12,2,9,5,2596,2483,1470,904,2130,.424,257,771,.333,531,715,.743,368,1205,383,274,145,361,647,66.7,105.8,.336,.362,.526,47.5,42.4,11.2,10.7,.485,12.8,28.0,.249
219,220,North Carolina NCAA,39,29,10,.744,15.50,8.89,15,5,15,2,8,3,3038,2780,1575,1076,2409,.447,328,917,.358,558,730,.764,447,1609,582,202,153,455,564,70.3,109.7,.303,.381,.551,55.8,54.1,7.3,9.7,.515,14.2,31.8,.232
220,221,North Dakota State,33,23,10,.697,-1.60,-4.66,13,5,12,3,9,6,2469,2267,1340,867,1878,.462,251,701,.358,484,636,.761,275,1234,367,129,114,384,514,68.2,108.0,.339,.373,.566,53.4,42.3,5.6,8.4,.528,15.0,25.3,.258
221,222,North Dakota,31,6,25,.194,-16.57,-5.26,2,16,4,11,1,13,2178,2444,1245,739,1826,.405,278,806,.345,422,575,.734,310,1099,373,124,58,371,538,69.4,100.9,.315,.441,.519,49.4,50.5,5.7,4.9,.481,15.0,26.6,.231
222,223,North Florida,31,11,20,.355,-8.35,0.08,7,9,7,5,4,15,2124,2206,1250,725,1743,.416,296,873,.339,378,520,.727,282,1049,394,172,149,453,486,69.1,98.4,.298,.501,.534,46.2,54.3,8.0,10.8,.501,18.5,26.2,.217
223,224,North Texas,32,25,7,.781,8.98,1.28,16,2,13,3,9,1,2083,1783,1290,722,1632,.442,247,691,.357,392,603,.650,333,1091,351,209,89,366,507,60.6,106.5,.369,.423,.543,53.6,48.6,10.7,8.0,.518,16.0,32.3,.240
224,225,Northeastern,31,9,22,.290,-6.00,-1.19,2,16,6,8,0,12,1993,2142,1250,709,1624,.437,210,657,.320,365,497,.734,250,992,352,146,85,433,472,65.4,97.5,.306,.405,.536,51.6,49.6,7.1,7.7,.501,18.9,26.3,.225
225,226,Northern Arizona,32,9,23,.281,-13.50,-4.10,5,15,5,11,3,11,2161,2347,1290,770,1845,.417,277,773,.358,344,518,.664,334,1175,403,144,80,431,586,67.8,98.9,.281,.419,.517,52.2,52.3,6.6,6.9,.492,17.1,28.6,.186
226,227,Northern Colorado,38,22,16,.579,-4.53,-3.67,13,7,9,4,8,9,2962,2924,1535,1049,2209,.475,389,1020,.381,475,670,.709,288,1302,467,151,110,470,655,70.7,109.2,.303,.462,.586,50.5,44.5,5.6,7.1,.563,15.7,22.9,.215
227,228,Northern Illinois,30,9,21,.300,-10.50,-3.07,6,14,3,8,6,11,1923,2146,1205,690,1646,.419,175,552,.317,368,545,.675,254,969,337,188,82,411,612,68.6,93.1,.331,.335,.505,47.1,48.8,9.1,7.9,.472,17.7,24.3,.224
228,229,Northern Iowa,32,20,12,.625,5.79,3.43,14,4,10,4,9,5,2383,2273,1305,823,1793,.459,278,782,.355,459,582,.789,216,1044,377,184,45,356,444,67.6,108.0,.325,.436,.576,50.1,45.8,8.3,4.8,.537,14.7,21.0,.256
229,230,Northern Kentucky,32,20,12,.625,-3.19,-6.19,14,6,12,4,7,7,2237,2083,1300,805,1877,.429,280,811,.345,347,486,.714,398,1137,440,290,80,421,488,65.6,104.9,.259,.432,.531,51.9,54.7,13.6,7.4,.503,16.6,35.3,.185
230,231,Northwestern State,32,9,23,.281,-14.06,-3.20,5,9,6,6,2,14,2363,2573,1280,895,2012,.445,233,681,.342,340,490,.694,351,1146,481,203,112,446,542,73.2,100.9,.244,.338,.526,48.5,53.7,8.7,8.6,.503,16.6,29.3,.169
231,232,Northwestern,31,15,16,.484,8.91,7.11,7,13,10,6,3,8,2262,2168,1260,824,1928,.427,259,746,.347,355,494,.719,295,1100,490,201,108,303,545,68.8,104.4,.256,.387,.523,49.3,59.5,9.3,10.7,.495,12.3,25.4,.184
232,233,Notre Dame NCAA,35,24,11,.686,11.87,7.01,15,5,14,1,7,5,2540,2349,1420,913,1973,.463,318,834,.381,396,526,.753,251,1190,491,182,65,365,446,65.9,108.6,.267,.423,.571,50.2,53.8,7.8,4.8,.543,14.1,22.4,.201
233,234,Oakland,32,20,12,.625,-1.52,-4.06,12,7,10,3,7,8,2381,2194,1285,824,1876,.439,235,778,.302,498,627,.794,345,1104,428,289,77,392,437,69.0,107.3,.334,.415,.548,49.4,51.9,13.0,6.9,.502,15.3,31.4,.265
234,235,Ohio State NCAA,32,20,12,.625,14.17,9.08,12,8,13,3,5,6,2329,2166,1290,819,1740,.471,251,688,.365,440,581,.757,288,1107,400,144,152,358,525,65.1,110.9,.334,.395,.578,52.0,48.8,6.9,12.8,.543,15.1,29.3,.253
235,236,Ohio,35,25,10,.714,1.50,-4.17,14,6,15,2,8,6,2591,2378,1400,898,2084,.431,316,942,.335,479,657,.729,351,1194,441,263,91,368,505,69.0,107.3,.315,.452,.541,49.4,49.1,10.9,7.4,.507,13.3,27.4,.230
236,237,Oklahoma State,30,15,15,.500,13.28,10.58,8,10,10,6,3,8,2051,1970,1230,754,1737,.434,161,546,.295,382,573,.667,347,1113,380,256,163,453,522,68.8,96.9,.330,.314,.510,50.8,50.4,12.1,15.7,.480,18.4,32.3,.220
237,238,Oklahoma,35,19,16,.543,14.12,10.10,7,11,12,6,3,8,2417,2276,1420,885,1859,.476,266,767,.347,381,510,.747,268,1114,491,258,66,516,542,66.1,103.0,.274,.413,.575,51.0,55.5,11.0,5.2,.548,19.7,25.8,.205
238,239,Old Dominion,32,13,19,.406,-1.32,-0.09,8,10,10,4,3,11,2127,2145,1285,786,1810,.434,141,480,.294,414,616,.672,365,1194,395,205,105,381,508,65.7,100.8,.340,.265,.506,52.5,50.3,9.7,10.6,.473,15.3,32.2,.229
239,240,Oral Roberts,31,19,12,.613,-0.84,-4.49,12,6,10,5,8,6,2582,2306,1250,937,2052,.457,360,948,.380,348,477,.730,332,1247,364,171,130,307,476,72.2,114.4,.232,.462,.567,52.8,38.8,7.6,10.2,.544,11.9,28.4,.170
240,241,Oregon State,31,3,28,.097,-1.44,8.40,1,19,3,13,0,12,2117,2422,1260,795,1795,.443,176,552,.319,351,495,.709,280,955,376,185,94,389,544,67.8,99.1,.276,.308,.521,45.7,47.3,8.7,8.5,.492,16.1,26.2,.196
241,242,Oregon,35,20,15,.571,10.05,8.05,11,9,12,5,6,6,2532,2440,1410,936,2075,.451,249,748,.333,411,605,.679,367,1228,426,238,122,411,582,68.4,105.1,.292,.360,.536,49.7,45.5,9.9,9.4,.511,14.8,30.0,.198
242,243,Pacific,30,8,22,.267,-8.02,0.41,3,11,7,7,0,13,1976,2182,1205,710,1710,.415,182,572,.318,374,545,.686,242,985,343,192,77,369,496,69.5,94.3,.319,.335,.502,48.8,48.3,9.2,7.9,.468,15.8,22.7,.219
243,244,Penn State,31,14,17,.452,8.72,9.10,7,13,10,5,1,10,2003,2015,1255,740,1712,.432,249,729,.342,274,373,.735,287,1095,368,164,67,366,478,62.8,101.6,.218,.426,.530,53.0,49.7,8.3,6.2,.505,16.2,28.6,.160
244,245,Pennsylvania,28,12,16,.429,-3.93,-0.50,9,5,6,3,5,10,2017,2113,1130,748,1677,.446,226,675,.335,295,405,.728,247,966,354,154,63,330,483,69.0,103.4,.242,.403,.539,48.8,47.3,7.9,6.0,.513,15.0,25.2,.176
245,246,Pepperdine,32,7,25,.219,-7.04,3.42,1,15,7,9,0,13,2183,2480,1290,810,1937,.418,232,682,.340,331,461,.718,316,1103,473,181,75,471,572,71.7,94.4,.238,.352,.506,47.6,58.4,7.8,6.1,.478,17.9,26.6,.171
246,247,Pittsburgh,32,11,21,.344,0.45,6.98,6,14,8,11,3,9,1969,2178,1280,675,1630,.414,172,548,.314,447,642,.696,317,1083,352,172,123,435,489,64.2,95.8,.394,.336,.509,52.1,52.1,8.4,12.4,.467,18.4,30.5,.274
247,248,Portland State,31,14,17,.452,-7.70,-5.67,10,10,7,7,5,9,2280,2237,1250,820,1905,.430,191,640,.298,449,605,.742,318,1050,352,289,102,384,614,72.2,101.0,.318,.336,.520,47.1,42.9,12.8,9.4,.481,14.9,27.3,.236
248,249,Portland,34,19,15,.559,-1.71,-1.11,7,7,11,4,6,9,2524,2454,1365,858,1963,.437,264,754,.350,544,688,.791,280,1231,487,172,86,448,557,72.0,102.7,.350,.384,.551,50.2,56.8,7.0,6.8,.504,16.4,23.9,.277
249,250,Prairie View,27,8,19,.296,-10.47,-3.66,8,8,5,4,3,13,1877,2061,1095,648,1515,.428,171,495,.345,410,583,.703,297,945,309,229,83,471,573,71.8,95.6,.385,.327,.524,49.1,47.7,11.7,8.2,.484,20.8,31.7,.271
250,251,Presbyterian,32,12,20,.375,-8.47,-3.65,4,12,7,7,3,12,2170,2174,1325,794,1881,.422,183,677,.270,399,592,.674,391,1140,403,253,87,434,610,66.5,98.5,.315,.360,.502,53.1,50.8,11.5,8.4,.471,16.7,33.9,.212
251,252,Princeton,30,23,7,.767,2.65,-3.95,12,2,13,1,8,4,2395,2103,1215,910,1866,.488,327,846,.387,248,388,.639,268,1066,464,186,54,305,421,68.7,114.7,.208,.453,.584,51.4,51.0,8.9,4.4,.575,12.9,25.8,.133
252,253,Providence NCAA,33,27,6,.818,13.08,7.75,14,3,16,1,7,2,2360,2184,1345,808,1859,.435,243,706,.344,501,688,.728,348,1241,437,166,121,377,527,65.9,106.5,.370,.380,.540,52.2,54.1,7.5,9.7,.500,14.7,30.3,.269
253,254,Purdue NCAA,37,29,8,.784,19.15,8.23,14,6,16,1,5,5,2936,2532,1495,1026,2094,.490,315,820,.384,569,800,.711,412,1431,601,172,128,436,535,66.7,117.8,.382,.392,.593,57.1,58.6,6.9,9.7,.565,15.0,35.2,.272
254,255,Quinnipiac,31,14,17,.452,-5.56,-4.20,7,13,8,7,4,9,2226,2216,1245,789,1830,.431,276,801,.345,372,486,.765,306,1096,446,197,66,402,518,69.3,103.2,.266,.438,.540,50.7,56.5,9.1,5.7,.507,16.3,28.7,.203
255,256,Radford,29,11,18,.379,-9.23,-3.90,7,9,8,4,3,12,1832,1955,1175,666,1607,.414,201,655,.307,299,447,.669,294,966,316,192,44,400,519,65.4,95.3,.278,.408,.503,50.3,47.4,10.0,4.7,.477,18.0,28.9,.186
256,257,Rhode Island,31,15,16,.484,2.92,1.22,5,12,10,5,3,9,2081,2015,1240,769,1687,.456,166,493,.337,377,608,.620,299,1124,417,229,186,442,532,68.2,98.4,.360,.292,.527,51.5,54.2,10.8,18.2,.505,18.3,28.6,.223
257,258,Rice,33,16,17,.485,-2.74,-1.19,7,11,10,5,4,8,2446,2421,1340,868,1892,.459,297,803,.370,413,578,.715,292,1174,513,169,60,413,460,68.4,106.8,.305,.424,.564,50.8,59.1,7.4,4.5,.537,16.0,26.6,.218
258,259,Richmond NCAA,37,24,13,.649,7.07,4.48,10,8,11,4,7,5,2628,2532,1490,934,2112,.442,290,881,.329,470,655,.718,280,1194,536,281,87,361,513,67.4,104.7,.310,.417,.542,47.6,57.4,11.2,6.3,.511,13.0,22.4,.223
259,260,Rider,33,14,19,.424,-5.87,-3.56,8,12,7,6,4,11,2237,2286,1335,826,1997,.414,184,572,.322,401,545,.736,360,1223,420,226,81,391,565,68.3,98.2,.273,.286,.496,50.5,50.8,9.9,7.7,.460,14.8,29.3,.201
260,261,Robert Morris,32,8,24,.250,-12.50,-5.47,5,16,4,10,4,14,2220,2390,1290,823,1777,.463,192,567,.339,382,503,.759,286,1043,405,192,122,456,496,67.7,101.7,.283,.319,.551,49.3,49.2,8.8,10.1,.517,18.4,28.5,.215
261,262,Rutgers NCAA,32,18,14,.563,8.78,6.81,12,8,14,3,4,9,2192,2129,1300,826,1856,.445,199,587,.339,341,487,.700,327,1141,486,225,128,369,504,65.5,102.9,.262,.316,.525,51.4,58.8,10.6,11.7,.499,15.0,29.6,.184
262,263,Sacramento State,29,11,18,.379,-12.06,-5.36,6,14,5,8,4,9,1898,2035,1165,696,1615,.431,196,546,.359,310,457,.678,225,903,319,173,82,321,498,66.4,98.1,.283,.338,.518,46.5,45.8,8.9,8.1,.492,14.9,22.4,.192
263,264,Sacred Heart,30,10,20,.333,-13.41,-8.79,6,10,6,7,4,13,2180,2254,1210,807,1812,.445,242,706,.343,324,447,.725,337,1086,436,164,66,416,469,69.3,104.0,.247,.390,.538,50.9,54.0,7.8,5.7,.512,17.0,31.8,.179
264,265,Saint Francis (PA),30,9,21,.300,-14.57,-7.91,5,13,4,8,5,13,2058,2205,1215,764,1808,.423,177,562,.315,353,545,.648,356,1099,389,197,83,378,442,68.9,98.3,.301,.311,.498,49.3,50.9,9.4,7.3,.472,15.5,31.0,.195
265,266,Saint Joseph's,30,11,19,.367,1.00,2.46,5,13,9,7,1,10,2028,2072,1210,747,1774,.421,268,797,.336,266,407,.654,292,1128,406,148,74,406,484,68.5,97.9,.229,.449,.515,51.7,54.4,7.1,5.9,.497,17.1,27.0,.150
266,267,Saint Louis,35,23,12,.657,9.83,3.45,12,6,14,5,5,6,2666,2376,1415,958,2090,.458,236,640,.369,514,674,.763,415,1351,517,225,109,450,627,69.0,109.2,.322,.306,.553,54.5,54.0,9.2,8.4,.515,15.7,34.4,.246
267,268,Saint Mary's (CA) NCAA,34,26,8,.765,14.82,6.58,12,3,16,0,6,4,2370,2061,1360,888,1915,.464,246,696,.353,348,459,.758,293,1146,458,235,86,382,529,65.5,106.5,.240,.363,.556,53.4,51.6,10.6,6.6,.528,15.2,27.8,.182
268,269,Saint Peter's NCAA,34,22,12,.647,2.96,-0.47,14,6,9,4,7,7,2277,2125,1370,797,1865,.427,198,566,.350,485,692,.701,366,1218,418,240,170,456,669,66.7,99.6,.371,.303,.519,51.5,52.4,10.5,14.8,.480,17.2,31.3,.260
269,270,Sam Houston State,33,19,14,.576,0.07,-1.16,13,5,11,2,5,8,2272,2082,1325,846,1984,.426,287,837,.343,293,484,.605,345,1234,466,251,81,416,594,68.8,99.7,.244,.422,.513,52.2,55.1,11.0,8.1,.499,15.8,27.9,.148
270,271,Samford,32,21,11,.656,-3.01,-1.76,10,8,13,2,5,8,2390,2363,1290,856,1921,.446,281,836,.336,397,544,.730,340,1139,411,238,94,440,564,70.5,105.1,.283,.435,.548,51.1,48.0,10.5,9.2,.519,16.8,30.6,.207
271,272,San Diego State NCAA,32,23,9,.719,13.13,5.85,13,4,14,1,5,5,2093,1860,1295,761,1761,.432,192,542,.354,379,548,.692,315,1121,382,239,152,409,559,65.3,99.0,.311,.308,.518,51.5,50.2,11.3,14.4,.487,16.8,29.5,.215
272,273,San Diego,31,15,16,.484,-3.32,1.48,7,9,8,6,5,8,2041,2086,1250,770,1797,.428,170,508,.335,331,463,.715,297,1113,308,157,114,386,493,67.4,96.9,.258,.283,.506,50.6,40.0,7.5,8.6,.476,16.1,27.0,.184
273,274,San Francisco NCAA,34,24,10,.706,14.12,5.24,10,6,14,4,7,2,2630,2304,1365,944,2064,.457,327,934,.350,415,598,.694,361,1287,443,261,158,434,615,70.9,108.7,.290,.453,.560,53.4,46.9,10.8,11.6,.537,15.6,30.2,.201
274,275,San Jose State,31,8,23,.258,-7.01,3.79,1,17,7,9,1,13,1993,2242,1245,734,1717,.427,273,775,.352,252,383,.658,236,965,404,162,98,409,506,66.3,96.6,.223,.451,.525,46.2,55.0,7.8,8.2,.507,17.7,22.4,.147
275,276,Santa Clara,33,21,12,.636,8.98,3.61,10,5,14,4,5,6,2550,2373,1325,950,1961,.484,238,629,.378,412,541,.762,246,1172,499,197,124,381,495,71.4,107.8,.276,.321,.575,50.4,52.5,8.3,8.8,.545,14.7,22.8,.210
276,277,Seattle,32,23,9,.719,1.96,-4.10,14,4,17,2,6,6,2395,2132,1285,829,1989,.417,309,910,.340,426,556,.766,319,1203,436,221,116,371,657,71.8,103.8,.280,.458,.531,50.3,52.6,9.6,10.1,.494,14.1,26.4,.214
277,278,Seton Hall NCAA,32,21,11,.656,12.75,8.52,11,8,13,3,6,5,2302,2125,1285,808,1925,.420,234,692,.338,452,600,.753,387,1233,330,226,173,388,500,68.7,104.4,.312,.359,.521,51.8,40.8,10.2,13.8,.481,14.9,32.6,.235
278,279,Siena,29,15,14,.517,-6.40,-3.50,12,8,8,5,7,8,1922,2006,1175,691,1621,.426,196,551,.356,344,469,.733,240,955,291,180,116,364,464,67.2,97.4,.289,.340,.521,48.2,42.1,9.1,9.8,.487,16.5,24.5,.212
279,280,South Alabama,33,21,12,.636,0.23,-3.59,9,7,15,3,4,8,2362,2111,1330,863,1877,.460,224,665,.337,412,595,.692,320,1137,393,230,161,416,542,67.5,105.2,.317,.354,.547,49.8,45.5,10.2,14.3,.519,16.2,28.9,.219
280,281,South Carolina State,31,15,16,.484,-13.04,-8.39,7,7,8,5,5,8,2227,2249,1255,797,2030,.393,197,657,.300,436,633,.689,472,1296,379,206,111,458,614,73.7,96.3,.312,.324,.478,52.9,47.6,8.9,10.1,.441,16.4,35.7,.215
281,282,South Carolina Upstate,32,15,17,.469,-9.01,-4.11,10,6,6,7,8,9,2287,2341,1290,815,1823,.447,257,704,.365,400,529,.756,243,1041,438,203,106,407,612,69.4,102.1,.290,.386,.551,47.4,53.7,9.1,9.8,.518,16.4,22.7,.219
282,283,South Carolina,31,18,13,.581,7.14,8.37,9,9,12,4,4,7,2200,2178,1245,811,1913,.424,211,667,.316,367,547,.671,401,1187,435,243,157,472,602,72.2,98.0,.286,.349,.506,51.3,53.6,10.8,13.7,.479,17.8,34.3,.192
283,284,South Dakota State NCAA,35,30,5,.857,6.60,-3.77,18,0,14,0,10,3,3005,2561,1405,1078,2069,.521,326,733,.445,523,690,.758,258,1241,528,213,89,385,536,71.7,119.3,.333,.354,.627,52.7,49.0,8.5,6.9,.600,13.8,24.0,.253
284,285,South Dakota,31,19,12,.613,-4.43,-5.61,11,7,11,4,6,7,2329,2198,1250,829,1779,.466,221,591,.374,450,600,.750,272,1065,370,137,71,309,547,67.5,110.5,.337,.332,.564,52.9,44.6,6.5,6.6,.528,13.0,27.1,.253
285,286,South Florida,31,8,23,.258,-3.05,4.40,3,15,6,10,2,9,1781,2012,1240,670,1790,.374,138,547,.252,303,455,.666,350,1114,339,193,116,389,529,65.9,87.2,.254,.306,.444,50.0,50.6,9.4,11.9,.413,16.2,29.6,.169
286,287,Southeast Missouri State,32,14,18,.438,-7.19,-4.69,8,9,8,5,5,10,2418,2473,1285,818,1871,.437,281,816,.344,501,684,.732,290,1066,446,207,85,420,649,72.6,103.7,.366,.436,.551,48.1,54.5,8.9,7.3,.512,16.1,25.7,.268
287,288,Southeastern Louisiana,34,19,15,.559,-9.03,-5.77,10,4,10,1,5,11,2679,2643,1365,911,1982,.460,302,845,.357,555,732,.758,314,1118,519,270,132,486,544,73.4,106.9,.369,.426,.575,47.5,57.0,10.8,10.0,.536,17.3,27.0,.280
288,289,Southern California NCAA,34,26,8,.765,12.50,6.09,14,6,13,3,9,3,2461,2243,1370,910,2002,.455,230,644,.357,411,619,.664,399,1363,485,170,151,415,531,67.5,106.4,.309,.322,.536,54.3,53.3,7.4,11.1,.512,15.3,33.5,.205
289,290,SIU Edwardsville,32,11,21,.344,-10.37,-4.71,5,13,8,5,3,13,2161,2238,1295,772,1848,.418,188,646,.291,429,621,.691,410,1196,394,228,122,482,584,69.1,96.6,.336,.350,.504,51.4,51.0,10.2,11.1,.469,18.4,34.1,.232
290,291,Southern Illinois,31,16,15,.516,2.83,0.73,9,9,11,4,4,8,1985,1902,1240,713,1600,.446,239,675,.354,320,464,.690,218,943,372,170,65,354,473,62.9,101.7,.290,.422,.545,49.6,52.2,8.7,6.0,.520,16.3,22.7,.200
291,292,Southern Methodist,33,24,9,.727,11.14,4.44,13,4,17,1,6,5,2436,2215,1325,827,1878,.440,280,792,.354,502,669,.750,313,1246,457,207,142,407,502,69.5,105.8,.356,.422,.555,50.5,55.3,9.0,10.4,.515,15.6,27.6,.267
292,293,Southern Mississippi,33,7,26,.212,-13.58,-0.38,1,17,3,11,1,14,2126,2471,1330,801,1866,.429,177,565,.313,347,504,.688,271,1107,406,165,91,439,529,68.3,93.7,.270,.303,.505,48.0,50.7,7.3,8.1,.477,17.3,23.6,.186
293,294,Southern Utah,35,23,12,.657,-1.51,-4.57,14,6,13,3,8,8,2720,2538,1420,962,2088,.461,292,851,.343,504,706,.714,353,1316,422,212,87,443,596,70.8,108.3,.338,.408,.561,53.4,43.9,8.4,6.9,.531,15.5,28.7,.241
294,295,Southern,31,17,14,.548,-5.17,-6.90,11,6,9,2,8,11,2229,2105,1245,791,1796,.440,213,604,.353,434,624,.696,296,976,415,325,80,449,634,72.1,99.3,.347,.336,.533,47.7,52.5,14.5,7.8,.500,17.7,27.7,.242
295,296,St. Bonaventure,33,23,10,.697,8.27,4.79,12,5,13,2,7,4,2309,2194,1325,868,1917,.453,200,604,.331,373,497,.751,296,1109,451,209,157,341,439,66.2,105.2,.259,.315,.536,50.0,52.0,9.5,14.9,.505,13.7,26.9,.195
296,297,St. Francis (NY),30,10,20,.333,-13.49,-7.93,7,11,3,9,7,9,2017,2116,1210,746,1823,.409,210,668,.314,315,443,.711,338,1058,357,200,78,371,497,68.2,97.7,.243,.366,.496,49.4,47.9,9.7,6.6,.467,15.4,30.0,.173
297,298,St. John's (NY),32,17,15,.531,11.95,6.51,8,11,12,7,4,7,2547,2373,1290,969,2137,.453,232,692,.335,377,557,.677,383,1211,600,283,175,381,572,74.2,106.4,.261,.324,.530,49.3,61.9,11.8,14.5,.508,13.7,30.7,.176
298,299,St. Thomas (MN),30,10,20,.333,-11.15,-5.59,4,14,5,8,3,12,2241,2260,1200,800,1815,.441,334,935,.357,307,405,.758,186,887,377,155,38,243,511,68.2,109.5,.223,.515,.558,45.5,47.1,7.6,3.8,.533,10.8,18.0,.169
299,300,Stanford,32,16,16,.500,6.27,8.59,8,12,10,5,3,9,2124,2198,1285,770,1780,.433,233,688,.339,351,533,.659,368,1181,419,178,83,479,556,66.8,99.0,.299,.387,.522,55.1,54.4,8.3,7.6,.498,19.1,33.8,.197
300,301,Stephen F. Austin,32,22,10,.688,2.43,-1.60,14,4,13,3,7,4,2385,2190,1285,877,1849,.474,189,572,.330,442,652,.678,370,1127,481,290,130,526,630,71.9,103.3,.353,.309,.552,51.9,54.8,12.6,11.9,.525,19.6,34.5,.239
301,302,Stetson,30,11,19,.367,-10.34,-4.07,5,11,7,8,4,11,2090,2144,1220,765,1779,.430,255,729,.350,305,442,.690,316,1068,430,211,88,389,445,67.5,101.6,.248,.410,.525,51.0,56.2,10.3,8.4,.502,16.4,29.6,.171
302,303,Stony Brook,31,18,13,.581,-6.63,-5.43,10,8,13,4,5,9,2261,2267,1245,815,1860,.438,254,749,.339,377,501,.752,299,1078,346,208,90,328,443,68.6,106.0,.269,.403,.539,48.8,42.5,9.7,8.1,.506,13.5,27.0,.203
303,304,Syracuse,33,16,17,.485,10.12,7.82,9,11,11,5,3,8,2553,2477,1345,915,2029,.451,300,795,.377,423,574,.737,350,1198,482,231,124,354,470,68.5,110.9,.283,.392,.555,49.0,52.7,10.0,11.6,.525,13.3,29.2,.208
304,305,Tarleton State,31,14,17,.452,-3.18,-0.50,9,9,10,5,4,12,2002,2025,1245,705,1683,.419,156,511,.305,436,578,.754,292,946,349,237,68,378,562,65.7,97.8,.343,.304,.511,47.1,49.5,11.6,7.4,.465,16.2,28.0,.259
305,306,Temple,29,17,12,.586,4.61,4.30,10,7,11,3,5,6,1936,1927,1170,649,1644,.395,195,628,.311,443,652,.679,356,1124,342,196,135,364,533,67.1,98.6,.397,.382,.495,51.7,52.7,10.0,12.6,.454,15.7,32.7,.269
306,307,Tennessee-Martin,30,8,22,.267,-11.13,-3.02,4,14,5,8,2,13,2067,2206,1200,762,1837,.415,205,685,.299,338,483,.700,350,1106,353,198,131,400,543,70.6,97.6,.263,.373,.500,49.5,46.3,9.4,12.2,.471,16.2,30.5,.184
307,308,Tennessee State,32,14,18,.438,-9.34,-7.31,8,10,8,5,5,11,2282,2246,1285,825,1852,.445,211,603,.350,421,589,.715,332,1120,393,216,107,444,610,69.8,101.8,.318,.326,.535,51.1,47.6,9.6,9.7,.502,17.2,30.3,.227
308,309,Tennessee Tech,32,11,21,.344,-7.27,-3.03,7,10,7,7,3,12,2328,2357,1290,897,1998,.449,224,655,.342,310,469,.661,371,1187,512,232,119,424,464,70.6,102.2,.235,.328,.524,50.9,57.1,10.2,10.0,.505,16.0,31.6,.155
309,310,Tennessee NCAA,35,27,8,.771,20.46,9.94,14,4,16,0,6,5,2571,2203,1410,915,2107,.434,305,848,.360,436,610,.715,409,1290,576,326,150,429,592,68.6,106.2,.290,.402,.536,52.2,63.0,13.5,12.9,.507,15.2,32.5,.207
310,311,Texas A&M-Corpus Christi NCAA,35,23,12,.657,-6.78,-9.10,7,7,9,4,7,6,2682,2454,1405,943,2130,.443,224,666,.336,572,776,.737,447,1341,528,298,62,492,711,72.3,105.5,.364,.313,.537,53.0,56.0,11.7,5.6,.495,16.5,34.6,.269
311,312,Texas A&M,40,27,13,.675,12.93,7.42,9,9,16,4,5,5,2908,2643,1620,1034,2334,.443,260,799,.325,580,825,.703,483,1419,541,398,136,524,701,68.6,104.7,.353,.342,.533,50.5,52.3,14.3,9.9,.499,16.1,34.3,.249
312,313,UT Arlington,29,11,18,.379,-5.49,-0.94,7,10,8,4,3,13,1948,1993,1200,711,1696,.419,184,587,.313,342,488,.701,335,1067,405,227,123,406,520,66.5,97.6,.288,.346,.505,50.1,57.0,11.4,12.2,.473,17.4,31.6,.202
313,314,TCU NCAA,34,21,13,.618,13.72,10.16,8,10,12,4,4,6,2328,2207,1370,862,1963,.439,188,622,.302,416,617,.674,442,1326,464,219,141,492,527,67.2,101.1,.314,.317,.516,56.0,53.8,9.5,11.2,.487,17.9,37.8,.212
314,315,UTEP,34,20,14,.588,0.27,-0.48,11,7,12,6,7,6,2352,2265,1370,840,1950,.431,259,741,.350,413,541,.763,275,1093,412,253,121,396,617,67.9,101.1,.277,.380,.533,47.1,49.0,10.9,9.9,.497,15.2,23.5,.212
315,316,Texas-Rio Grande Valley,31,8,23,.258,-10.18,-1.28,3,15,4,9,3,12,2212,2438,1240,759,1722,.441,196,644,.304,498,717,.695,271,1070,379,162,99,477,620,73.2,97.5,.416,.374,.536,47.2,49.9,7.1,8.5,.498,18.8,25.1,.289
316,317,UTSA,32,10,22,.313,-10.46,-1.49,3,15,8,10,1,11,2153,2313,1285,795,2010,.396,200,680,.294,363,532,.682,406,1226,366,183,81,406,525,70.0,95.7,.265,.338,.476,50.9,46.0,8.1,7.2,.445,15.2,31.0,.181
317,318,Texas Southern NCAA,32,19,13,.594,-3.30,-6.24,13,5,7,2,8,10,2209,2115,1285,803,1854,.433,180,573,.314,423,623,.679,379,1261,343,178,165,478,566,69.7,98.6,.336,.309,.514,53.2,42.7,7.9,13.6,.482,18.2,33.0,.228
318,319,Texas State,29,21,8,.724,0.14,-2.86,12,3,12,1,7,6,2043,1834,1165,739,1598,.462,183,489,.374,382,508,.752,292,973,354,188,103,358,495,65.6,107.0,.318,.306,.555,51.9,47.9,9.8,11.1,.520,16.3,31.6,.239
319,320,Texas Tech NCAA,37,27,10,.730,20.08,8.65,12,6,18,0,3,7,2667,2244,1495,969,2055,.472,225,700,.321,504,722,.698,391,1348,506,296,130,499,598,67.3,106.0,.351,.341,.556,54.6,52.2,11.8,12.0,.526,17.2,33.2,.245
320,321,Texas NCAA,34,22,12,.647,17.01,8.87,10,8,16,3,4,7,2339,2062,1370,832,1886,.441,225,681,.330,450,603,.746,353,1131,450,261,115,393,608,64.5,105.9,.320,.361,.538,50.8,54.1,11.8,10.1,.501,15.3,31.5,.239
321,322,Toledo,34,26,8,.765,6.26,-3.22,17,3,13,2,9,5,2717,2334,1360,1017,2122,.479,235,664,.354,448,594,.754,362,1357,519,188,94,348,513,70.3,113.7,.280,.313,.565,53.2,51.0,7.9,7.5,.535,12.6,30.3,.211
322,323,Towson,34,25,9,.735,6.47,-2.15,15,3,12,2,11,5,2478,2185,1365,870,1943,.448,265,743,.357,473,658,.719,399,1241,458,247,92,404,590,66.2,109.7,.339,.382,.549,54.5,52.6,10.9,8.5,.516,15.2,35.2,.243
323,324,Troy,32,20,12,.625,-3.56,-3.52,10,6,10,3,8,6,2214,2100,1290,770,1812,.425,240,733,.327,434,597,.727,357,1188,441,252,71,490,564,69.1,99.3,.329,.405,.528,52.5,57.3,11.3,6.3,.491,19.0,31.6,.240
324,325,Tulane,29,14,15,.483,6.74,5.33,10,8,9,4,3,8,2121,2080,1175,734,1661,.442,234,641,.365,419,554,.756,195,917,392,230,95,305,466,69.3,104.1,.334,.386,.551,44.7,53.4,11.3,10.0,.512,13.7,19.9,.252
325,326,Tulsa,31,11,20,.355,1.56,4.07,4,14,8,8,1,10,2089,2167,1240,745,1717,.434,212,619,.342,387,533,.726,278,1011,365,212,69,397,496,67.3,100.1,.310,.361,.530,48.4,49.0,10.2,7.2,.496,16.8,26.7,.225
326,327,UCLA NCAA,35,27,8,.771,19.30,8.36,15,5,14,1,8,4,2639,2256,1425,967,2148,.450,237,671,.353,468,632,.741,394,1281,486,244,116,313,554,66.5,111.4,.294,.312,.539,52.5,50.3,10.3,9.6,.505,11.3,31.4,.218
327,328,Utah State,34,18,16,.529,10.41,4.53,8,10,9,7,4,7,2497,2273,1380,917,1926,.476,265,775,.342,398,552,.721,286,1203,611,209,72,424,560,67.3,107.5,.287,.402,.571,53.0,66.6,9.0,6.2,.545,16.2,26.3,.207
328,329,Utah Valley,32,20,12,.625,2.37,-1.60,10,8,11,2,6,9,2279,2084,1305,798,1758,.454,204,551,.370,479,671,.714,349,1295,475,175,143,495,539,68.2,102.5,.382,.313,.549,55.8,59.5,7.9,11.8,.512,19.2,32.8,.272
329,330,Utah,31,11,20,.355,5.45,6.61,4,16,7,9,2,9,2161,2197,1250,753,1799,.419,237,708,.335,418,540,.774,326,1125,418,142,90,380,511,67.2,102.9,.300,.394,.526,50.2,55.5,6.8,7.5,.484,15.6,29.3,.232
330,331,Valparaiso,32,14,18,.438,-1.61,0.83,6,12,8,8,3,8,2264,2257,1320,836,1820,.459,230,692,.332,362,477,.759,174,1034,400,204,95,354,431,67.4,101.8,.262,.380,.553,49.2,47.8,9.2,8.0,.523,14.7,16.9,.199
331,332,Vanderbilt,36,19,17,.528,11.00,8.05,7,11,11,8,5,8,2548,2442,1450,849,2001,.424,310,913,.340,540,775,.697,347,1235,423,261,122,472,650,68.9,102.0,.387,.456,.538,49.6,49.8,10.4,10.0,.502,16.6,27.5,.270
332,333,Vermont NCAA,34,28,6,.824,7.81,-5.70,17,1,16,0,10,4,2544,2065,1365,936,1902,.492,298,817,.365,374,504,.742,248,1191,515,173,84,326,475,65.1,114.4,.265,.430,.594,54.7,55.0,7.8,7.2,.570,13.2,24.3,.197
333,334,Villanova NCAA,38,30,8,.789,19.31,10.29,16,4,12,1,8,5,2726,2383,1525,922,2133,.432,355,988,.359,527,635,.830,392,1322,451,229,83,376,566,63.6,112.5,.298,.463,.560,51.5,48.9,9.4,6.8,.515,13.4,31.2,.247
334,335,Virginia Commonwealth,32,22,10,.688,9.83,5.17,14,4,12,4,9,3,2146,1997,1285,795,1723,.461,181,521,.347,375,533,.704,268,1040,446,294,162,483,599,68.6,97.4,.309,.302,.543,48.6,56.1,13.3,14.7,.514,19.6,26.6,.218
335,336,VMI,32,16,16,.500,-2.47,-2.05,9,9,9,4,6,9,2529,2375,1295,876,1907,.459,400,1049,.381,377,476,.792,264,1162,511,154,87,370,477,69.2,112.9,.250,.550,.593,49.7,58.3,6.9,8.0,.564,14.8,24.4,.198
336,337,Virginia Tech NCAA,36,23,13,.639,14.48,6.48,11,9,11,4,7,6,2549,2261,1445,933,1981,.471,319,814,.392,364,485,.751,305,1152,515,192,114,391,535,63.6,111.0,.245,.411,.576,51.4,55.2,8.4,9.3,.551,15.0,27.9,.184
337,338,Virginia,35,21,14,.600,8.88,6.60,12,8,11,7,7,6,2184,2104,1405,817,1820,.449,176,545,.323,374,512,.730,300,1097,493,200,149,339,480,59.9,103.7,.281,.299,.529,49.9,60.3,9.5,12.9,.497,14.1,27.8,.205
338,339,Wagner,27,21,6,.778,-1.12,-9.01,13,3,12,1,9,5,2010,1747,1100,747,1613,.463,138,484,.285,378,521,.726,318,1006,393,226,76,338,535,68.3,107.0,.323,.300,.540,53.6,52.6,12.0,8.7,.506,15.4,33.9,.234
339,340,Wake Forest,35,25,10,.714,13.24,4.75,13,7,18,2,5,6,2749,2452,1420,978,2026,.483,296,860,.344,497,681,.730,305,1287,527,227,136,488,559,71.2,108.7,.336,.424,.585,52.2,53.9,9.0,10.1,.556,17.2,26.8,.245
340,341,Washington State,37,22,15,.595,12.57,5.97,11,9,13,7,8,5,2644,2400,1485,908,2239,.406,331,989,.335,497,668,.744,462,1377,416,237,165,416,644,67.4,105.6,.298,.442,.517,51.4,45.8,9.5,12.3,.479,14.0,33.4,.222
341,342,Washington,32,17,15,.531,5.03,6.72,11,9,11,6,3,7,2260,2314,1295,796,1929,.413,198,634,.312,470,670,.701,352,1069,326,265,132,381,532,70.4,99.1,.347,.329,.503,46.2,41.0,11.6,10.5,.464,14.5,29.3,.244
342,343,Weber State,33,21,12,.636,-1.73,-5.21,13,7,9,6,8,5,2513,2319,1325,878,1847,.475,236,696,.339,521,696,.749,217,1058,351,253,83,384,507,71.1,106.8,.377,.377,.577,49.0,40.0,10.7,7.1,.539,15.0,20.7,.282
343,344,West Virginia,33,16,17,.485,10.23,10.74,4,14,12,5,1,10,2259,2276,1320,779,1885,.413,208,635,.328,493,681,.724,355,1064,346,257,150,410,575,68.5,100.0,.361,.337,.511,47.2,44.4,11.4,13.1,.468,15.7,29.9,.262
344,345,Western Carolina,32,11,21,.344,-10.48,-1.90,5,13,8,5,2,14,2261,2472,1295,787,1960,.402,320,1002,.319,367,545,.673,367,1201,412,156,76,397,544,69.3,100.8,.278,.511,.509,50.0,52.4,7.0,7.1,.483,15.2,29.4,.187
345,346,Western Illinois,32,16,16,.500,-6.34,-5.51,7,11,9,6,7,9,2493,2470,1300,889,2048,.434,277,837,.331,438,619,.708,361,1212,365,199,81,365,558,72.4,105.9,.302,.409,.532,51.7,41.1,8.5,6.3,.502,13.5,28.7,.214
346,347,Western Kentucky,32,19,13,.594,3.30,0.23,11,7,13,4,5,6,2414,2214,1280,881,1885,.467,246,695,.354,406,569,.714,271,1132,445,271,190,388,362,71.0,106.3,.302,.369,.560,48.8,50.5,11.9,16.9,.533,15.3,24.6,.215
347,348,Western Michigan,31,8,23,.258,-13.51,-2.30,4,16,4,10,2,13,2027,2329,1255,730,1736,.421,262,788,.332,305,436,.700,283,1026,319,165,72,425,522,66.5,97.1,.251,.454,.522,47.9,43.7,7.9,6.5,.496,17.9,26.6,.176
348,349,Wichita State,28,15,13,.536,8.11,6.00,6,9,11,6,3,5,1917,1858,1135,658,1634,.403,211,677,.312,390,518,.753,333,1038,336,211,128,360,446,67.8,99.6,.317,.414,.510,51.5,51.1,11.0,12.6,.467,16.1,32.3,.239
349,350,William & Mary,32,5,27,.156,-13.91,-1.88,4,14,4,10,1,14,2044,2380,1295,724,1799,.402,216,702,.308,380,539,.705,312,1129,367,211,95,519,537,69.9,90.3,.300,.390,.497,49.7,50.7,9.3,8.5,.462,20.2,26.9,.211
350,351,Winthrop,32,23,9,.719,-1.56,-3.63,14,2,13,0,7,7,2407,2246,1295,842,1733,.486,276,743,.371,447,639,.700,264,1097,428,207,83,467,572,69.3,107.3,.369,.429,.591,52.0,50.8,9.2,7.7,.565,18.7,26.7,.258
351,352,Wisconsin NCAA,33,25,8,.758,13.13,9.16,15,5,12,4,9,2,2308,2177,1320,815,1931,.422,213,696,.306,465,626,.743,308,1156,365,175,97,287,554,67.0,104.4,.324,.360,.518,50.1,44.8,7.9,7.8,.477,11.4,26.0,.241
352,353,Wofford,32,19,13,.594,2.01,-1.55,10,8,11,4,7,8,2322,2120,1285,818,1758,.465,303,852,.356,383,505,.758,271,997,425,222,47,372,486,65.6,110.2,.287,.485,.581,53.0,52.0,10.5,5.2,.551,15.7,28.3,.218
353,354,Wright State NCAA,36,22,14,.611,-1.94,-5.11,15,7,12,3,7,7,2729,2585,1440,987,2140,.461,233,700,.333,522,680,.768,377,1255,506,212,107,440,523,70.0,108.3,.318,.327,.554,50.9,51.3,8.4,7.6,.516,15.2,30.8,.244
354,355,Wyoming NCAA,34,25,9,.735,9.36,3.60,13,5,14,1,8,5,2466,2227,1380,853,1865,.457,275,804,.342,485,669,.725,280,1212,381,133,67,385,516,66.3,107.8,.359,.431,.565,52.0,44.7,5.8,5.4,.531,15.0,25.5,.260
355,356,Xavier,36,23,13,.639,13.23,8.34,8,11,16,5,4,6,2668,2492,1460,953,2112,.451,242,751,.322,520,745,.698,372,1335,533,269,156,420,553,69.1,105.8,.353,.356,.541,51.9,55.9,10.7,11.4,.509,14.6,29.3,.246
356,357,Yale NCAA,31,19,12,.613,-0.10,-1.34,11,3,10,3,6,6,2226,2143,1245,795,1800,.442,212,647,.328,424,577,.735,278,1112,371,193,98,398,543,70.3,101.8,.321,.359,.537,50.2,46.7,8.8,9.3,.501,16.1,25.7,.236
357,358,Youngstown State,34,19,15,.559,-6.28,-7.12,12,9,13,7,6,8,2470,2374,1365,878,1960,.448,256,746,.343,458,602,.761,346,1179,403,183,87,398,593,67.6,107.2,.307,.381,.550,51.6,45.9,7.9,6.9,.513,15.1,30.5,.234
