School,G,Overall.W,Overall.L,W-L%,SRS,SOS,Conf.W,Conf.L,Home.W,Home.L,Away.W,Away.L,TP,OP,MP,FG,FGA,FG%,3P,3PA,3P%,FT,FTA,FT%,ORB,TRB,AST,STL,BLK,TOV,PF,Pace,ORtg,FTr,3PAr,TS%,TRB%,AST%,STL%,BLK%,eFG%,TOV%,ORB%,FT/FGA,SEED,POSTSEASON
Abilene Christian,31,20,11,0.645,-2.87,-6.87,15,5,13,3,7,8,2352,2024,1260,814,1813,0.449,209,676,0.309,515,695,0.741,337,1042,461,293,81,436,661,71.1,105.0,0.383,0.373,0.549,50.1,56.6,13.1,7.9,0.507,16.9,30.6,0.284,NA,NA
Air Force,32,12,20,0.375,-0.37,3.02,5,13,8,7,3,9,2338,2386,1280,802,1759,0.456,275,734,0.375,459,628,0.731,237,1040,469,161,43,395,534,68.9,106.0,0.357,0.417,0.568,50.0,58.5,7.3,4.6,0.534,16.1,22.7,0.261,NA,NA
Akron,31,24,7,0.774,7.15,-0.4,14,4,15,2,8,4,2348,2062,1240,788,1789,0.44,287,795,0.361,485,628,0.772,302,1169,405,158,91,397,548,70.6,107.2,0.351,0.444,0.562,50.7,51.4,7.2,7.3,0.521,16.0,27.9,0.271,NA,NA
Alabama,31,16,15,0.516,11.12,8.12,8,10,10,5,4,8,2542,2449,1260,854,1956,0.437,334,957,0.349,500,721,0.693,361,1220,441,196,136,461,622,76.1,106.0,0.369,0.489,0.553,49.7,51.6,8.2,10.4,0.522,16.7,29.8,0.256,NA,NA
Alabama A&M,30,8,22,0.267,-18.88,-8.85,5,13,6,5,2,16,1845,2146,1205,656,1727,0.38,154,548,0.281,379,565,0.671,286,1035,326,174,63,391,538,69.6,87.9,0.327,0.317,0.462,47.5,49.7,8.3,5.7,0.424,16.4,24.7,0.219,NA,NA
Alabama State,32,8,24,0.25,-16.15,-6.53,7,11,4,5,2,16,1965,2273,1280,683,1763,0.387,208,687,0.303,391,629,0.622,295,1031,325,200,70,512,638,70.8,86.7,0.357,0.39,0.477,47.1,47.6,8.8,6.0,0.446,19.9,25.7,0.222,NA,NA
Albany (NY),32,14,18,0.438,-8.78,-5.91,7,9,7,7,5,11,2127,2190,1285,725,1768,0.41,255,774,0.329,422,600,0.703,259,1096,409,179,90,436,533,69.7,95.0,0.339,0.438,0.518,49.8,56.4,8.0,7.9,0.482,17.5,24.1,0.239,NA,NA
Alcorn State,30,15,15,0.5,-14.64,-9.64,11,7,11,2,4,13,2251,2196,1210,784,1836,0.427,268,733,0.366,415,558,0.744,330,1116,404,239,98,433,549,72.6,102.5,0.304,0.399,0.536,51.3,51.5,10.9,8.4,0.5,17.1,30.2,0.226,NA,NA
American,30,16,14,0.533,-4.37,-6.5,12,6,10,4,6,10,2149,2085,1205,796,1743,0.457,206,606,0.34,351,499,0.703,267,978,384,240,106,369,521,69.0,103.4,0.286,0.348,0.543,48.5,48.2,11.5,9.3,0.516,15.7,26.5,0.201,NA,NA
Appalachian State,33,18,15,0.545,-0.81,-0.01,11,9,10,5,7,9,2256,2222,1325,775,1800,0.431,212,699,0.303,494,741,0.667,323,1153,381,246,74,440,514,68.6,99.3,0.412,0.388,0.524,49.7,49.2,10.8,6.5,0.489,17.0,27.7,0.274,NA,NA
Arizona,32,21,11,0.656,19.49,8.4,10,8,13,4,4,6,2445,2090,1290,850,1905,0.446,233,661,0.352,512,699,0.732,349,1198,492,216,119,378,593,70.3,107.9,0.367,0.347,0.546,52.5,57.9,9.5,10.6,0.507,14.5,30.7,0.269,NA,NA
Arizona State,31,20,11,0.645,11.46,8.1,11,7,13,3,6,5,2288,2184,1240,816,1904,0.429,227,703,0.323,429,617,0.695,312,1115,345,249,104,408,577,73.7,100.1,0.324,0.369,0.521,48.5,42.3,10.9,9.4,0.488,15.7,26.5,0.225,NA,NA
Arkansas,32,20,12,0.625,13.46,7.27,7,11,14,4,4,8,2426,2228,1300,808,1825,0.443,243,728,0.334,567,776,0.731,239,1010,381,253,124,369,638,71.4,104.5,0.425,0.399,0.553,45.2,47.2,10.9,10.3,0.509,14.4,21.5,0.311,NA,NA
Arkansas State,32,16,16,0.5,-2.92,-0.72,8,12,10,7,6,9,2262,2301,1290,750,1718,0.437,184,545,0.338,578,814,0.71,316,1054,442,220,85,415,655,68.5,102.4,0.474,0.317,0.537,49.3,58.9,10.0,7.6,0.49,16.5,28.8,0.336,NA,NA
Arkansas-Pine Bluff,30,4,26,0.133,-21.65,-6.41,3,15,2,8,2,18,1615,2049,1205,588,1483,0.396,113,429,0.263,326,554,0.588,267,940,288,216,97,531,617,67.6,79.3,0.374,0.289,0.462,48.9,49.0,10.6,9.8,0.435,23.3,27.9,0.22,NA,NA
Army,30,15,15,0.5,-9.1,-6.68,10,8,9,6,6,9,2128,2161,1210,821,1742,0.471,215,645,0.333,271,441,0.615,201,1016,487,167,49,354,444,69.7,100.9,0.253,0.37,0.545,48.6,59.3,7.9,4.6,0.533,15.4,20.0,0.156,NA,NA
Auburn,31,25,6,0.806,15.04,7.39,12,6,16,1,5,5,2419,2182,1270,808,1868,0.433,252,824,0.306,551,818,0.674,421,1266,397,199,151,399,596,70.4,108.2,0.438,0.441,0.536,53.7,49.1,8.9,12.9,0.5,15.0,35.3,0.295,NA,NA
Austin Peay,33,21,12,0.636,-0.98,-4.14,14,4,14,0,5,10,2519,2359,1325,892,1943,0.459,223,644,0.346,512,715,0.716,390,1189,434,218,100,423,604,69.9,108.9,0.368,0.331,0.552,52.1,48.7,9.4,8.2,0.516,15.6,33.1,0.264,NA,NA
Ball State,31,18,13,0.581,4.12,-1.65,11,7,11,4,5,7,2155,1938,1240,749,1754,0.427,283,842,0.336,374,540,0.693,272,1119,417,206,105,413,496,69.4,100.2,0.308,0.48,0.536,51.0,55.7,9.6,9.0,0.508,17.0,25.3,0.213,NA,NA
Baylor,30,26,4,0.867,20.13,9.13,15,3,14,1,8,2,2134,1804,1205,763,1778,0.429,230,656,0.351,378,548,0.69,387,1106,413,244,132,357,509,66.6,106.4,0.308,0.369,0.523,52.5,54.1,12.2,12.5,0.494,14.9,35.7,0.213,NA,NA
Belmont,33,26,7,0.788,4.3,-6.23,15,3,13,1,11,5,2627,2241,1320,986,2074,0.475,320,908,0.352,335,470,0.713,290,1232,604,249,106,392,497,72.8,109.4,0.227,0.438,0.572,50.5,61.3,10.4,8.0,0.553,14.6,24.9,0.162,NA,NA
Bethune-Cookman,30,16,14,0.533,-10.16,-8.98,10,6,10,1,4,13,2239,2167,1215,782,1842,0.425,184,576,0.319,491,701,0.7,354,1175,362,217,89,465,591,75.0,98.3,0.381,0.313,0.515,50.5,46.3,9.5,7.5,0.474,17.6,30.6,0.267,NA,NA
Binghamton,29,10,19,0.345,-15.03,-4.62,4,12,7,7,3,12,2014,2221,1165,717,1750,0.41,278,839,0.331,302,417,0.724,278,1013,339,151,88,358,479,69.4,99.6,0.238,0.479,0.517,47.1,47.3,7.5,7.9,0.489,15.5,25.6,0.173,NA,NA
Boise State,32,20,12,0.625,8.59,4.39,11,7,13,2,4,8,2430,2223,1305,829,1853,0.447,269,781,0.344,503,670,0.751,285,1113,416,182,46,399,551,70.0,106.5,0.362,0.421,0.56,51.5,50.2,8.0,4.1,0.52,15.5,25.9,0.271,NA,NA
Boston College,32,13,19,0.406,1.82,7.86,7,13,8,10,4,8,2067,2260,1285,742,1844,0.402,230,747,0.308,353,536,0.659,301,1058,403,245,82,439,506,69.6,92.4,0.291,0.405,0.492,46.4,54.3,11.0,7.1,0.465,17.3,25.4,0.191,NA,NA
Boston University,34,21,13,0.618,-1.87,-5.3,12,6,12,3,9,8,2410,2269,1375,919,1998,0.46,224,687,0.326,348,540,0.644,343,1228,430,187,77,384,513,66.8,105.0,0.27,0.344,0.534,52.1,46.8,8.1,6.1,0.516,14.6,28.9,0.174,NA,NA
Bowling Green State,31,21,10,0.677,0.47,0.2,12,6,13,2,5,5,2310,2259,1250,822,1968,0.418,242,717,0.338,424,564,0.752,349,1238,380,169,71,343,545,71.6,103.2,0.287,0.364,0.517,51.1,46.2,7.6,6.1,0.479,13.3,28.7,0.215,NA,NA
Bradley,34,23,11,0.676,5.33,0.33,11,7,15,2,4,8,2438,2240,1370,872,1976,0.441,230,618,0.372,464,631,0.735,377,1310,457,163,138,400,562,67.3,105.7,0.319,0.313,0.536,53.5,52.4,7.1,12.5,0.499,14.9,31.5,0.235,NA,NA
Brigham Young,32,24,8,0.75,16.93,6.45,13,3,14,1,6,5,2548,2188,1295,949,1897,0.5,332,785,0.423,318,454,0.7,209,1061,554,186,67,353,513,69.7,112.8,0.239,0.414,0.603,49.6,58.4,8.2,5.4,0.588,14.3,20.5,0.168,NA,NA
Brown,27,15,12,0.556,-4.45,-1.72,8,6,10,4,5,8,1809,1854,1080,626,1576,0.397,183,600,0.305,374,512,0.73,332,1033,304,179,118,405,451,70.2,95.4,0.325,0.381,0.497,52.1,48.6,9.4,11.9,0.455,18.2,32.3,0.237,NA,NA
Bryant,32,15,17,0.469,-6.7,-6.67,7,11,9,5,6,12,2271,2223,1285,802,1932,0.415,269,837,0.321,398,588,0.677,389,1289,441,207,140,460,588,70.7,100.0,0.304,0.433,0.513,52.0,55.0,9.1,11.3,0.485,17.2,31.6,0.206,NA,NA
Bucknell,34,14,20,0.412,-7.73,-4.32,8,10,9,4,4,14,2299,2415,1360,820,1945,0.422,279,813,0.343,380,553,0.687,286,1101,410,243,117,451,632,69.9,96.7,0.284,0.418,0.521,47.9,50.0,10.2,9.4,0.493,17.0,24.0,0.195,NA,NA
Buffalo,32,20,12,0.625,1.8,0.06,11,7,10,7,7,4,2516,2425,1290,927,2139,0.433,261,809,0.323,401,598,0.671,463,1343,473,249,147,437,600,74.7,104.5,0.28,0.378,0.519,52.5,51.0,10.3,11.1,0.494,15.3,35.0,0.187,NA,NA
Butler,31,22,9,0.71,15.56,9.14,10,8,14,3,5,6,2125,1926,1245,776,1687,0.46,212,621,0.341,361,496,0.728,280,1079,395,165,82,349,519,64.6,105.7,0.294,0.368,0.553,53.3,50.9,8.2,7.8,0.523,15.4,29.4,0.214,NA,NA
Cal Poly,30,7,23,0.233,-10.0,-0.42,4,12,7,6,0,15,2027,2248,1235,710,1685,0.421,200,573,0.349,407,587,0.693,244,977,312,192,74,409,629,68.8,95.4,0.348,0.34,0.516,46.9,43.9,9.0,6.9,0.481,17.2,23.0,0.242,NA,NA
Cal State Bakersfield,31,12,19,0.387,-7.11,-3.26,6,10,9,7,3,12,2109,2097,1265,785,1803,0.435,154,491,0.314,385,563,0.684,398,1155,363,194,94,422,662,66.0,101.1,0.312,0.272,0.509,54.7,46.2,9.3,10.2,0.478,16.9,36.1,0.214,NA,NA
Cal State Fullerton,31,11,20,0.355,-6.79,-1.38,6,10,6,8,4,11,2127,2213,1265,750,1735,0.432,194,586,0.331,433,644,0.672,250,1040,358,158,93,406,574,69.5,96.8,0.371,0.338,0.521,48.0,47.7,7.2,7.7,0.488,16.6,22.8,0.25,NA,NA
Cal State Northridge,32,15,17,0.469,-6.37,-0.97,10,6,10,4,5,12,2435,2528,1280,877,1925,0.456,243,652,0.373,438,603,0.726,290,1068,449,181,101,363,554,71.4,106.6,0.313,0.339,0.551,47.3,51.2,7.9,8.7,0.519,14.1,25.7,0.228,NA,NA
California,32,14,18,0.438,3.2,9.05,7,11,12,5,1,10,2023,2210,1295,708,1681,0.421,160,477,0.335,447,606,0.738,258,1044,294,129,80,409,601,65.7,95.1,0.36,0.284,0.514,49.6,41.5,6.1,7.4,0.469,17.2,24.8,0.266,NA,NA
California Baptist,31,21,10,0.677,-1.99,-6.66,10,6,15,5,6,5,2465,2170,1255,826,1868,0.442,306,806,0.38,507,645,0.786,360,1270,445,129,108,396,571,70.5,111.5,0.345,0.431,0.567,54.8,53.9,5.8,8.5,0.524,15.4,32.4,0.271,NA,NA
Campbell,31,15,16,0.484,-8.51,-8.1,6,12,8,5,6,10,2130,2065,1245,781,1700,0.459,247,706,0.35,321,439,0.731,217,949,462,223,91,398,545,67.2,101.9,0.258,0.415,0.558,47.6,59.2,10.7,8.3,0.532,17.3,22.2,0.189,NA,NA
Canisius,32,12,20,0.375,-7.6,-5.44,7,13,7,6,4,12,2196,2265,1280,806,1861,0.433,193,639,0.302,391,562,0.696,328,1071,452,227,80,458,603,70.3,97.6,0.302,0.343,0.516,48.9,56.1,10.1,7.1,0.485,17.7,28.9,0.21,NA,NA
Central Arkansas,31,10,21,0.323,-11.26,-2.7,9,11,8,4,2,16,2316,2553,1270,777,1842,0.422,231,745,0.31,531,741,0.717,329,1186,451,164,159,549,637,75.9,96.1,0.402,0.404,0.528,50.3,58.0,6.8,12.7,0.485,20.0,28.4,0.288,NA,NA
Central Connecticut State,31,4,27,0.129,-20.33,-4.63,3,15,4,9,0,16,1959,2396,1240,705,1772,0.398,200,560,0.357,349,516,0.676,263,989,313,199,105,440,581,70.7,89.3,0.291,0.316,0.486,44.8,44.4,9.1,9.4,0.454,17.9,23.3,0.197,NA,NA
Central Florida,30,16,14,0.533,5.13,4.13,7,11,10,6,4,7,2067,2037,1210,739,1713,0.431,213,659,0.323,376,529,0.711,301,1039,404,195,87,414,498,68.7,99.5,0.309,0.385,0.526,49.3,54.7,9.4,8.0,0.494,17.4,28.8,0.219,NA,NA
Central Michigan,32,14,18,0.438,-3.4,-0.26,7,11,12,4,2,14,2506,2454,1285,876,2037,0.43,247,763,0.324,507,680,0.746,349,1153,371,292,80,406,522,75.0,104.0,0.334,0.375,0.531,48.8,42.4,12.1,6.8,0.491,14.7,27.9,0.249,NA,NA
Charleston Southern,32,14,18,0.438,-13.14,-6.98,7,11,9,6,5,11,2203,2304,1295,792,1856,0.427,258,795,0.325,361,487,0.741,260,1029,424,190,82,404,493,68.6,99.2,0.262,0.428,0.528,46.3,53.5,8.6,7.0,0.496,16.2,22.8,0.195,NA,NA
Charlotte,29,16,13,0.552,0.46,-1.09,10,8,13,2,3,11,1922,1877,1175,671,1480,0.453,185,544,0.34,395,562,0.703,188,904,351,221,99,402,443,66.6,98.2,0.38,0.368,0.55,49.9,52.3,11.3,10.5,0.516,18.7,21.4,0.267,NA,NA
Chattanooga,33,20,13,0.606,0.39,-1.9,10,8,10,4,7,8,2410,2261,1325,868,1907,0.455,281,787,0.357,393,552,0.712,301,1162,456,158,49,395,506,68.2,106.6,0.289,0.413,0.556,51.7,52.5,7.0,4.1,0.529,15.4,26.8,0.206,NA,NA
Chicago State,29,4,25,0.138,-28.2,-2.85,0,14,3,11,1,12,1781,2372,1160,596,1446,0.412,162,507,0.32,427,592,0.721,207,848,300,144,73,513,593,70.3,87.4,0.409,0.351,0.516,45.9,50.3,7.1,7.2,0.468,22.9,22.6,0.295,NA,NA
Cincinnati,30,20,10,0.667,12.33,6.73,13,5,13,2,5,6,2182,2014,1240,763,1713,0.445,197,618,0.319,459,678,0.677,329,1131,437,196,146,432,540,68.9,102.2,0.396,0.361,0.536,52.5,57.3,9.2,12.5,0.503,17.5,32.0,0.268,NA,NA
Clemson,31,16,15,0.516,10.26,7.88,9,11,11,6,3,8,2062,1988,1255,735,1717,0.428,251,797,0.315,341,497,0.686,248,1045,401,211,74,386,472,66.6,98.7,0.289,0.464,0.528,49.3,54.6,10.1,7.8,0.501,16.5,23.3,0.199,NA,NA
Cleveland State,32,11,21,0.344,-11.16,-2.45,7,11,6,8,3,13,2053,2298,1290,738,1772,0.416,120,408,0.294,457,688,0.664,370,1120,379,246,84,487,648,68.9,92.4,0.388,0.23,0.489,49.2,51.4,11.1,7.5,0.45,18.8,32.0,0.258,NA,NA
Coastal Carolina,33,16,17,0.485,-0.83,-0.31,8,12,9,9,7,7,2573,2518,1320,915,2030,0.451,242,719,0.337,501,700,0.716,440,1329,446,248,92,530,727,74.0,105.4,0.345,0.354,0.545,54.1,48.7,10.2,8.7,0.51,18.3,35.9,0.247,NA,NA
Colgate,34,25,9,0.735,1.47,-5.63,14,4,15,2,9,7,2588,2315,1365,932,2079,0.448,342,957,0.357,382,511,0.748,341,1246,491,206,98,370,514,68.8,110.3,0.246,0.46,0.557,51.0,52.7,8.8,7.9,0.531,13.7,28.0,0.184,NA,NA
College of Charleston,31,17,14,0.548,0.53,-0.84,11,7,10,5,6,6,2176,2109,1240,755,1717,0.44,237,683,0.347,429,564,0.761,238,1006,337,207,78,334,523,66.9,105.0,0.328,0.398,0.548,47.4,44.6,10.0,7.2,0.509,14.4,22.9,0.25,NA,NA
Colorado,32,21,11,0.656,14.91,8.31,10,8,13,3,4,7,2268,2057,1290,777,1778,0.437,241,687,0.351,473,643,0.736,322,1179,422,183,98,422,470,68.2,103.2,0.362,0.386,0.544,53.9,54.3,8.3,7.9,0.505,16.8,30.2,0.266,NA,NA
Colorado State,32,20,12,0.625,6.7,3.96,11,7,12,4,5,6,2417,2307,1300,841,1793,0.469,258,705,0.366,475,700,0.679,284,1143,497,209,64,418,489,69.7,106.8,0.39,0.393,0.569,52.0,59.1,9.2,5.8,0.541,16.4,26.5,0.265,NA,NA
Columbia,30,6,24,0.2,-10.19,-2.5,1,13,5,7,0,16,1988,2181,1215,744,1819,0.409,202,671,0.301,298,408,0.73,228,1031,328,164,93,337,465,69.6,94.0,0.224,0.369,0.494,47.1,44.1,7.8,8.4,0.465,14.3,20.4,0.164,NA,NA
Connecticut,31,19,12,0.613,11.15,5.34,10,8,14,3,3,7,2258,2078,1280,782,1862,0.42,216,667,0.324,478,644,0.742,393,1174,400,220,185,439,577,69.0,102.3,0.346,0.358,0.521,51.9,51.2,10.0,15.0,0.478,16.8,34.1,0.257,NA,NA
Coppin State,31,11,20,0.355,-14.36,-8.27,7,9,5,5,6,15,2109,2298,1250,736,1872,0.393,247,879,0.281,390,613,0.636,291,1181,315,209,94,445,546,74.4,90.7,0.327,0.47,0.487,47.4,42.8,9.0,8.1,0.459,17.1,23.4,0.208,NA,NA
Cornell,27,7,20,0.259,-8.37,-1.85,4,10,6,6,1,14,1818,1912,1095,669,1519,0.44,194,597,0.325,286,409,0.699,226,866,380,182,78,313,460,66.2,100.3,0.269,0.393,0.531,47.8,56.8,10.0,8.5,0.504,15.4,24.8,0.188,NA,NA
Creighton,31,24,7,0.774,17.24,9.61,13,5,17,1,6,5,2428,2162,1245,866,1839,0.471,302,783,0.386,394,533,0.739,246,1079,489,203,79,337,472,70.0,111.5,0.29,0.426,0.58,48.5,56.5,9.3,6.6,0.553,13.9,23.6,0.214,NA,NA
Dartmouth,29,12,17,0.414,-4.17,-3.2,5,9,6,6,5,10,1894,1872,1170,700,1582,0.442,201,629,0.32,293,433,0.677,195,1015,364,134,74,354,483,66.6,97.2,0.274,0.398,0.53,51.3,52.0,6.9,8.0,0.506,16.5,20.7,0.185,NA,NA
Davidson,30,16,14,0.533,8.85,3.62,10,8,11,1,4,9,2182,2025,1230,755,1667,0.453,272,741,0.367,400,525,0.762,239,992,422,164,80,331,482,65.4,108.5,0.315,0.445,0.569,50.4,55.9,8.2,7.7,0.534,14.7,24.7,0.24,NA,NA
Dayton,31,29,2,0.935,19.17,3.69,18,0,17,0,9,0,2480,2000,1255,905,1725,0.525,249,672,0.371,421,585,0.72,242,1085,546,176,109,377,529,67.9,116.4,0.339,0.39,0.619,52.5,60.3,8.3,9.2,0.597,15.8,26.4,0.244,NA,NA
Delaware,33,22,11,0.667,-1.53,-3.84,11,7,10,3,7,6,2452,2332,1325,881,1833,0.481,251,705,0.356,439,579,0.758,252,1107,431,180,109,423,544,68.6,107.9,0.316,0.385,0.582,50.4,48.9,7.9,9.3,0.549,16.7,24.5,0.239,NA,NA
Delaware State,32,6,26,0.188,-20.87,-9.54,4,12,3,11,2,13,2350,2655,1290,824,2004,0.411,249,791,0.315,453,661,0.685,335,1142,334,220,71,488,663,76.3,95.6,0.33,0.395,0.507,47.3,40.5,8.9,6.2,0.473,17.4,26.4,0.226,NA,NA
Denver,31,7,24,0.226,-10.06,-1.99,3,13,6,8,0,14,2135,2360,1250,770,1734,0.444,162,504,0.321,433,628,0.689,221,1037,347,182,71,428,627,71.6,95.4,0.362,0.291,0.525,48.3,45.1,8.1,7.0,0.491,17.4,20.8,0.25,NA,NA
DePaul,32,16,16,0.5,7.63,8.95,3,15,11,7,4,9,2262,2274,1290,832,1906,0.437,181,579,0.313,417,634,0.658,371,1191,434,257,159,469,611,71.7,97.8,0.333,0.304,0.512,50.3,52.2,11.1,14.8,0.484,17.5,30.9,0.219,NA,NA
Detroit Mercy,31,8,23,0.258,-9.87,-1.9,6,12,5,8,2,14,2175,2422,1245,724,1850,0.391,263,815,0.323,464,593,0.782,360,1118,322,179,94,421,520,70.6,99.0,0.321,0.441,0.51,49.5,44.5,8.1,8.2,0.462,16.5,30.8,0.251,NA,NA
Drake,34,20,14,0.588,0.43,0.61,8,10,14,2,2,10,2359,2302,1365,854,1864,0.458,245,711,0.345,406,569,0.714,255,1149,507,187,132,438,566,68.0,101.6,0.305,0.381,0.553,51.4,59.4,8.1,11.6,0.524,17.0,23.5,0.218,NA,NA
Drexel,33,14,19,0.424,-5.38,-2.2,6,12,10,5,1,13,2254,2323,1325,821,1860,0.441,241,690,0.349,371,530,0.7,344,1162,475,186,93,481,538,67.9,100.3,0.285,0.371,0.534,51.8,57.9,8.3,7.0,0.506,18.6,30.4,0.199,NA,NA
Duke,31,25,6,0.806,22.55,8.0,15,5,15,2,7,4,2558,2107,1260,920,1957,0.47,217,617,0.352,501,696,0.72,394,1244,479,258,188,409,557,72.9,111.4,0.356,0.315,0.559,53.8,52.1,11.2,13.6,0.526,15.2,34.8,0.256,NA,NA
Duquesne,30,21,9,0.7,6.77,1.67,11,7,10,4,6,3,2146,1993,1215,758,1711,0.443,235,738,0.318,395,562,0.703,300,1038,428,207,161,378,463,67.8,104.2,0.328,0.431,0.542,49.8,56.5,10.1,14.8,0.512,16.0,29.2,0.231,NA,NA
East Carolina,31,11,20,0.355,-2.27,1.82,5,13,9,7,1,11,2111,2238,1250,741,1759,0.421,162,577,0.281,467,647,0.722,297,1095,424,202,93,426,642,70.7,95.6,0.368,0.328,0.511,50.3,57.2,9.1,9.2,0.467,17.1,27.3,0.265,NA,NA
East Tennessee State,34,30,4,0.882,7.63,-1.82,16,2,16,1,11,3,2593,2146,1360,919,1936,0.475,260,752,0.346,495,713,0.694,370,1206,471,278,121,412,598,68.2,111.9,0.368,0.388,0.57,53.4,51.3,12.0,10.9,0.542,15.3,32.7,0.256,NA,NA
Eastern Illinois,32,17,15,0.531,-5.08,-7.41,9,9,10,2,5,11,2377,2214,1290,890,1944,0.458,215,629,0.342,382,579,0.66,342,1169,449,245,141,402,526,70.9,104.0,0.298,0.324,0.536,50.4,50.4,10.7,11.5,0.513,15.3,29.2,0.197,NA,NA
Eastern Kentucky,33,16,17,0.485,-9.17,-4.46,12,6,10,4,5,10,2464,2488,1320,857,2084,0.411,268,835,0.321,482,664,0.726,334,1113,397,307,70,461,602,76.2,98.0,0.319,0.401,0.513,45.2,46.3,12.2,5.5,0.476,16.1,25.7,0.231,NA,NA
Eastern Michigan,32,16,16,0.5,-3.12,0.95,6,12,11,4,3,12,2078,2050,1280,725,1703,0.426,180,643,0.28,448,714,0.627,313,1085,311,314,105,458,544,68.1,95.4,0.419,0.378,0.509,48.6,42.9,14.4,11.6,0.479,18.3,27.8,0.263,NA,NA
Eastern Washington,31,23,8,0.742,2.01,-1.81,16,4,13,2,10,6,2509,2259,1250,913,1986,0.46,288,826,0.349,395,569,0.694,328,1186,544,221,112,398,578,74.3,108.0,0.287,0.416,0.556,50.9,59.6,9.5,8.7,0.532,15.0,28.3,0.199,NA,NA
Elon,34,13,21,0.382,-7.81,-2.03,7,11,8,8,3,12,2337,2438,1365,805,1932,0.417,346,952,0.363,381,518,0.736,282,1108,453,160,64,392,660,67.3,101.8,0.268,0.493,0.536,48.2,56.3,7.0,6.0,0.506,15.3,23.5,0.197,NA,NA
Evansville,32,9,23,0.281,-7.04,0.61,0,18,5,10,3,10,2149,2368,1310,746,1769,0.422,241,750,0.321,416,570,0.73,224,1005,392,152,74,406,534,67.9,96.7,0.322,0.424,0.527,46.6,52.5,6.8,5.7,0.49,16.6,20.3,0.235,NA,NA
Fairfield,32,12,20,0.375,-9.65,-4.81,8,12,5,8,6,9,1857,2012,1300,651,1669,0.39,138,486,0.284,417,600,0.695,327,1099,276,164,88,440,524,63.6,89.8,0.359,0.291,0.475,51.6,42.4,7.9,8.2,0.431,18.4,30.2,0.25,NA,NA
Fairleigh Dickinson,30,11,19,0.367,-9.94,-5.87,9,9,7,5,4,14,2167,2236,1210,787,1740,0.452,222,622,0.357,371,513,0.723,273,1007,356,191,99,389,489,69.3,103.4,0.295,0.357,0.546,48.3,45.2,9.1,9.4,0.516,16.4,26.8,0.213,NA,NA
Florida,31,19,12,0.613,14.94,9.1,11,7,11,4,4,7,2228,2047,1250,791,1729,0.457,221,636,0.347,425,588,0.723,313,1080,368,178,121,369,528,66.3,107.5,0.34,0.368,0.555,52.4,46.5,8.6,11.1,0.521,15.5,31.1,0.246,NA,NA
Florida A&M,27,12,15,0.444,-12.17,-6.24,10,6,8,0,4,13,1824,1984,1105,664,1582,0.42,107,377,0.284,389,613,0.635,323,944,272,202,51,415,519,70.8,93.3,0.387,0.238,0.487,48.6,41.0,10.3,5.2,0.454,18.1,31.2,0.246,NA,NA
Florida Atlantic,32,17,15,0.531,-1.66,-1.25,8,10,14,3,2,12,2275,2222,1295,822,1928,0.426,266,813,0.327,365,519,0.703,341,1169,391,234,66,427,542,70.2,100.0,0.269,0.422,0.523,51.0,47.6,10.3,5.8,0.495,16.4,28.9,0.189,NA,NA
Florida Gulf Coast,32,10,22,0.313,-10.26,-4.3,7,9,6,10,4,12,1979,2122,1295,731,1782,0.41,233,741,0.314,284,412,0.689,314,1095,408,195,140,495,508,66.8,91.5,0.231,0.416,0.5,49.2,55.8,9.0,12.4,0.476,20.0,28.0,0.159,NA,NA
Florida International,32,19,13,0.594,0.9,-1.0,9,9,11,3,6,9,2455,2319,1285,898,1968,0.456,286,819,0.349,373,574,0.65,347,1141,469,280,206,482,553,73.9,103.4,0.292,0.416,0.548,47.8,52.2,11.8,16.2,0.529,17.7,29.5,0.19,NA,NA
Florida State,31,26,5,0.839,17.28,7.64,16,4,16,0,7,5,2336,2037,1250,844,1848,0.457,230,655,0.351,418,557,0.75,350,1099,409,273,162,410,542,69.7,107.3,0.301,0.354,0.553,51.9,48.5,12.5,15.9,0.519,16.3,33.4,0.226,NA,NA
Fordham,31,9,22,0.29,-3.58,-0.45,2,16,6,12,1,8,1816,1913,1255,646,1683,0.384,223,702,0.318,301,455,0.662,236,1021,351,219,80,385,535,65.2,88.8,0.27,0.417,0.478,47.0,54.3,10.7,9.2,0.45,16.9,21.3,0.179,NA,NA
Fresno State,30,11,19,0.367,2.08,3.39,7,11,7,7,4,10,2075,2068,1225,713,1704,0.418,284,835,0.34,365,519,0.703,329,1112,372,147,113,383,496,65.3,103.8,0.305,0.49,0.532,52.0,52.2,7.4,11.1,0.502,16.4,30.5,0.214,NA,NA
Furman,32,25,7,0.781,6.79,-1.55,15,3,14,1,10,5,2457,2123,1290,881,1857,0.474,302,859,0.352,393,561,0.701,249,1010,475,264,90,366,495,69.3,110.0,0.302,0.463,0.579,47.8,53.9,11.8,8.5,0.556,14.7,23.6,0.212,NA,NA
Gardner-Webb,32,16,16,0.5,-5.56,-5.83,11,7,7,5,6,10,2318,2272,1315,810,1809,0.448,254,706,0.36,444,640,0.694,299,1118,438,201,150,399,520,67.7,104.1,0.354,0.39,0.549,49.7,54.1,9.0,13.7,0.518,15.9,27.1,0.245,NA,NA
George Mason,32,17,15,0.531,0.86,1.48,5,13,10,7,3,8,2148,2168,1285,765,1805,0.424,189,622,0.304,429,621,0.691,380,1192,349,194,149,435,537,67.4,99.2,0.344,0.345,0.511,52.5,45.6,9.0,13.3,0.476,17.2,33.1,0.238,NA,NA
George Washington,32,12,20,0.375,-3.99,0.92,6,12,7,9,3,9,2086,2243,1300,728,1726,0.422,235,733,0.321,395,566,0.698,249,1057,380,172,130,420,532,66.6,96.4,0.328,0.425,0.523,48.3,52.2,7.9,10.1,0.49,17.4,23.0,0.229,NA,NA
Georgetown,32,15,17,0.469,10.38,9.6,5,13,10,8,4,7,2389,2364,1280,840,1921,0.437,206,595,0.346,503,652,0.771,375,1222,479,200,130,433,511,71.6,104.3,0.339,0.31,0.535,52.1,57.0,8.7,11.5,0.491,16.3,32.4,0.262,NA,NA
Georgia,32,16,16,0.5,8.28,8.06,5,13,12,5,3,9,2428,2418,1300,875,1941,0.451,223,743,0.3,455,648,0.702,376,1208,431,228,104,471,604,72.0,103.8,0.334,0.383,0.54,51.4,49.3,9.7,8.0,0.508,17.3,32.3,0.234,NA,NA
Georgia Southern,33,20,13,0.606,1.69,-0.83,12,8,11,4,8,8,2494,2332,1320,874,1979,0.442,260,792,0.328,486,721,0.674,325,1175,407,260,127,428,542,73.3,103.1,0.364,0.4,0.537,48.5,46.6,10.7,10.2,0.507,15.6,26.6,0.246,NA,NA
Georgia State,32,19,13,0.594,3.09,0.13,12,8,12,3,6,10,2499,2311,1290,879,2005,0.438,278,767,0.362,463,626,0.74,371,1179,467,251,135,452,684,74.0,104.6,0.312,0.383,0.543,49.7,53.1,10.5,11.2,0.508,16.4,31.6,0.231,NA,NA
Georgia Tech,31,17,14,0.548,10.49,9.19,11,9,10,6,6,7,2126,2059,1250,781,1727,0.452,161,516,0.312,403,595,0.677,299,1121,425,220,142,502,591,70.7,96.3,0.345,0.299,0.529,51.7,54.4,10.0,11.7,0.499,20.0,29.4,0.233,NA,NA
Gonzaga,33,31,2,0.939,22.7,3.13,15,1,17,0,10,1,2885,2239,1325,1048,2035,0.515,246,637,0.386,543,789,0.688,375,1324,550,243,127,368,484,72.5,120.1,0.388,0.313,0.599,56.6,52.5,10.1,9.5,0.575,13.2,33.7,0.267,NA,NA
Grambling,32,17,15,0.531,-12.39,-9.79,11,7,11,2,6,12,2280,2188,1280,832,1837,0.453,155,506,0.306,461,676,0.682,329,1145,412,239,128,456,589,71.8,99.2,0.368,0.275,0.528,51.9,49.5,10.4,11.4,0.495,17.4,30.5,0.251,NA,NA
Grand Canyon,30,13,17,0.433,-6.32,-4.05,8,8,8,8,4,6,2116,2191,1210,740,1641,0.451,180,541,0.333,456,611,0.746,224,976,355,144,39,344,485,67.8,103.2,0.372,0.33,0.548,48.2,48.0,7.0,3.7,0.506,15.1,23.0,0.278,NA,NA
Green Bay,33,17,16,0.515,-4.8,-2.8,11,7,10,5,7,10,2694,2643,1335,968,2109,0.459,252,683,0.369,506,669,0.756,325,1200,534,228,102,411,634,75.3,107.3,0.317,0.324,0.555,48.5,55.2,9.1,8.1,0.519,14.5,26.8,0.24,NA,NA
Hampton,34,15,19,0.441,-12.02,-5.8,8,10,11,5,3,13,2635,2693,1370,924,2025,0.456,213,641,0.332,574,821,0.699,347,1248,497,171,128,397,650,71.9,107.0,0.405,0.317,0.546,49.5,53.8,6.9,10.0,0.509,14.1,28.2,0.283,NA,NA
Hartford,33,18,15,0.545,-6.79,-6.02,9,7,9,8,9,7,2201,2203,1325,773,1850,0.418,253,742,0.341,402,572,0.703,264,1121,428,241,78,444,575,69.2,96.0,0.309,0.401,0.519,47.0,55.4,10.5,6.5,0.486,17.3,22.9,0.217,NA,NA
Harvard,29,21,8,0.724,3.06,-1.55,10,4,11,1,9,4,2114,1928,1180,763,1680,0.454,209,635,0.329,379,541,0.701,305,1110,343,187,153,403,505,68.9,104.0,0.322,0.378,0.546,53.4,45.0,9.2,14.1,0.516,17.2,30.4,0.226,NA,NA
Hawaii,30,17,13,0.567,-1.27,-2.1,8,8,14,6,3,7,2057,2016,1205,731,1715,0.426,215,652,0.33,380,540,0.704,287,1009,403,164,63,392,527,68.9,99.1,0.315,0.38,0.522,50.1,55.1,7.9,5.1,0.489,16.6,27.8,0.222,NA,NA
High Point,32,9,23,0.281,-16.31,-5.34,6,12,6,9,3,14,2110,2396,1290,711,1751,0.406,198,619,0.32,490,701,0.699,360,1108,391,164,114,459,590,67.7,96.7,0.4,0.354,0.506,51.3,55.0,7.5,11.9,0.463,18.0,32.2,0.28,NA,NA
Hofstra,34,26,8,0.765,3.06,-3.85,14,4,10,4,11,4,2596,2326,1360,895,1991,0.45,282,753,0.375,524,669,0.783,352,1184,419,235,73,383,482,68.9,110.8,0.336,0.378,0.562,50.8,46.8,10.0,5.7,0.52,14.2,30.3,0.263,NA,NA
Holy Cross,32,3,29,0.094,-18.07,-4.26,2,16,2,12,0,16,2106,2537,1295,789,1829,0.431,219,689,0.318,309,461,0.67,280,1033,371,156,88,458,569,68.9,94.5,0.252,0.377,0.514,47.6,47.0,7.0,7.0,0.491,18.3,25.1,0.169,NA,NA
Houston,31,23,8,0.742,16.46,6.3,13,5,14,2,6,6,2241,1926,1245,788,1868,0.422,216,641,0.337,449,615,0.73,447,1286,400,161,151,369,608,66.8,107.8,0.329,0.343,0.519,56.5,50.8,7.7,15.1,0.48,14.6,38.7,0.24,NA,NA
Houston Christian,29,4,25,0.138,-17.41,-3.62,4,16,2,9,2,15,2323,2723,1165,798,1800,0.443,216,594,0.364,511,684,0.747,353,1046,370,164,64,487,586,78.0,102.3,0.38,0.33,0.547,49.4,46.4,7.2,5.1,0.503,18.6,32.2,0.284,NA,NA
Howard,33,4,29,0.121,-21.88,-7.98,1,15,2,13,1,14,2306,2682,1335,808,1922,0.42,247,718,0.344,443,637,0.695,320,1088,443,180,119,486,609,71.9,96.0,0.331,0.374,0.518,45.0,54.8,7.5,9.2,0.485,17.9,26.4,0.23,NA,NA
Idaho,32,8,24,0.25,-12.07,-2.1,4,16,5,10,2,12,2086,2329,1285,784,1780,0.44,156,463,0.337,362,536,0.675,261,1082,384,177,71,451,554,69.3,93.8,0.301,0.26,0.513,49.7,49.0,8.0,6.1,0.484,18.1,24.4,0.203,NA,NA
Idaho State,30,8,22,0.267,-8.62,-1.62,4,16,4,9,3,13,2093,2198,1215,760,1664,0.457,192,551,0.348,381,581,0.656,291,985,350,137,73,405,458,67.7,101.8,0.349,0.331,0.539,50.6,46.1,6.7,5.7,0.514,17.3,29.3,0.229,NA,NA
Illinois,31,21,10,0.677,15.27,9.84,13,7,15,3,6,6,2239,2024,1245,811,1831,0.443,175,566,0.309,442,607,0.728,393,1224,411,151,89,375,497,67.5,106.6,0.332,0.309,0.528,55.3,50.7,7.2,7.3,0.491,15.0,35.8,0.241,NA,NA
Illinois State,31,10,21,0.323,-2.7,1.97,5,13,9,6,1,11,2050,2171,1245,740,1745,0.424,258,726,0.355,312,439,0.711,275,1037,373,179,77,446,529,68.4,96.3,0.252,0.416,0.525,48.9,50.4,8.4,7.3,0.498,18.6,25.6,0.179,NA,NA
Illinois-Chicago,35,18,17,0.514,-3.74,-3.8,10,8,11,7,5,9,2412,2407,1405,880,1984,0.444,252,747,0.337,400,584,0.685,333,1310,494,201,152,549,682,70.5,97.4,0.294,0.377,0.533,51.3,56.1,8.1,12.0,0.507,19.5,27.9,0.202,NA,NA
Incarnate Word,31,9,22,0.29,-18.57,-6.85,6,14,7,9,2,13,2050,2292,1260,726,1741,0.417,187,623,0.3,411,558,0.737,298,1000,382,224,80,474,585,69.2,94.0,0.321,0.358,0.511,47.1,52.6,10.3,6.9,0.471,19.1,27.6,0.236,NA,NA
Indiana,32,20,12,0.625,15.07,10.35,9,11,15,4,2,8,2286,2135,1285,812,1825,0.445,176,540,0.326,486,716,0.679,361,1210,414,179,140,403,549,68.7,103.6,0.392,0.296,0.528,54.0,51.0,8.1,12.6,0.493,15.7,32.4,0.266,NA,NA
Indiana State,30,18,12,0.6,3.22,1.81,11,7,12,1,4,8,2052,2004,1205,731,1617,0.452,209,555,0.377,381,532,0.716,227,957,377,165,102,343,509,66.2,102.9,0.329,0.343,0.549,49.2,51.6,8.3,10.0,0.517,15.5,23.5,0.236,NA,NA
Iona,29,12,17,0.414,-6.23,-5.37,9,11,5,6,4,9,2030,2055,1175,697,1586,0.439,224,673,0.333,412,535,0.77,231,971,382,199,108,413,540,68.6,100.7,0.337,0.424,0.552,48.5,54.8,9.9,10.4,0.51,18.3,25.1,0.26,NA,NA
Iowa,31,20,11,0.645,16.07,10.62,11,9,14,2,4,7,2410,2241,1240,842,1868,0.451,244,703,0.347,482,643,0.75,356,1162,538,191,120,375,496,70.6,110.2,0.344,0.376,0.554,51.5,63.9,8.7,10.6,0.516,14.7,32.0,0.258,NA,NA
Iowa State,32,12,20,0.375,9.1,10.07,5,13,11,6,0,11,2304,2335,1285,836,1905,0.439,227,718,0.316,405,543,0.746,327,1097,443,238,135,425,517,70.4,101.9,0.285,0.377,0.533,48.9,53.0,10.5,11.3,0.498,16.4,29.2,0.213,NA,NA
IUPUI,32,7,25,0.219,-14.89,-3.39,3,15,4,9,3,14,2256,2564,1290,803,1945,0.413,254,753,0.337,396,614,0.645,363,1140,431,207,79,445,571,71.9,97.3,0.316,0.387,0.504,47.7,53.7,8.9,6.4,0.478,16.6,29.3,0.204,NA,NA
Jackson State,32,15,17,0.469,-10.91,-8.61,11,7,9,3,6,14,2153,2157,1280,787,1855,0.424,143,541,0.264,436,649,0.672,298,1036,362,260,117,410,627,71.1,94.6,0.35,0.292,0.498,47.9,46.0,11.4,10.2,0.463,15.9,26.2,0.235,NA,NA
Jacksonville,32,14,18,0.438,-6.5,-5.63,7,9,6,7,7,9,2139,2133,1295,778,1813,0.429,205,643,0.319,378,564,0.67,327,1217,356,161,91,440,498,67.6,97.7,0.311,0.355,0.514,52.5,45.8,7.4,7.9,0.486,17.5,29.2,0.208,NA,NA
Jacksonville State,32,13,19,0.406,-8.29,-6.36,8,10,8,6,4,11,2294,2218,1285,844,1893,0.446,226,680,0.332,380,550,0.691,354,1165,439,202,82,452,505,70.0,102.1,0.291,0.359,0.532,52.8,52.0,9.0,7.3,0.506,17.3,31.4,0.201,NA,NA
James Madison,30,9,21,0.3,-9.23,-2.78,2,16,6,9,3,11,2157,2296,1200,750,1787,0.42,231,721,0.32,426,652,0.653,303,1128,368,187,87,373,523,72.1,99.7,0.365,0.403,0.514,49.7,49.1,8.6,8.1,0.484,15.1,26.2,0.238,NA,NA
Kansas,31,28,3,0.903,24.96,11.63,17,1,14,1,11,1,2312,1882,1245,851,1758,0.484,199,578,0.344,411,616,0.667,333,1196,432,237,145,396,454,67.9,109.4,0.35,0.329,0.564,54.7,50.8,11.2,13.6,0.541,16.2,32.8,0.234,NA,NA
Kansas City,30,16,14,0.533,-6.07,-3.62,8,7,9,4,5,8,2094,1976,1225,771,1684,0.458,214,596,0.359,338,494,0.684,261,936,396,242,94,390,640,66.7,102.5,0.293,0.354,0.546,48.2,51.4,11.9,9.4,0.521,16.9,26.0,0.201,NA,NA
Kansas State,32,11,21,0.344,8.7,9.48,3,15,9,7,1,10,2054,2079,1285,721,1742,0.414,213,681,0.313,399,604,0.661,331,1050,397,277,78,459,611,67.2,95.1,0.347,0.391,0.506,48.9,55.1,12.8,7.9,0.475,18.4,29.6,0.229,NA,NA
Kennesaw State,29,1,28,0.034,-22.6,-2.63,0,16,1,10,0,16,1602,2181,1160,560,1580,0.354,121,488,0.248,361,513,0.704,280,932,235,146,57,427,489,68.1,81.1,0.325,0.309,0.439,45.9,42.0,7.4,5.5,0.393,19.0,25.8,0.228,NA,NA
Kent State,32,20,12,0.625,3.68,-0.72,9,9,14,3,5,7,2442,2241,1300,886,1952,0.454,268,791,0.339,402,553,0.727,345,1157,445,218,132,407,596,70.1,107.2,0.283,0.405,0.551,50.7,50.2,9.6,11.2,0.523,15.5,30.7,0.206,NA,NA
Kentucky,31,25,6,0.806,15.78,7.46,15,3,16,2,8,2,2307,2049,1250,795,1723,0.461,157,458,0.343,560,703,0.797,300,1136,415,162,153,387,568,68.5,107.9,0.408,0.266,0.561,53.0,52.2,7.6,13.6,0.507,15.8,30.8,0.325,NA,NA
La Salle,30,15,15,0.5,-0.23,1.71,6,12,8,7,4,8,2040,2098,1215,711,1718,0.414,240,714,0.336,378,568,0.665,311,1048,391,241,93,440,586,69.8,96.2,0.331,0.416,0.513,49.6,55.0,11.4,8.9,0.484,18.1,28.6,0.22,NA,NA
Lafayette,31,19,12,0.613,-5.91,-5.94,10,8,9,5,10,7,2174,2133,1240,798,1765,0.452,265,774,0.342,313,422,0.742,238,1079,473,147,138,375,442,67.7,103.6,0.239,0.439,0.553,49.7,59.3,7.0,11.3,0.527,16.0,23.4,0.177,NA,NA
Lamar,32,17,15,0.531,-7.24,-6.45,10,10,10,5,6,10,2312,2227,1290,831,1903,0.437,189,572,0.33,461,654,0.705,360,1138,427,284,146,467,531,71.7,99.9,0.344,0.301,0.522,49.1,51.4,12.3,12.3,0.486,17.4,30.8,0.242,NA,NA
Lehigh,32,11,21,0.344,-10.93,-3.9,7,11,8,6,3,15,2184,2339,1290,826,1846,0.447,180,538,0.335,352,480,0.733,282,1110,404,174,77,442,564,69.5,97.5,0.26,0.291,0.527,50.7,48.9,7.8,7.1,0.496,17.6,26.3,0.191,NA,NA
Liberty,34,30,4,0.882,5.15,-7.26,13,3,17,0,7,4,2332,1830,1360,841,1755,0.479,260,711,0.366,390,547,0.713,250,1131,446,192,95,318,456,61.3,111.8,0.312,0.405,0.579,53.2,53.0,9.2,9.2,0.553,13.6,24.8,0.222,NA,NA
Lipscomb,32,16,16,0.5,-7.08,-4.45,9,7,9,5,7,11,2255,2261,1285,834,1849,0.451,218,640,0.341,369,533,0.692,299,1129,423,172,83,410,488,68.8,102.0,0.288,0.346,0.536,50.4,50.7,7.8,7.4,0.51,16.3,27.1,0.2,NA,NA
Little Rock,31,21,10,0.677,2.27,-1.07,15,5,13,2,8,8,2270,2152,1240,777,1653,0.47,188,543,0.346,528,744,0.71,307,1096,462,214,113,479,577,70.2,104.4,0.45,0.328,0.566,52.2,59.5,9.8,10.4,0.527,19.3,30.7,0.319,NA,NA
Long Beach State,32,11,21,0.344,-8.72,1.08,6,10,8,6,2,13,2157,2404,1290,772,1789,0.432,187,533,0.351,426,609,0.7,281,1092,354,189,132,515,565,71.8,93.1,0.34,0.298,0.519,48.0,45.9,8.2,11.4,0.484,19.9,25.4,0.238,NA,NA
Long Island University,33,15,18,0.455,-8.38,-6.16,9,9,8,6,6,11,2504,2534,1340,867,1966,0.441,312,906,0.344,458,641,0.715,255,1125,471,223,111,461,562,73.9,101.2,0.326,0.461,0.551,46.2,54.3,9.0,8.2,0.52,16.9,21.5,0.233,NA,NA
Longwood,32,14,18,0.438,-12.45,-9.31,9,9,8,6,6,11,2148,2195,1300,720,1781,0.404,293,857,0.342,415,592,0.701,272,1097,349,215,67,437,595,68.5,96.5,0.332,0.481,0.521,48.7,48.5,9.7,6.7,0.487,17.5,23.6,0.233,NA,NA
Louisiana,33,14,19,0.424,-4.6,-0.67,8,12,10,6,3,12,2416,2514,1325,825,1972,0.418,259,806,0.321,507,682,0.743,349,1161,378,198,103,464,584,72.8,100.1,0.346,0.409,0.526,49.3,45.8,8.2,8.2,0.484,16.8,29.0,0.257,NA,NA
Louisiana State,31,21,10,0.677,14.43,7.2,12,6,15,2,5,6,2495,2271,1250,886,1880,0.471,211,645,0.327,512,666,0.769,375,1230,398,195,121,390,495,70.8,112.8,0.354,0.343,0.568,54.3,44.9,8.8,10.6,0.527,15.1,35.1,0.272,NA,NA
Louisiana Tech,30,22,8,0.733,7.06,-1.48,13,5,15,1,7,7,2235,1910,1210,821,1763,0.466,251,704,0.357,342,512,0.668,314,1110,401,222,75,373,508,68.2,108.2,0.29,0.399,0.557,51.9,48.8,10.8,7.4,0.537,15.7,30.3,0.194,NA,NA
Louisiana-Monroe,29,9,20,0.31,-6.5,-0.16,5,15,7,8,2,12,1831,1956,1165,653,1556,0.42,180,539,0.334,345,506,0.682,260,979,336,130,96,394,488,66.2,94.9,0.325,0.346,0.51,49.2,51.5,6.7,9.4,0.478,18.0,27.0,0.222,NA,NA
Louisville,31,24,7,0.774,17.94,7.55,15,5,17,1,6,5,2296,1974,1250,810,1787,0.453,255,679,0.376,421,576,0.731,335,1197,433,157,83,376,524,67.1,109.4,0.322,0.38,0.557,54.5,53.5,7.5,7.9,0.525,15.4,32.0,0.236,NA,NA
Loyola (IL),32,21,11,0.656,5.7,0.54,13,5,14,2,5,6,2198,2007,1295,803,1616,0.497,185,504,0.367,407,626,0.65,200,963,457,252,51,411,443,65.7,103.4,0.387,0.312,0.574,49.7,56.9,11.9,5.4,0.554,17.7,21.4,0.252,NA,NA
Loyola (MD),32,15,17,0.469,-9.59,-7.23,7,11,9,4,5,13,2348,2394,1290,830,1784,0.465,212,663,0.32,476,747,0.637,281,1104,495,216,93,438,564,71.3,102.2,0.419,0.372,0.549,49.2,59.6,9.4,8.0,0.525,17.0,25.9,0.267,NA,NA
Loyola Marymount,32,11,21,0.344,-1.09,3.88,4,12,7,9,2,9,2057,2168,1285,751,1616,0.465,173,560,0.309,382,561,0.681,252,960,372,187,67,449,606,64.7,98.9,0.347,0.347,0.546,50.6,49.5,9.0,7.4,0.518,19.3,27.5,0.236,NA,NA
Maine,31,9,22,0.29,-11.88,-3.71,5,11,5,7,3,15,1904,2109,1250,689,1693,0.407,206,732,0.281,320,450,0.711,300,1062,428,215,107,466,547,66.2,92.1,0.266,0.432,0.499,50.4,62.1,10.4,11.4,0.468,19.6,28.5,0.189,NA,NA
Manhattan,31,13,18,0.419,-8.42,-6.26,8,12,7,6,5,11,1924,1991,1250,676,1708,0.396,210,679,0.309,362,583,0.621,343,1070,392,218,123,432,634,66.3,92.8,0.341,0.398,0.485,49.2,58.0,10.5,11.7,0.457,17.9,30.1,0.212,NA,NA
Marist,30,7,23,0.233,-12.22,-7.08,6,14,4,10,3,12,1816,1970,1225,639,1634,0.391,223,654,0.341,315,486,0.648,277,1010,315,204,88,420,553,65.5,90.5,0.297,0.4,0.487,49.3,49.3,10.2,9.9,0.459,18.4,25.9,0.193,NA,NA
Marquette,30,18,12,0.6,15.44,9.3,8,10,13,3,3,8,2333,2149,1220,759,1764,0.43,301,787,0.382,514,692,0.743,317,1195,406,154,127,410,572,71.4,107.2,0.392,0.446,0.557,53.2,53.5,7.1,10.6,0.516,16.4,29.8,0.291,NA,NA
Marshall,32,17,15,0.531,1.7,-0.05,10,8,10,6,5,9,2429,2339,1285,897,2028,0.442,245,783,0.313,390,588,0.663,347,1240,454,260,190,471,602,75.5,100.1,0.29,0.386,0.526,48.5,50.6,10.7,14.3,0.503,17.0,27.9,0.192,NA,NA
Maryland,31,24,7,0.774,17.82,10.5,14,6,16,1,5,6,2226,1999,1240,744,1774,0.419,238,765,0.311,500,669,0.747,348,1184,409,142,134,350,463,67.7,106.0,0.377,0.431,0.532,52.9,55.0,6.8,11.8,0.486,14.3,31.5,0.282,NA,NA
Maryland-Baltimore County,33,16,17,0.485,-8.08,-4.43,8,8,11,5,5,10,2255,2207,1325,816,1843,0.443,229,723,0.317,394,611,0.645,297,1136,407,178,79,416,532,68.0,100.1,0.332,0.392,0.529,49.9,49.9,7.9,7.8,0.505,16.3,26.1,0.214,NA,NA
Maryland-Eastern Shore,32,5,27,0.156,-22.03,-6.45,4,12,4,6,1,20,1841,2278,1290,676,1869,0.362,187,745,0.251,302,478,0.632,333,1095,354,246,102,475,579,69.6,82.0,0.256,0.399,0.439,46.2,52.4,11.0,9.3,0.412,18.5,26.1,0.162,NA,NA
Massachusetts,31,14,17,0.452,1.12,3.79,8,10,11,5,3,9,2124,2207,1250,758,1780,0.426,235,715,0.329,373,532,0.701,278,1006,412,211,99,407,566,69.2,98.2,0.299,0.402,0.522,47.3,54.4,9.8,8.2,0.492,16.7,25.7,0.21,NA,NA
Massachusetts-Lowell,32,13,19,0.406,-8.19,-5.35,7,9,8,9,5,10,2388,2433,1295,838,1830,0.458,222,655,0.339,490,688,0.712,301,1087,462,221,83,430,536,70.9,104.0,0.376,0.358,0.554,49.2,55.1,9.6,6.7,0.519,16.6,27.5,0.268,NA,NA
McNeese State,32,15,17,0.469,-9.11,-6.93,10,10,10,5,5,11,2540,2390,1290,911,1833,0.497,269,675,0.399,449,620,0.724,321,1153,522,211,124,509,534,71.8,109.7,0.338,0.368,0.597,52.3,57.3,9.1,10.3,0.57,19.3,31.7,0.245,NA,NA
Memphis,31,21,10,0.677,12.16,5.07,10,8,15,3,5,6,2232,2012,1250,775,1763,0.44,204,620,0.329,478,704,0.679,324,1240,438,242,184,510,607,73.1,97.7,0.399,0.352,0.532,52.2,56.5,10.6,15.3,0.497,19.6,30.0,0.271,NA,NA
Mercer,32,17,15,0.531,-3.13,-2.7,11,7,9,6,8,6,2294,2248,1280,847,1885,0.449,246,686,0.359,354,490,0.722,332,1172,461,211,83,463,601,70.4,101.9,0.26,0.364,0.542,53.2,54.4,9.4,7.6,0.515,17.9,31.1,0.188,NA,NA
Merrimack,31,20,11,0.645,-6.93,-6.53,14,4,10,2,9,8,1948,1866,1255,705,1682,0.419,247,728,0.339,291,427,0.681,243,890,397,308,92,368,536,64.4,96.4,0.254,0.433,0.517,43.8,56.3,15.2,8.6,0.493,16.3,23.2,0.173,NA,NA
Miami (FL),31,15,16,0.484,6.63,8.66,7,13,9,5,4,8,2207,2270,1270,796,1855,0.429,219,690,0.317,396,522,0.759,292,1069,310,183,119,374,447,68.7,101.2,0.281,0.372,0.525,47.2,38.9,8.4,9.4,0.488,15.1,26.0,0.213,NA,NA
Miami (OH),32,13,19,0.406,-4.17,-0.57,5,13,10,6,2,11,2269,2275,1280,814,1920,0.424,268,791,0.339,373,513,0.727,304,1130,383,164,75,363,584,69.2,102.5,0.267,0.412,0.524,48.8,47.1,7.4,6.8,0.494,14.4,25.9,0.194,NA,NA
Michigan,31,19,12,0.613,17.94,11.17,10,10,11,5,4,7,2326,2116,1255,861,1864,0.462,247,729,0.339,357,498,0.717,267,1119,454,169,140,332,470,69.3,107.0,0.267,0.391,0.554,50.6,52.7,7.8,10.3,0.528,13.6,25.0,0.192,NA,NA
Michigan State,31,22,9,0.71,21.92,10.76,14,6,12,3,7,4,2353,2007,1240,845,1833,0.461,239,687,0.348,424,565,0.75,344,1258,549,159,156,389,523,69.4,109.4,0.308,0.375,0.56,55.1,65.0,7.4,13.4,0.526,15.6,32.8,0.231,NA,NA
Middle Tennessee,31,8,23,0.258,-8.41,0.84,4,14,5,10,3,10,2193,2332,1250,776,1850,0.419,255,763,0.334,386,576,0.67,332,1083,406,211,91,435,620,71.2,98.5,0.311,0.412,0.516,49.0,52.3,9.5,7.9,0.488,17.0,28.1,0.209,NA,NA
Milwaukee,31,12,19,0.387,-7.22,-3.91,7,11,7,8,4,9,2216,2252,1265,788,1908,0.413,241,754,0.32,399,563,0.709,353,1115,387,182,95,417,668,70.6,99.2,0.295,0.395,0.509,49.1,49.1,8.1,8.5,0.476,16.1,29.5,0.209,NA,NA
Minnesota,31,15,16,0.484,16.39,11.55,8,12,11,5,2,10,2205,2055,1250,796,1871,0.425,257,762,0.337,356,515,0.691,360,1217,466,147,144,351,515,67.3,104.9,0.275,0.407,0.521,52.1,58.5,7.0,11.3,0.494,14.2,31.3,0.19,NA,NA
Mississippi,32,15,17,0.469,7.37,6.9,6,12,12,5,1,10,2208,2193,1290,769,1780,0.432,192,600,0.32,478,655,0.73,288,1080,413,229,91,420,621,68.8,99.5,0.368,0.337,0.528,49.2,53.7,10.3,8.0,0.486,16.7,26.2,0.269,NA,NA
Mississippi State,31,20,11,0.645,12.21,6.96,11,7,14,2,4,7,2275,2112,1240,802,1713,0.468,161,479,0.336,510,676,0.754,371,1160,415,174,158,431,542,67.3,109.0,0.395,0.28,0.559,55.1,51.7,8.3,14.0,0.515,17.5,37.0,0.298,NA,NA
Mississippi Valley State,30,3,27,0.1,-29.08,-7.68,3,15,1,8,2,19,2048,2690,1205,750,2032,0.369,246,837,0.294,302,466,0.648,313,1049,313,218,87,433,586,78.9,86.1,0.229,0.412,0.454,42.2,41.7,9.2,6.6,0.43,16.1,23.4,0.149,NA,NA
Missouri,31,15,16,0.484,8.51,6.54,7,11,12,4,2,10,2081,2020,1250,700,1707,0.41,205,690,0.297,476,610,0.78,337,1091,352,209,99,437,656,67.1,99.3,0.357,0.404,0.521,51.5,50.3,10.0,10.0,0.47,18.0,31.4,0.279,NA,NA
Missouri State,33,16,17,0.485,3.5,0.71,9,9,11,4,3,10,2330,2238,1325,843,1923,0.438,230,650,0.354,414,553,0.749,359,1226,391,211,86,448,599,68.6,102.6,0.288,0.338,0.533,54.6,46.4,9.3,7.7,0.498,17.0,31.9,0.215,NA,NA
Monmouth,31,18,13,0.581,-4.51,-5.19,12,8,11,2,6,10,2209,2188,1245,755,1842,0.41,227,680,0.334,472,655,0.721,301,1058,399,248,86,397,621,72.1,98.5,0.356,0.369,0.513,47.1,52.8,11.1,8.5,0.471,15.6,25.5,0.256,NA,NA
Montana,31,18,13,0.581,0.59,-1.52,14,6,12,3,6,10,2195,2122,1255,841,1777,0.473,174,486,0.358,339,469,0.723,195,970,387,195,101,370,628,69.4,100.8,0.264,0.273,0.549,48.0,46.0,9.0,9.0,0.522,15.6,19.6,0.191,NA,NA
Montana State,31,16,15,0.516,-5.01,-2.29,10,10,9,5,5,10,2066,2076,1240,721,1622,0.445,175,532,0.329,449,606,0.741,225,1076,351,170,72,433,543,68.2,97.8,0.374,0.328,0.541,50.9,48.7,8.0,6.8,0.498,18.5,22.9,0.277,NA,NA
Morehead State,32,13,19,0.406,-10.96,-6.42,7,11,11,4,2,14,2208,2240,1295,826,1902,0.434,184,639,0.288,372,583,0.638,342,1187,430,190,141,400,512,69.1,98.7,0.307,0.336,0.507,50.4,52.1,8.5,11.8,0.483,15.5,29.0,0.196,NA,NA
Morgan State,31,15,16,0.484,-12.82,-9.18,9,7,8,6,7,7,2182,2197,1255,766,1807,0.424,158,563,0.281,492,709,0.694,406,1222,365,175,132,511,698,71.4,97.4,0.392,0.312,0.509,53.0,47.7,7.8,12.6,0.468,19.2,35.1,0.272,NA,NA
Mount St. Mary's,32,11,21,0.344,-9.56,-6.47,7,11,8,6,3,15,2053,2132,1295,715,1772,0.403,209,678,0.308,414,597,0.693,344,1120,357,158,105,375,530,64.5,98.3,0.337,0.383,0.499,50.0,49.9,7.6,9.3,0.462,15.4,29.6,0.234,NA,NA
Murray State,32,23,9,0.719,1.99,-6.08,15,3,15,0,6,6,2413,2070,1290,852,1789,0.476,210,569,0.369,499,704,0.709,306,1217,461,181,125,440,565,69.7,107.4,0.394,0.318,0.568,54.5,54.1,8.1,10.7,0.535,17.2,29.5,0.279,NA,NA
Navy,30,14,16,0.467,-7.36,-5.74,8,10,10,5,4,11,1908,1924,1220,673,1647,0.409,194,644,0.301,368,532,0.692,357,1082,333,151,51,360,476,62.6,99.9,0.323,0.391,0.502,53.3,49.5,7.9,5.4,0.468,15.9,33.6,0.223,NA,NA
NC State,32,20,12,0.625,12.05,7.14,10,10,14,4,5,7,2388,2231,1285,885,1958,0.452,222,697,0.319,396,558,0.71,333,1142,434,245,145,383,580,70.6,105.3,0.285,0.356,0.537,49.0,49.0,10.8,11.6,0.509,14.7,28.8,0.202,NA,NA
Nebraska,32,7,25,0.219,2.41,10.66,2,18,5,11,0,12,2235,2499,1305,815,2011,0.405,253,796,0.318,352,584,0.603,293,1134,442,223,79,380,485,72.8,94.1,0.29,0.396,0.488,44.0,54.2,9.4,6.1,0.468,14.2,22.1,0.175,NA,NA
Nevada,31,19,12,0.613,8.91,4.14,12,6,12,3,4,7,2391,2243,1245,840,1879,0.447,309,806,0.383,400,531,0.753,272,1188,462,159,109,372,608,71.7,107.2,0.283,0.429,0.561,51.8,55.0,7.1,10.5,0.529,14.9,25.2,0.213,NA,NA
Nevada-Las Vegas,32,17,15,0.531,6.79,4.76,12,6,12,6,5,7,2307,2242,1315,812,1876,0.433,241,755,0.319,442,639,0.692,396,1255,404,199,88,427,657,67.2,104.4,0.341,0.402,0.529,54.7,49.8,9.0,8.8,0.497,16.4,34.0,0.236,NA,NA
New Hampshire,30,15,15,0.5,-7.6,-6.28,8,8,10,3,5,12,2071,1990,1215,750,1838,0.408,255,769,0.332,316,470,0.672,343,1236,397,144,64,390,548,69.7,97.9,0.256,0.418,0.502,54.0,52.9,6.8,6.1,0.477,15.9,29.4,0.172,NA,NA
New Mexico,33,19,14,0.576,3.47,2.63,7,11,15,3,2,9,2531,2483,1320,892,1913,0.466,230,704,0.327,517,718,0.72,312,1159,494,267,95,475,514,73.0,105.1,0.375,0.368,0.561,49.5,55.4,11.1,8.1,0.526,17.4,27.6,0.27,NA,NA
New Mexico State,31,25,6,0.806,4.11,-4.24,16,0,13,1,9,3,2214,1852,1245,774,1700,0.455,283,798,0.355,383,534,0.717,343,1091,447,191,55,406,491,64.6,110.0,0.314,0.469,0.567,56.4,57.8,9.5,5.7,0.539,17.2,34.8,0.225,NA,NA
New Orleans,30,9,21,0.3,-14.08,-4.73,5,15,6,8,3,13,2262,2323,1200,800,1731,0.462,155,459,0.338,507,681,0.744,285,932,446,232,62,418,577,72.8,103.6,0.393,0.265,0.551,47.7,55.8,10.6,5.5,0.507,16.9,28.6,0.293,NA,NA
Niagara,32,12,20,0.375,-11.02,-4.33,9,11,9,3,2,17,2102,2316,1290,766,1785,0.429,243,653,0.372,327,435,0.752,190,883,381,222,71,338,509,66.5,97.9,0.244,0.366,0.528,41.1,49.7,10.3,6.5,0.497,14.5,17.7,0.183,NA,NA
Nicholls State,31,21,10,0.677,-3.87,-6.02,15,5,13,1,7,8,2388,2144,1250,881,1985,0.444,249,739,0.337,377,504,0.748,351,1077,408,309,115,419,595,73.0,104.6,0.254,0.372,0.537,48.9,46.3,13.5,10.1,0.507,15.9,30.8,0.19,NA,NA
NJIT,30,9,21,0.3,-10.14,-4.83,6,10,5,7,4,14,1904,2030,1200,688,1709,0.403,172,569,0.302,356,523,0.681,274,994,318,170,89,327,506,67.0,94.8,0.306,0.333,0.486,48.0,46.2,8.5,8.4,0.453,14.3,25.1,0.208,NA,NA
Norfolk State,31,16,15,0.516,-7.76,-9.39,12,4,11,2,4,12,2186,2012,1245,754,1820,0.414,243,752,0.323,435,611,0.712,356,1151,406,244,73,436,605,70.3,99.9,0.336,0.413,0.518,51.2,53.8,11.1,7.4,0.481,17.1,31.1,0.239,NA,NA
North Alabama,30,13,17,0.433,-9.0,-5.82,8,8,9,4,4,13,2062,2092,1205,709,1666,0.426,208,612,0.34,436,633,0.689,301,1074,331,195,71,444,590,70.0,97.8,0.38,0.367,0.524,51.0,46.7,9.2,6.5,0.488,18.4,28.5,0.262,NA,NA
North Carolina,33,14,19,0.424,9.45,10.05,6,14,7,8,3,9,2383,2403,1340,865,2058,0.42,181,595,0.304,470,689,0.682,455,1382,472,183,116,426,550,70.4,101.1,0.335,0.289,0.5,55.0,54.6,7.8,9.9,0.464,15.2,35.3,0.228,NA,NA
North Carolina A&T,32,17,15,0.531,-9.66,-7.86,12,4,11,1,4,12,2311,2305,1290,826,1920,0.43,181,612,0.296,478,785,0.609,364,1236,471,260,117,490,668,75.2,95.2,0.409,0.319,0.504,49.2,57.0,10.7,10.0,0.477,17.6,28.8,0.249,NA,NA
North Carolina Central,31,18,13,0.581,-10.04,-8.86,13,3,12,0,5,13,2162,2045,1260,797,1734,0.46,182,605,0.301,386,591,0.653,301,1064,420,260,93,472,588,69.6,98.6,0.341,0.349,0.537,49.4,52.7,11.9,8.7,0.512,19.0,29.0,0.223,NA,NA
North Dakota,33,15,18,0.455,-6.24,-1.38,7,9,8,3,4,13,2470,2467,1330,855,1874,0.456,259,762,0.34,501,658,0.761,284,1172,424,150,75,439,577,70.5,105.4,0.351,0.407,0.565,51.9,49.6,6.4,5.5,0.525,16.7,26.0,0.267,NA,NA
North Dakota State,33,25,8,0.758,2.19,-3.94,13,3,13,1,8,6,2467,2183,1325,837,1878,0.446,303,852,0.356,490,614,0.798,254,1173,393,153,75,330,512,67.8,109.8,0.327,0.454,0.569,52.6,47.0,6.8,5.8,0.526,13.2,23.1,0.261,NA,NA
North Florida,33,21,12,0.636,-0.57,-3.25,13,3,13,2,7,9,2583,2416,1320,889,1975,0.45,391,1031,0.379,414,543,0.762,327,1138,517,164,125,390,530,69.6,112.5,0.275,0.522,0.578,48.8,58.2,7.1,8.2,0.549,14.9,28.4,0.21,NA,NA
North Texas,31,20,11,0.645,7.32,1.66,14,4,13,3,7,6,2203,1962,1245,786,1627,0.483,253,667,0.379,378,503,0.751,266,998,390,195,88,421,530,64.9,109.0,0.309,0.41,0.59,52.4,49.6,9.6,8.7,0.561,18.4,29.7,0.232,NA,NA
Northeastern,33,17,16,0.515,1.45,-3.28,9,9,7,6,7,7,2347,2191,1325,856,1808,0.473,269,726,0.371,366,463,0.79,240,1019,439,251,57,391,553,65.8,107.7,0.256,0.402,0.579,50.6,51.3,11.5,5.3,0.548,16.2,24.4,0.202,NA,NA
Northern Arizona,30,16,14,0.533,-4.65,-2.4,10,10,9,5,6,8,2128,2081,1205,770,1729,0.445,216,600,0.36,372,531,0.701,285,1021,396,195,62,346,480,67.7,104.4,0.307,0.347,0.537,50.7,51.4,9.6,5.9,0.508,14.9,27.5,0.215,NA,NA
Northern Colorado,31,22,9,0.71,5.72,-2.8,15,5,11,3,9,5,2303,1945,1250,837,1790,0.468,317,826,0.384,312,468,0.667,261,1055,416,157,73,314,472,65.9,111.8,0.261,0.461,0.572,51.4,49.7,7.6,5.5,0.556,13.5,25.4,0.174,NA,NA
Northern Illinois,31,18,13,0.581,-1.33,-2.16,11,7,11,4,7,9,2071,1998,1245,751,1814,0.414,226,661,0.342,343,509,0.674,361,1195,311,174,85,366,548,66.2,100.4,0.281,0.364,0.504,52.9,41.4,8.4,8.8,0.476,15.1,31.2,0.189,NA,NA
Northern Iowa,31,25,6,0.806,9.83,1.45,14,4,16,0,8,4,2330,2006,1255,844,1776,0.475,287,737,0.389,355,468,0.759,294,1164,379,143,71,372,443,65.9,112.8,0.264,0.415,0.583,55.2,44.9,6.9,6.4,0.556,15.7,29.8,0.2,NA,NA
Northern Kentucky,32,23,9,0.719,0.28,-4.65,13,5,11,4,10,5,2317,2089,1290,810,1872,0.433,259,848,0.305,438,636,0.689,359,1172,435,259,66,399,574,68.7,104.6,0.34,0.453,0.533,49.7,53.7,11.7,5.4,0.502,15.5,30.4,0.234,NA,NA
Northwestern,31,8,23,0.258,5.35,10.51,3,17,5,11,2,10,2012,2172,1250,743,1785,0.416,189,605,0.312,337,461,0.731,240,1046,424,123,101,325,517,66.7,96.5,0.258,0.339,0.502,46.9,57.1,5.9,9.6,0.469,14.0,22.0,0.189,NA,NA
Northwestern State,30,15,15,0.5,-10.0,-7.07,11,9,9,5,5,10,2265,2270,1205,797,1802,0.442,234,658,0.356,437,596,0.733,335,1167,386,175,132,493,588,74.5,100.9,0.331,0.365,0.543,50.7,48.4,7.8,10.8,0.507,19.1,31.0,0.243,NA,NA
Notre Dame,32,20,12,0.625,11.21,5.62,10,10,15,4,4,7,2376,2197,1290,850,1993,0.426,310,899,0.345,366,498,0.735,322,1209,528,189,118,315,397,69.0,106.8,0.25,0.451,0.533,49.8,62.1,8.5,9.2,0.504,12.4,26.9,0.184,NA,NA
Oakland,33,14,19,0.424,-5.92,-3.1,8,10,8,5,4,12,2239,2301,1340,780,1822,0.428,204,690,0.296,475,689,0.689,339,1195,448,192,99,453,524,67.5,99.0,0.378,0.379,0.521,50.0,57.4,8.5,8.8,0.484,17.4,29.1,0.261,NA,NA
Ohio,32,17,15,0.531,0.74,0.17,8,10,12,5,4,8,2286,2192,1280,822,1837,0.447,272,781,0.348,370,537,0.689,299,1134,471,205,73,406,532,68.8,103.8,0.292,0.425,0.546,51.3,57.3,9.3,6.8,0.522,16.3,27.1,0.201,NA,NA
Ohio State,31,21,10,0.677,19.37,10.24,11,9,15,2,4,7,2234,1951,1240,753,1690,0.446,261,700,0.373,467,621,0.752,308,1140,412,156,107,394,531,66.8,107.9,0.367,0.414,0.563,53.8,54.7,7.5,10.2,0.523,16.6,30.7,0.276,NA,NA
Oklahoma,31,19,12,0.613,13.48,10.64,9,9,12,3,4,8,2177,2089,1240,760,1808,0.42,224,704,0.318,433,565,0.766,259,1143,365,190,135,345,415,69.7,100.8,0.313,0.389,0.524,49.2,48.0,8.8,11.6,0.482,14.2,23.4,0.239,NA,NA
Oklahoma State,32,18,14,0.563,12.01,10.51,7,11,10,6,5,7,2163,2115,1280,757,1783,0.425,189,600,0.315,460,627,0.734,324,1141,379,218,121,426,572,68.5,98.7,0.352,0.337,0.52,50.6,50.1,9.9,12.1,0.478,17.0,29.3,0.258,NA,NA
Old Dominion,32,13,19,0.406,0.02,0.06,9,9,10,4,3,11,2098,2099,1290,768,1898,0.405,184,629,0.293,378,546,0.692,374,1255,340,217,89,393,545,67.5,96.4,0.288,0.331,0.486,53.6,44.3,10.0,9.3,0.453,15.4,30.8,0.199,NA,NA
Omaha,32,16,16,0.5,-5.09,-0.96,9,7,12,2,4,12,2352,2461,1300,886,1973,0.449,200,592,0.338,380,534,0.712,315,1159,393,166,105,391,532,70.7,102.3,0.271,0.3,0.528,50.1,44.4,7.2,8.9,0.5,14.9,27.2,0.193,NA,NA
Oral Roberts,31,17,14,0.548,2.16,-1.58,9,7,13,1,3,12,2485,2265,1250,898,2004,0.448,253,758,0.334,436,582,0.749,364,1175,406,197,79,320,521,71.5,111.1,0.29,0.378,0.545,51.8,45.2,8.8,7.0,0.511,12.3,31.3,0.218,NA,NA
Oregon,31,24,7,0.774,18.22,9.09,13,5,17,0,5,5,2352,2069,1275,857,1825,0.47,269,680,0.396,369,527,0.7,336,1094,446,241,102,368,538,66.1,111.7,0.289,0.373,0.567,51.5,52.0,11.4,9.6,0.543,15.1,32.7,0.202,NA,NA
Oregon State,31,18,13,0.581,9.7,6.15,7,11,12,4,3,8,2207,2097,1240,766,1667,0.46,189,582,0.325,486,647,0.751,263,1009,455,192,151,357,497,66.6,106.9,0.388,0.349,0.559,49.4,59.4,9.3,13.7,0.516,15.3,26.5,0.292,NA,NA
Pacific,33,23,10,0.697,3.81,0.19,11,5,15,3,7,5,2300,2128,1355,843,1872,0.45,180,530,0.34,434,651,0.667,360,1190,383,189,129,400,633,65.9,103.1,0.348,0.283,0.527,56.3,45.4,8.5,11.8,0.498,15.5,33.5,0.232,NA,NA
Penn State,31,21,10,0.677,16.12,9.25,11,9,14,3,5,6,2327,2114,1240,832,1931,0.431,249,765,0.325,414,598,0.692,348,1200,443,233,150,348,543,71.4,105.1,0.31,0.396,0.525,50.8,53.2,10.5,12.1,0.495,13.6,29.3,0.214,NA,NA
Pennsylvania,27,16,11,0.593,1.07,-0.36,8,6,8,3,6,7,1991,1906,1085,741,1625,0.456,240,724,0.331,269,405,0.664,218,979,403,159,90,340,397,71.6,102.6,0.249,0.446,0.548,49.0,54.4,8.2,7.6,0.53,15.8,22.8,0.166,NA,NA
Pepperdine,32,16,16,0.5,2.82,3.6,8,8,9,5,6,7,2441,2466,1305,840,1934,0.434,255,726,0.351,506,639,0.792,311,1104,475,197,121,407,582,71.6,104.5,0.33,0.375,0.545,48.9,56.5,8.4,10.1,0.5,15.4,26.9,0.262,NA,NA
Pittsburgh,33,16,17,0.485,6.8,7.32,6,14,11,7,2,9,2152,2169,1325,755,1867,0.404,175,592,0.296,467,655,0.713,396,1129,404,258,113,403,510,66.0,98.4,0.351,0.317,0.494,48.5,53.5,11.8,10.2,0.451,15.6,32.8,0.25,NA,NA
Portland,32,9,23,0.281,-6.53,1.97,1,15,7,9,2,9,2126,2309,1290,758,1769,0.428,216,633,0.341,394,582,0.677,219,1020,421,179,114,446,546,70.5,93.5,0.329,0.358,0.52,45.7,55.5,7.9,10.0,0.49,17.9,20.2,0.223,NA,NA
Portland State,32,18,14,0.563,-1.5,-2.43,12,8,11,3,6,11,2518,2412,1280,927,2070,0.448,208,626,0.332,456,634,0.719,451,1172,432,277,132,409,587,72.5,108.5,0.306,0.302,0.531,50.7,46.6,11.9,9.9,0.498,14.7,36.8,0.22,NA,NA
Prairie View,32,19,13,0.594,-6.26,-8.36,14,4,12,0,6,12,2302,2186,1290,813,1836,0.443,151,493,0.306,525,741,0.709,305,1045,465,277,89,464,705,72.7,98.2,0.404,0.269,0.526,49.5,57.2,11.8,8.6,0.484,17.5,28.1,0.286,NA,NA
Presbyterian,32,10,22,0.313,-15.06,-6.93,7,11,7,6,3,14,2155,2346,1290,768,1707,0.45,197,611,0.322,422,592,0.713,279,1072,392,188,55,462,594,67.2,99.4,0.347,0.358,0.542,50.2,51.0,8.7,5.6,0.508,18.9,26.6,0.247,NA,NA
Princeton,27,14,13,0.519,-0.75,-1.48,9,5,7,6,5,6,1931,1866,1085,695,1501,0.463,235,659,0.357,306,417,0.734,217,869,363,173,59,340,424,67.2,106.0,0.278,0.439,0.568,50.9,52.2,9.5,5.6,0.541,16.7,25.5,0.204,NA,NA
Providence,31,19,12,0.613,13.45,8.19,12,6,13,3,5,6,2214,2051,1245,764,1852,0.413,225,678,0.332,461,664,0.694,406,1172,445,257,102,417,581,69.6,102.3,0.359,0.366,0.511,51.6,58.2,11.9,9.6,0.473,16.1,33.7,0.249,NA,NA
Purdue,31,16,15,0.516,16.3,10.76,9,11,11,5,4,8,2114,1942,1270,780,1867,0.418,223,675,0.33,331,482,0.687,394,1144,423,202,109,357,544,64.7,102.9,0.258,0.362,0.504,53.0,54.2,9.8,11.3,0.478,14.6,34.9,0.177,NA,NA
Purdue-Fort Wayne,33,14,19,0.424,-7.87,-3.2,6,10,10,5,3,13,2261,2320,1320,830,1945,0.427,274,867,0.316,327,488,0.67,340,1165,417,245,89,456,520,69.5,98.6,0.251,0.446,0.519,51.3,50.2,10.7,8.3,0.497,17.3,28.5,0.168,NA,NA
Quinnipiac,30,15,15,0.5,-7.66,-6.53,10,10,9,5,5,9,2088,2122,1200,707,1695,0.417,310,869,0.357,364,478,0.762,277,1091,409,137,112,411,456,68.9,101.0,0.282,0.513,0.543,51.2,57.9,6.6,9.3,0.509,17.6,26.9,0.215,NA,NA
Radford,32,21,11,0.656,-2.67,-5.71,15,3,11,4,9,6,2302,2115,1285,841,1813,0.464,251,707,0.355,369,575,0.642,340,1166,427,170,68,342,561,65.0,110.2,0.317,0.39,0.552,53.1,50.8,8.1,7.1,0.533,14.1,31.5,0.204,NA,NA
Rhode Island,30,21,9,0.7,9.25,4.78,13,5,12,3,8,5,2200,2066,1210,783,1851,0.423,170,539,0.315,464,686,0.676,359,1162,378,252,116,355,519,71.8,101.2,0.371,0.291,0.505,50.5,48.3,11.6,10.3,0.469,14.0,30.4,0.251,NA,NA
Rice,32,15,17,0.469,-3.09,-0.76,7,11,8,7,5,8,2363,2375,1280,800,1851,0.432,317,934,0.339,446,619,0.721,291,1139,454,190,67,427,524,71.4,103.5,0.334,0.505,0.551,49.7,56.8,8.3,5.7,0.518,16.6,25.5,0.241,NA,NA
Richmond,31,24,7,0.774,11.31,2.76,14,4,14,2,9,3,2335,2070,1250,847,1817,0.466,249,688,0.362,392,505,0.776,234,1074,481,252,78,338,479,69.3,107.9,0.278,0.379,0.568,49.4,56.8,11.6,7.4,0.535,14.1,22.6,0.216,NA,NA
Rider,30,18,12,0.6,-3.09,-5.49,12,8,11,1,5,11,2152,2080,1200,755,1725,0.438,184,574,0.321,458,704,0.651,328,1149,391,202,78,422,522,71.8,99.9,0.408,0.333,0.522,53.4,51.8,9.4,7.9,0.491,17.0,30.6,0.266,NA,NA
Robert Morris,34,20,14,0.588,-4.73,-6.33,13,5,12,3,7,11,2373,2280,1360,874,1968,0.444,284,783,0.363,341,508,0.671,348,1141,562,218,68,433,566,67.5,103.4,0.258,0.398,0.537,49.6,64.3,9.5,5.8,0.516,16.4,29.4,0.173,NA,NA
Rutgers,31,20,11,0.645,15.72,9.68,11,9,18,1,2,8,2168,1942,1250,825,1847,0.447,172,554,0.31,346,537,0.644,365,1245,394,203,142,379,520,67.7,102.5,0.291,0.3,0.516,54.0,47.8,9.6,13.6,0.493,15.3,32.4,0.187,NA,NA
Sacramento State,30,16,14,0.533,-2.08,-2.76,8,12,10,4,4,10,1895,1791,1200,685,1650,0.415,151,469,0.322,374,520,0.719,335,1044,379,207,120,371,527,64.5,97.9,0.315,0.284,0.499,52.9,55.3,10.7,11.3,0.461,16.4,32.7,0.227,NA,NA
Sacred Heart,33,20,13,0.606,-4.75,-7.4,12,6,9,4,10,8,2420,2291,1320,843,1961,0.43,251,768,0.327,483,658,0.734,435,1361,435,164,134,459,522,69.9,104.9,0.336,0.392,0.532,54.7,51.6,7.1,9.8,0.494,16.8,36.2,0.246,NA,NA
Saint Francis (PA),32,22,10,0.688,-2.05,-6.5,13,5,13,2,8,8,2485,2298,1285,899,1923,0.467,204,567,0.36,483,644,0.75,353,1157,374,224,86,390,533,70.3,110.0,0.335,0.295,0.557,52.2,41.6,9.9,7.5,0.521,14.9,32.3,0.251,NA,NA
Saint Joseph's,32,6,26,0.188,-5.54,4.93,2,16,4,10,2,12,2208,2543,1285,761,1942,0.392,287,966,0.297,399,566,0.705,327,1122,400,151,90,414,555,71.3,96.5,0.291,0.497,0.499,47.3,52.6,6.6,6.8,0.466,15.8,26.1,0.205,NA,NA
Saint Louis,31,23,8,0.742,9.41,3.07,12,6,15,3,6,4,2223,2020,1255,819,1804,0.454,166,488,0.34,419,723,0.58,385,1232,450,232,130,396,569,68.7,103.1,0.401,0.271,0.518,54.6,54.9,10.8,12.6,0.5,15.6,34.0,0.232,NA,NA
Saint Mary's (CA),34,26,8,0.765,12.27,5.24,11,5,14,3,6,3,2559,2276,1400,922,1925,0.479,276,697,0.396,439,582,0.754,260,1089,404,224,68,336,562,65.0,112.4,0.302,0.362,0.581,51.4,43.8,9.8,5.3,0.551,13.2,25.1,0.228,NA,NA
Saint Peter's,30,18,12,0.6,-3.67,-5.9,14,6,11,3,6,9,1990,1923,1205,674,1665,0.405,185,541,0.342,457,632,0.723,376,1123,316,223,138,482,629,68.6,96.3,0.38,0.325,0.506,53.9,46.9,10.8,13.6,0.46,19.7,35.6,0.274,NA,NA
Sam Houston State,31,18,13,0.581,-5.17,-6.5,11,9,12,3,6,10,2417,2245,1265,874,1937,0.451,236,690,0.342,433,584,0.741,315,1060,491,287,91,443,642,74.4,102.7,0.301,0.356,0.546,49.4,56.2,12.2,9.0,0.512,16.7,28.8,0.224,NA,NA
Samford,33,10,23,0.303,-13.13,-1.13,4,14,7,8,3,14,2448,2711,1330,862,1996,0.432,219,658,0.333,505,679,0.744,352,1208,391,232,110,513,534,74.6,98.7,0.34,0.33,0.528,48.4,45.4,9.4,9.2,0.487,18.1,28.6,0.253,NA,NA
San Diego,32,9,23,0.281,-3.52,4.35,2,14,6,9,3,10,2101,2319,1295,760,1843,0.412,196,633,0.31,385,572,0.673,285,1062,387,186,107,464,581,70.9,91.5,0.31,0.343,0.497,48.5,50.9,8.1,8.3,0.466,18.0,25.5,0.209,NA,NA
San Diego State,32,30,2,0.938,18.38,3.93,17,1,14,1,11,0,2395,1903,1280,852,1820,0.468,291,765,0.38,400,519,0.771,297,1121,473,221,88,344,534,66.1,113.3,0.285,0.42,0.579,52.5,55.5,10.5,8.9,0.548,14.3,28.9,0.22,NA,NA
San Francisco,34,22,12,0.647,8.56,3.84,9,7,12,5,7,6,2546,2339,1375,906,2050,0.442,300,899,0.334,434,603,0.72,359,1234,410,239,106,412,600,69.2,107.1,0.294,0.439,0.545,52.4,45.3,10.1,7.8,0.515,15.0,29.6,0.212,NA,NA
San Jose State,31,7,24,0.226,-7.55,5.15,3,15,6,10,1,12,2167,2523,1245,728,1871,0.389,257,861,0.298,454,634,0.716,302,1075,404,199,102,430,567,74.1,93.9,0.339,0.46,0.499,46.0,55.5,8.6,8.1,0.458,16.5,24.5,0.243,NA,NA
Santa Clara,33,20,13,0.606,1.95,0.63,6,10,16,5,3,7,2498,2365,1325,877,1898,0.462,249,704,0.354,495,667,0.742,241,1128,507,226,110,443,668,73.0,103.4,0.351,0.371,0.564,48.9,57.8,9.4,8.5,0.528,16.7,21.7,0.261,NA,NA
Seattle,29,14,15,0.483,-3.95,-3.91,7,7,9,4,3,10,2177,2110,1185,731,1800,0.406,209,679,0.308,506,653,0.775,301,1028,316,171,90,297,581,71.4,103.0,0.363,0.377,0.516,48.9,43.2,8.1,8.3,0.464,12.3,27.4,0.281,NA,NA
Seton Hall,30,21,9,0.7,16.75,9.95,13,5,11,4,8,4,2241,2037,1200,783,1754,0.446,238,711,0.335,437,611,0.715,308,1113,437,210,174,398,557,71.0,105.3,0.348,0.405,0.548,50.3,55.8,9.9,14.9,0.514,16.3,29.2,0.249,NA,NA
Siena,30,20,10,0.667,-1.13,-5.66,15,5,14,0,5,10,2167,2031,1215,770,1679,0.459,198,558,0.355,429,609,0.704,321,1096,401,160,92,389,495,67.1,106.3,0.363,0.332,0.55,53.5,52.1,7.8,8.1,0.518,16.5,31.9,0.256,NA,NA
South Alabama,31,20,11,0.645,0.08,-1.03,13,7,11,5,7,5,2209,2092,1245,782,1662,0.471,166,502,0.331,479,661,0.725,259,1019,346,238,115,374,499,67.1,105.8,0.398,0.302,0.559,49.3,44.2,11.4,12.1,0.52,15.9,26.5,0.288,NA,NA
South Carolina,31,18,13,0.581,10.27,6.43,10,8,12,5,6,6,2275,2156,1245,832,1890,0.44,174,561,0.31,437,696,0.628,370,1158,445,240,134,407,723,72.5,100.8,0.368,0.297,0.512,51.3,53.5,10.6,13.3,0.486,15.5,32.1,0.231,NA,NA
South Carolina State,29,11,18,0.379,-16.01,-9.27,6,10,8,5,3,12,2037,2180,1185,705,1618,0.436,146,483,0.302,481,643,0.748,301,1025,328,132,53,418,541,69.1,99.5,0.397,0.299,0.53,51.5,46.5,6.4,4.9,0.481,17.9,30.3,0.297,NA,NA
South Carolina Upstate,33,13,20,0.394,-13.58,-6.06,7,11,9,6,4,13,2286,2460,1320,811,1911,0.424,224,697,0.321,440,641,0.686,318,1088,415,195,80,410,627,69.8,99.3,0.335,0.365,0.516,47.4,51.2,8.5,7.2,0.483,15.6,26.3,0.23,NA,NA
South Dakota,32,20,12,0.625,-1.74,-3.84,10,6,13,2,5,8,2547,2374,1280,889,1805,0.493,233,596,0.391,536,710,0.755,200,1045,444,146,86,339,561,71.4,111.4,0.393,0.33,0.594,50.5,49.9,6.4,7.0,0.557,13.7,20.2,0.297,NA,NA
South Dakota State,32,22,10,0.688,2.29,-4.24,13,3,16,0,6,9,2493,2256,1295,914,1861,0.491,235,677,0.347,430,608,0.707,302,1224,456,160,106,415,533,69.8,110.3,0.327,0.364,0.58,53.1,49.9,7.1,8.5,0.554,16.2,28.9,0.231,NA,NA
South Florida,31,14,17,0.452,5.15,5.18,7,11,10,7,3,6,1943,1944,1250,672,1654,0.406,196,635,0.309,403,620,0.65,352,1051,315,234,63,454,544,65.5,95.0,0.375,0.384,0.499,52.0,46.9,11.4,6.8,0.466,18.9,32.4,0.244,NA,NA
Southeast Missouri State,31,7,24,0.226,-14.57,-5.29,3,15,6,7,0,16,2054,2307,1245,720,1727,0.417,191,596,0.32,423,612,0.691,286,1027,353,161,64,414,577,68.8,95.9,0.354,0.345,0.509,47.8,49.0,7.5,5.8,0.472,17.0,25.5,0.245,NA,NA
Southeastern Louisiana,31,8,23,0.258,-16.11,-5.72,5,15,6,8,2,14,2157,2429,1255,779,1873,0.416,198,669,0.296,401,594,0.675,337,1000,385,248,59,514,654,74.0,92.9,0.317,0.357,0.5,46.0,49.4,10.7,5.2,0.469,19.3,28.8,0.214,NA,NA
Southern,32,17,15,0.531,-9.36,-9.49,13,5,11,1,5,14,2234,2147,1290,816,1854,0.44,171,548,0.312,431,635,0.679,350,1114,425,222,79,445,698,69.5,99.6,0.343,0.296,0.518,52.8,52.1,9.9,7.1,0.486,17.1,32.1,0.232,NA,NA
Southern California,31,22,9,0.71,11.51,7.22,11,7,14,2,5,6,2179,2046,1255,781,1780,0.439,200,571,0.35,417,630,0.662,333,1194,430,207,152,448,519,70.0,99.3,0.354,0.321,0.524,52.3,55.1,9.4,13.3,0.495,17.7,30.6,0.234,NA,NA
Southern Illinois,32,16,16,0.5,-0.18,0.37,10,8,12,3,3,10,2002,1991,1285,693,1623,0.427,226,668,0.338,390,536,0.728,208,955,369,208,65,397,469,64.3,96.9,0.33,0.412,0.533,45.8,53.2,10.1,5.7,0.497,17.5,20.5,0.24,NA,NA
SIU Edwardsville,31,8,23,0.258,-14.16,-5.71,5,13,4,10,4,13,2073,2261,1240,769,1801,0.427,176,562,0.313,359,526,0.683,305,1063,428,177,91,436,607,70.2,95.3,0.292,0.312,0.505,49.0,55.7,8.1,8.9,0.476,17.5,27.9,0.199,NA,NA
Southern Methodist,30,19,11,0.633,7.97,3.5,9,9,15,2,4,9,2188,2054,1225,770,1706,0.451,236,730,0.323,412,541,0.762,344,1099,467,175,96,400,491,66.0,108.3,0.317,0.428,0.557,53.0,60.6,8.7,9.8,0.521,16.9,34.1,0.242,NA,NA
Southern Mississippi,31,9,22,0.29,-6.65,2.35,5,13,8,7,1,12,2047,2242,1250,783,1766,0.443,163,529,0.308,318,442,0.719,293,1105,444,180,78,464,490,68.7,95.3,0.25,0.3,0.518,51.3,56.7,8.4,8.3,0.49,19.0,27.9,0.18,NA,NA
Southern Utah,32,17,15,0.531,0.1,-2.47,9,11,9,5,6,10,2329,2122,1300,834,1843,0.453,195,589,0.331,466,651,0.716,292,1183,383,216,132,432,620,70.5,101.7,0.353,0.32,0.541,53.7,45.9,9.4,11.0,0.505,16.7,27.7,0.253,NA,NA
St. Bonaventure,31,19,12,0.613,3.12,1.62,11,7,9,5,7,7,2143,2073,1250,787,1805,0.436,210,611,0.344,359,488,0.736,331,1132,427,171,104,364,532,66.3,103.5,0.27,0.339,0.526,52.3,54.3,8.3,11.1,0.494,15.2,30.7,0.199,NA,NA
St. Francis (NY),31,13,18,0.419,-11.3,-7.44,7,11,9,5,4,13,2168,2220,1245,798,1903,0.419,197,664,0.297,373,511,0.73,328,1124,372,199,140,397,586,71.1,98.0,0.269,0.349,0.505,49.2,46.6,9.0,11.7,0.471,15.6,27.9,0.196,NA,NA
St. John's (NY),32,17,15,0.531,10.71,7.68,5,13,13,6,1,8,2387,2290,1280,865,2114,0.409,212,661,0.321,445,633,0.703,397,1228,470,320,127,359,602,74.3,100.5,0.299,0.313,0.494,48.4,54.3,13.5,11.6,0.459,12.9,29.9,0.211,NA,NA
Stanford,32,20,12,0.625,13.35,6.38,9,9,14,4,4,6,2223,2000,1290,810,1726,0.469,227,608,0.373,376,535,0.703,220,1041,414,218,119,459,521,68.7,100.3,0.31,0.352,0.561,48.8,51.1,9.8,10.8,0.535,18.8,22.1,0.218,NA,NA
Stephen F. Austin,31,28,3,0.903,4.04,-6.89,19,1,16,1,12,2,2499,2077,1245,887,1806,0.491,179,494,0.362,546,790,0.691,406,1160,464,324,101,550,649,74.8,107.4,0.437,0.274,0.573,55.5,52.3,13.9,10.3,0.541,20.1,38.2,0.302,NA,NA
Stetson,33,16,17,0.485,-9.63,-5.3,9,7,8,7,7,9,2103,2167,1325,747,1678,0.445,180,545,0.33,429,644,0.666,313,1116,323,209,79,452,517,64.3,98.8,0.384,0.325,0.53,51.9,43.2,9.8,8.4,0.499,18.6,30.4,0.256,NA,NA
Stony Brook,33,20,13,0.606,-2.41,-4.41,10,6,10,5,8,8,2283,2172,1330,777,1909,0.407,274,822,0.333,455,628,0.725,350,1265,368,221,152,480,544,69.9,98.2,0.329,0.431,0.517,51.8,47.4,9.5,13.4,0.479,17.9,29.5,0.238,NA,NA
Syracuse,32,18,14,0.563,12.32,7.26,10,10,11,7,6,5,2378,2216,1290,813,1865,0.436,259,785,0.33,493,666,0.74,336,1145,447,237,143,363,522,68.3,107.9,0.357,0.421,0.545,49.1,55.0,10.8,14.7,0.505,14.3,29.6,0.264,NA,NA
TCU,32,16,16,0.5,9.86,10.09,7,11,14,5,1,9,2093,2079,1295,758,1798,0.422,274,779,0.352,303,476,0.637,359,1118,468,220,156,455,525,65.7,98.4,0.265,0.433,0.517,50.9,61.7,10.3,13.5,0.498,18.4,32.2,0.169,NA,NA
Temple,31,14,17,0.452,6.59,6.17,6,12,8,7,4,8,2117,2104,1255,744,1843,0.404,208,645,0.322,421,613,0.687,303,1166,429,239,94,400,549,70.6,95.5,0.333,0.35,0.496,49.7,57.7,10.8,8.8,0.46,15.8,25.9,0.228,NA,NA
Tennessee,31,17,14,0.548,11.18,8.3,9,9,11,6,4,7,2079,1990,1240,715,1656,0.432,187,598,0.313,462,617,0.749,311,1069,448,186,174,423,563,66.6,100.7,0.373,0.361,0.533,50.8,62.7,9.0,15.6,0.488,17.8,30.5,0.279,NA,NA
Tennessee State,33,18,15,0.545,-6.7,-5.45,9,9,11,3,4,11,2355,2345,1330,862,1836,0.469,240,686,0.35,386,585,0.66,343,1245,447,175,136,573,670,70.5,100.4,0.319,0.374,0.557,53.6,51.9,7.5,11.4,0.535,21.3,31.8,0.21,NA,NA
Tennessee Tech,31,9,22,0.29,-13.64,-4.67,6,12,6,8,3,12,2033,2241,1250,754,1826,0.413,257,776,0.331,268,397,0.675,327,1072,431,213,93,463,460,68.8,94.6,0.217,0.425,0.505,49.4,57.2,9.9,8.3,0.483,18.7,28.8,0.147,NA,NA
Tennessee-Martin,29,9,20,0.31,-14.15,-4.3,5,13,6,6,2,12,2194,2382,1165,781,1718,0.455,218,646,0.337,414,550,0.753,311,954,353,147,80,374,464,70.1,107.5,0.32,0.376,0.554,48.2,45.2,7.2,7.7,0.518,15.9,31.1,0.241,NA,NA
Texas,31,19,12,0.613,10.47,9.6,9,9,11,6,6,5,1989,1962,1240,740,1730,0.428,248,742,0.334,261,381,0.685,278,986,359,171,134,420,568,66.2,96.9,0.22,0.429,0.52,47.3,48.5,8.3,11.1,0.499,18.0,26.6,0.151,NA,NA
Texas A&M,30,16,14,0.533,4.93,6.96,10,8,11,6,5,4,1894,1955,1205,634,1570,0.404,189,643,0.294,437,645,0.678,322,1019,333,193,86,422,463,65.7,95.7,0.411,0.41,0.505,49.7,52.5,9.7,10.4,0.464,18.4,31.3,0.278,NA,NA
Texas A&M-Corpus Christi,32,14,18,0.438,-10.8,-6.63,10,10,10,6,4,11,2112,2199,1280,740,1668,0.444,245,653,0.375,387,547,0.707,304,1092,405,187,98,561,614,68.3,96.7,0.328,0.391,0.548,52.1,54.7,8.6,8.7,0.517,22.5,30.3,0.232,NA,NA
Texas Southern,32,16,16,0.5,-10.37,-6.05,12,6,11,1,5,15,2335,2431,1295,806,1927,0.418,168,552,0.304,555,786,0.706,381,1209,360,205,94,504,610,74.6,96.6,0.408,0.286,0.508,50.6,44.7,8.5,7.4,0.462,18.0,31.5,0.288,NA,NA
Texas State,32,21,11,0.656,5.42,-0.28,13,7,15,3,6,8,2339,2058,1295,840,1835,0.458,166,510,0.325,493,652,0.756,319,1102,455,203,95,357,597,67.1,107.6,0.355,0.278,0.545,50.2,54.2,9.3,8.8,0.503,14.3,29.4,0.269,NA,NA
Texas Tech,31,18,13,0.581,16.83,8.41,9,9,13,4,3,7,2230,1969,1260,779,1724,0.452,224,631,0.355,448,594,0.754,279,1033,476,239,124,423,545,68.2,103.8,0.345,0.366,0.556,50.0,61.1,11.1,11.5,0.517,17.4,27.8,0.26,NA,NA
Texas-Rio Grande Valley,30,14,16,0.467,-7.05,-3.7,9,7,11,3,3,11,2189,2143,1215,779,1789,0.435,191,557,0.343,440,614,0.717,314,992,451,251,111,376,595,70.6,102.0,0.343,0.311,0.526,48.5,57.9,11.7,10.8,0.489,15.3,28.6,0.246,NA,NA
The Citadel,30,6,24,0.2,-13.82,-1.0,0,18,3,11,3,12,2244,2433,1215,789,1820,0.434,280,853,0.328,386,559,0.691,247,1022,432,202,88,456,514,75.6,97.7,0.307,0.469,0.538,46.9,54.8,8.8,7.9,0.51,17.9,22.8,0.212,NA,NA
Toledo,32,17,15,0.531,1.2,-1.47,8,10,10,6,7,9,2386,2244,1285,802,1843,0.435,283,774,0.366,499,669,0.746,321,1211,464,180,108,390,511,69.5,106.8,0.363,0.42,0.552,51.3,57.9,8.1,8.8,0.512,15.3,28.3,0.271,NA,NA
Towson,32,19,13,0.594,0.09,-1.51,12,6,9,5,8,4,2258,2125,1290,790,1824,0.433,210,610,0.344,468,607,0.771,363,1189,364,180,101,380,583,65.7,106.6,0.333,0.334,0.534,54.0,46.1,8.5,9.9,0.491,15.2,33.5,0.257,NA,NA
Troy,31,9,22,0.29,-9.01,-1.32,5,15,6,9,3,13,2131,2276,1250,750,1878,0.399,261,821,0.318,370,549,0.674,369,1133,430,178,83,441,584,70.8,96.3,0.292,0.437,0.498,49.2,57.3,8.0,7.8,0.469,17.1,30.2,0.197,NA,NA
Tulane,30,12,18,0.4,0.94,3.54,4,14,7,7,3,7,2050,2128,1210,702,1709,0.411,230,689,0.334,416,584,0.712,245,928,337,254,76,355,470,69.4,97.7,0.342,0.403,0.516,44.4,48.0,12.1,7.9,0.478,15.2,22.3,0.243,NA,NA
Tulsa,31,21,10,0.677,7.92,3.59,13,5,15,2,6,7,2103,1969,1260,728,1653,0.44,182,566,0.322,465,657,0.708,268,1069,391,234,70,417,469,67.1,99.5,0.397,0.342,0.535,50.1,53.7,11.1,7.5,0.495,17.5,26.3,0.281,NA,NA
UAB,32,19,13,0.594,-0.94,-1.64,9,9,11,6,5,7,2154,2088,1280,780,1719,0.454,169,515,0.328,425,604,0.704,328,1186,337,191,93,471,527,67.2,100.2,0.351,0.3,0.537,54.7,43.2,8.9,8.7,0.503,19.0,31.7,0.247,NA,NA
UC Davis,32,14,18,0.438,-4.7,-2.63,8,8,8,4,5,12,2330,2286,1290,816,1769,0.461,259,653,0.397,439,558,0.787,234,982,409,185,57,408,593,68.4,105.7,0.315,0.369,0.573,48.3,50.1,8.4,5.3,0.534,16.7,23.4,0.248,NA,NA
UC Irvine,32,21,11,0.656,3.73,-2.18,13,3,11,2,8,8,2367,2087,1280,888,1878,0.473,198,559,0.354,393,532,0.739,366,1264,475,206,119,443,588,69.1,107.1,0.283,0.298,0.555,56.7,53.5,9.3,9.9,0.526,17.2,35.3,0.209,NA,NA
UC Riverside,32,17,15,0.531,-3.63,-4.18,7,9,11,5,6,10,2059,1939,1285,744,1707,0.436,254,722,0.352,317,460,0.689,280,1145,394,159,86,421,559,64.4,99.5,0.269,0.423,0.535,54.2,53.0,7.7,7.5,0.51,17.9,27.6,0.186,NA,NA
UC Santa Barbara,31,21,10,0.677,-0.57,-4.06,10,6,13,3,8,7,2195,2054,1245,765,1672,0.458,200,585,0.342,465,615,0.756,318,1061,430,147,78,366,521,64.9,108.6,0.368,0.35,0.559,53.6,56.2,7.3,7.2,0.517,15.7,32.2,0.278,NA,NA
UCLA,31,19,12,0.613,9.83,8.23,12,6,13,4,5,5,2153,2079,1250,751,1732,0.434,186,576,0.323,465,648,0.718,370,1136,401,208,105,409,571,66.5,103.7,0.374,0.333,0.528,54.2,53.4,10.0,10.2,0.487,16.7,34.5,0.268,NA,NA
UNC Asheville,31,15,16,0.484,-10.31,-8.31,8,10,10,5,5,10,2326,2318,1245,837,1824,0.459,243,702,0.346,409,620,0.66,264,937,336,255,73,354,604,71.2,105.0,0.34,0.385,0.549,45.7,40.1,11.5,6.4,0.525,14.3,24.0,0.224,NA,NA
UNC Greensboro,32,23,9,0.719,5.92,-1.48,13,5,14,4,9,4,2372,2020,1295,879,2031,0.433,279,857,0.326,335,531,0.631,415,1182,404,298,136,372,584,69.0,106.1,0.261,0.422,0.519,52.1,46.0,13.3,13.7,0.501,14.0,33.8,0.165,NA,NA
UNC Wilmington,32,10,22,0.313,-9.31,-0.9,5,13,8,8,1,12,2186,2294,1290,783,1816,0.431,208,610,0.341,412,581,0.709,270,1088,385,200,96,417,559,69.6,97.5,0.32,0.336,0.522,48.1,49.2,8.9,8.4,0.488,16.6,24.1,0.227,NA,NA
UT Arlington,32,14,18,0.438,2.76,2.13,10,10,8,8,6,9,2259,2189,1295,800,1926,0.415,250,807,0.31,409,547,0.748,322,1183,478,186,90,358,569,68.8,101.5,0.284,0.419,0.517,49.1,59.8,8.4,7.4,0.48,14.1,26.7,0.212,NA,NA
Utah,31,16,15,0.516,8.47,7.86,7,11,12,2,1,10,2199,2180,1260,767,1709,0.449,219,655,0.334,446,611,0.73,295,1106,433,170,86,419,479,67.7,103.2,0.358,0.383,0.55,51.9,56.5,8.0,7.2,0.513,17.3,28.9,0.261,NA,NA
Utah State,34,26,8,0.765,13.66,4.04,12,6,15,1,4,6,2600,2179,1375,905,1967,0.46,248,745,0.333,542,710,0.763,366,1385,561,209,109,426,532,68.9,109.8,0.361,0.379,0.564,56.6,62.0,8.8,9.5,0.523,15.6,31.8,0.276,NA,NA
Utah Valley,30,11,19,0.367,-7.47,-4.18,5,10,6,7,5,12,2105,2131,1210,748,1696,0.441,192,635,0.302,417,585,0.713,253,1057,412,173,157,427,534,71.2,97.7,0.345,0.374,0.533,49.6,55.1,8.0,12.5,0.498,17.8,24.3,0.246,NA,NA
UTEP,32,17,15,0.531,-1.0,-0.45,8,10,13,4,3,9,2157,2116,1285,747,1765,0.423,212,705,0.301,451,602,0.749,267,1116,404,194,102,438,561,69.2,97.1,0.341,0.399,0.526,49.7,54.1,8.7,9.0,0.483,17.6,24.2,0.256,NA,NA
UTSA,32,13,19,0.406,-3.18,0.41,7,11,10,5,3,9,2461,2465,1300,866,2076,0.417,308,881,0.35,421,552,0.763,352,1248,398,189,86,413,644,74.0,102.3,0.266,0.424,0.526,50.0,46.0,7.9,7.3,0.491,15.0,27.5,0.203,NA,NA
Valparaiso,35,19,16,0.543,1.44,1.17,9,9,11,2,4,10,2530,2494,1420,922,2088,0.442,287,843,0.34,399,559,0.714,329,1196,533,269,116,446,601,69.5,102.5,0.268,0.404,0.537,48.9,57.8,10.9,8.9,0.51,15.9,26.2,0.191,NA,NA
Vanderbilt,32,11,21,0.344,3.16,6.41,3,15,10,10,1,9,2295,2399,1290,760,1776,0.428,262,786,0.333,513,736,0.697,288,1035,365,226,104,418,614,70.0,101.6,0.414,0.443,0.54,47.2,48.0,10.0,8.7,0.502,16.4,25.4,0.289,NA,NA
Vermont,33,26,7,0.788,6.07,-4.84,14,2,13,3,12,3,2361,1963,1320,841,1876,0.448,267,816,0.327,412,574,0.718,313,1212,456,194,111,371,534,66.5,107.6,0.306,0.435,0.549,53.0,54.2,8.8,10.7,0.519,14.7,28.0,0.22,NA,NA
Villanova,31,24,7,0.774,16.84,10.03,13,5,12,3,9,3,2269,2058,1245,797,1806,0.441,307,854,0.359,368,485,0.759,271,1112,449,175,81,335,471,67.6,107.8,0.269,0.473,0.557,51.2,56.3,8.3,6.5,0.526,14.1,25.6,0.204,NA,NA
Virginia,30,23,7,0.767,12.16,7.5,15,5,14,3,7,4,1711,1571,1215,626,1515,0.413,170,560,0.304,289,403,0.717,243,1025,343,161,147,368,397,60.2,93.5,0.266,0.37,0.501,52.8,54.8,8.8,16.5,0.469,17.7,26.4,0.191,NA,NA
Virginia Commonwealth,31,18,13,0.581,9.66,4.08,8,10,14,4,4,7,2193,2020,1245,775,1792,0.432,231,667,0.346,412,592,0.696,306,1039,409,278,134,384,569,69.2,101.8,0.33,0.372,0.529,48.1,52.8,12.9,12.4,0.497,15.6,27.5,0.23,NA,NA
VMI,33,9,24,0.273,-6.92,-2.72,3,15,5,10,2,12,2380,2346,1340,852,1991,0.428,359,1012,0.355,317,448,0.708,334,1180,528,222,83,418,591,68.4,103.9,0.225,0.508,0.54,49.9,62.0,9.7,7.4,0.518,15.9,27.9,0.159,NA,NA
Virginia Tech,32,16,16,0.5,8.22,6.16,7,13,12,6,3,7,2194,2128,1310,787,1877,0.419,315,896,0.352,305,429,0.711,240,1086,468,193,95,317,472,66.1,101.3,0.229,0.477,0.527,47.7,59.5,8.9,8.9,0.503,13.2,21.0,0.162,NA,NA
Wagner,29,8,21,0.276,-14.79,-5.57,5,13,5,8,3,13,1982,2210,1175,706,1710,0.413,204,644,0.317,366,504,0.726,312,983,374,174,68,398,604,69.1,97.6,0.295,0.377,0.508,49.3,53.0,8.6,7.4,0.473,17.0,29.9,0.214,NA,NA
Wake Forest,31,13,18,0.419,6.69,8.14,6,14,9,5,1,11,2276,2321,1260,765,1769,0.432,204,582,0.351,542,726,0.747,315,1170,395,151,87,440,592,70.8,102.1,0.41,0.329,0.538,51.9,51.6,6.8,7.2,0.49,17.2,28.6,0.306,NA,NA
Washington,32,15,17,0.469,12.41,8.25,5,13,10,7,3,7,2259,2126,1290,778,1763,0.441,220,677,0.325,483,669,0.722,282,1128,399,236,192,481,555,70.2,99.7,0.379,0.384,0.543,49.7,51.3,10.4,16.2,0.504,18.8,27.4,0.274,NA,NA
Washington State,32,16,16,0.5,5.13,4.94,6,12,11,5,2,9,2235,2229,1290,776,1952,0.398,237,768,0.309,446,600,0.743,344,1165,370,218,85,394,562,71.1,97.5,0.307,0.393,0.5,49.5,47.7,9.5,6.8,0.458,15.0,27.6,0.228,NA,NA
Weber State,32,12,20,0.375,-8.32,-0.66,8,12,8,6,4,9,2225,2280,1290,821,1814,0.453,213,661,0.322,370,510,0.725,232,1023,347,164,125,378,453,68.7,100.4,0.281,0.364,0.541,48.0,42.3,7.4,9.8,0.511,15.5,22.2,0.204,NA,NA
West Virginia,31,21,10,0.677,18.51,10.64,9,9,14,2,4,8,2179,1935,1245,774,1833,0.422,155,542,0.286,476,742,0.642,470,1254,383,238,111,447,572,69.4,100.9,0.405,0.296,0.499,55.6,49.5,11.0,10.6,0.465,17.0,40.0,0.26,NA,NA
Western Carolina,31,19,12,0.613,-0.1,-1.55,10,8,10,4,8,7,2444,2317,1250,837,1790,0.468,302,818,0.369,468,659,0.71,302,1165,449,165,56,445,532,72.4,108.0,0.368,0.457,0.581,53.1,53.6,7.3,5.0,0.552,17.5,28.9,0.261,NA,NA
Western Illinois,26,5,21,0.192,-14.28,-3.03,2,14,4,10,1,11,1934,2126,1050,710,1667,0.426,226,612,0.369,288,368,0.783,216,882,267,129,57,290,467,73.1,100.8,0.221,0.367,0.525,46.9,37.6,6.7,5.6,0.494,13.6,21.7,0.173,NA,NA
Western Kentucky,30,20,10,0.667,4.2,0.96,13,5,12,2,6,6,2297,2160,1225,779,1703,0.457,212,627,0.338,527,668,0.789,252,1013,334,201,119,370,413,69.8,107.4,0.392,0.368,0.568,48.4,42.9,9.4,10.3,0.52,15.5,25.3,0.309,NA,NA
Western Michigan,32,13,19,0.406,-5.42,-0.25,6,12,10,5,3,12,2220,2306,1295,767,1791,0.428,228,676,0.337,458,641,0.715,276,1120,356,152,73,416,573,69.0,99.4,0.358,0.377,0.53,48.8,46.4,6.8,6.1,0.492,16.6,24.8,0.256,NA,NA
Wichita State,31,23,8,0.742,13.66,5.6,11,7,17,2,5,5,2227,1977,1250,769,1891,0.407,244,744,0.328,445,638,0.697,374,1218,437,219,115,396,577,70.7,100.9,0.337,0.393,0.508,53.2,56.8,9.9,10.4,0.471,15.3,31.7,0.235,NA,NA
William & Mary,32,21,11,0.656,-2.46,-3.1,13,5,11,2,10,7,2288,2208,1280,822,1770,0.464,239,690,0.346,405,544,0.744,265,1152,435,138,128,403,500,68.0,105.1,0.307,0.39,0.564,53.1,52.9,6.3,10.4,0.532,16.6,26.1,0.229,NA,NA
Winthrop,34,24,10,0.706,1.16,-6.53,15,3,11,4,10,6,2765,2431,1375,980,2120,0.462,322,931,0.346,483,760,0.636,450,1388,542,225,84,471,683,72.6,110.8,0.358,0.439,0.557,55.2,55.3,9.0,7.1,0.538,16.0,35.1,0.228,NA,NA
Wisconsin,31,21,10,0.677,15.95,10.95,14,6,15,1,6,6,2082,1927,1245,730,1718,0.425,269,764,0.352,353,462,0.764,251,1051,373,138,114,309,476,64.4,103.8,0.269,0.445,0.537,49.6,51.1,6.9,9.7,0.503,13.8,24.1,0.205,NA,NA
Wofford,35,19,16,0.543,0.17,-1.5,8,10,10,5,6,10,2523,2399,1415,909,1969,0.462,336,948,0.354,369,518,0.712,272,1094,467,198,91,424,593,66.9,106.6,0.263,0.481,0.57,50.2,51.4,8.4,8.4,0.547,16.1,25.0,0.187,NA,NA
Wright State,32,25,7,0.781,2.46,-6.21,15,3,14,2,9,3,2580,2264,1295,917,2010,0.456,247,684,0.361,499,741,0.673,388,1279,443,209,113,396,516,73.1,109.0,0.369,0.34,0.546,51.9,48.3,8.8,8.3,0.518,14.4,32.2,0.248,NA,NA
Wyoming,33,9,24,0.273,-3.05,4.82,2,16,4,13,3,8,2070,2308,1335,712,1739,0.409,260,809,0.321,386,531,0.727,161,972,374,175,66,418,626,67.6,91.8,0.305,0.465,0.52,43.5,52.5,7.8,6.2,0.484,17.3,14.5,0.222,NA,NA
Xavier,32,19,13,0.594,12.57,9.47,8,10,12,5,5,6,2261,2162,1305,833,1912,0.436,207,664,0.312,388,590,0.658,380,1241,460,201,114,446,535,69.1,100.2,0.309,0.347,0.516,52.4,55.2,8.9,9.4,0.49,16.9,32.2,0.203,NA,NA
Yale,30,23,7,0.767,6.63,-1.51,11,3,10,1,11,6,2289,1954,1240,809,1726,0.469,265,714,0.371,406,570,0.712,273,1166,464,188,101,389,449,68.2,108.3,0.33,0.414,0.573,54.8,57.4,8.9,9.6,0.545,16.3,27.4,0.235,NA,NA
Youngstown State,33,18,15,0.545,-5.56,-4.79,10,8,13,4,5,11,2401,2351,1335,870,2055,0.423,236,765,0.308,425,616,0.69,451,1286,413,188,85,397,579,68.6,104.8,0.3,0.372,0.511,52.6,47.5,8.2,6.5,0.481,14.5,35.7,0.207,NA,NA
