Team1,Team2,Year,Team1Win,SRS,ORB,PF,3P,STL,AST,BLK,FT%,TS%,SEED
Tennessee,Iowa,2014,1,-1.2399999999999984,-0.004914004914002845,-1.5970515970516033,-0.24733824733824772,-1.9017199017199014,-3.364455364455365,-0.3210483210483215,-16.0,-13.0,0.0
Texas Southern,Cal Poly,2014,0,-7.07,0.26470588235294024,-1.7647058823529456,-0.02941176470588225,-1.2647058823529411,2.4117647058823515,0.9117647058823533,30.0,64.0,0.0
NC State,Xavier,2014,1,-2.8200000000000003,0.5751633986928084,-1.2124183006535958,-0.6732026143790844,-0.9591503267973858,-1.6732026143790826,1.285947712418301,-31.0,-22.0,0.0
Mount St. Mary's,Albany (NY),2014,0,-3.0100000000000002,-0.14884135472370907,1.6078431372549034,4.1755793226381455,1.618538324420677,0.7290552584670227,0.02941176470588225,738.25,15.0,0.0
Virginia,Coastal Carolina,2014,1,23.59,-2.521462639109698,-3.5930047694753604,-0.6677265500794904,-1.136724960254372,2.4340222575516695,1.2305246422893483,-18.0,14.0,-15.0
Saint Joseph's,Memphis,2014,0,-3.969999999999999,-3.1764705882352917,-2.0,2.0,-4.205882352941175,-3.382352941176471,-0.14705882352941213,1.0,16.0,2.0
Harvard,Cincinnati,2014,1,-4.470000000000001,-2.9724264705882355,0.15808823529411598,-0.014705882352941124,-0.288602941176471,1.53125,-0.6856617647058822,16.0,45.0,7.0
Delaware,Michigan State,2014,0,-16.62,0.6052631578947363,-0.11654135338345739,-0.8789473684210529,-0.8729323308270676,-5.99172932330827,-1.064661654135338,4.0,-27.0,9.0
North Carolina,Providence,2014,1,3.870000000000001,1.8630252100840323,3.0655462184873947,-1.9344537815126053,1.780672268907563,1.7823529411764731,-0.20756302521008418,-156.0,-13.0,-5.0
North Carolina Central,Iowa State,2014,0,-14.549999999999999,1.4362745098039227,2.1062091503267943,-2.9493464052287575,1.761437908496732,-3.710784313725492,1.0849673202614376,35.0,-10.0,11.0
Connecticut,George Washington,2014,1,6.630000000000001,9663.060606060606,17956.969696969696,7169.333333333333,7017.878787878788,-1.7696969696969695,1.6590909090909092,126.0,16.0,-4.0
Milwaukee,Villanova,2014,0,-20.5,-1.3470588235294105,-1.7647058823529456,-1.9411764705882355,-1.226890756302522,-1.7823529411764731,-1.7184873949579837,18.0,-33.0,13.0
Wichita State,Cal Poly,2014,1,17.99,0.5506535947712408,-1.2924836601307241,0.5326797385620914,1.037581699346405,2.0506535947712408,2.375816993464052,37.0,68.0,-15.0
Kansas State,Kentucky,2014,0,-5.93,-1.7469696969696962,3.3363636363636395,-5069.0,-4718.787878787879,4.092424242424242,-2.9303030303030306,-26.0,-542.48,1.0
Saint Louis,NC State,2014,1,2.610000000000001,-1.5751633986928084,-1.0522875816993462,1.143790849673202,2.63562091503268,1.232026143790847,-0.08006535947712479,40.0,4.0,-7.0
Manhattan,Louisville,2014,0,-18.650000000000002,-1.0188370188370204,4.671580671580671,-1.4807534807534815,-1.7272727272727266,-2.2301392301392315,1.3849303849303851,2.0,-15.0,9.0
Tennessee,Massachusetts,2014,1,6.73,1.2981162981162981,-2.9909909909909906,0.17690417690417704,-1.6592956592956591,-2.364455364455363,-0.7452907452907453,36.0,7.0,5.0
Duke,Mercer,2014,0,14.180000000000001,0.40873015873015817,0.9849206349206341,0.9730158730158731,1.1103174603174617,-1.734920634920634,-1.083333333333333,-7.0,-8.0,-11.0
Texas,Arizona State,2014,1,-0.6500000000000004,6.570562770562768,-0.12813852813851767,-3.0354978354978357,0.6251082251082254,-1.3584415584415552,0.37056277056277054,-23.0,-44.0,-3.0
Wofford,Michigan,2014,0,-22.84,2.1261261261261257,3.2719082719082717,-2.6822276822276816,1.0499590499590497,-1.3710073710073711,-0.742014742014742,-99.0,-63.0,13.0
Florida,Albany (NY),2014,1,24.0,1.1168929110105559,-1.3921568627450984,1.744343891402715,1.6138763197586723,1.9924585218702884,0.055052790346907354,667.25,13.0,-15.0
Colorado,Pittsburgh,2014,0,-6.66,-0.5428571428571445,-0.7650793650793659,0.08809523809523867,-1.1412698412698408,-4.296031746031746,0.31349206349206327,6.0,533.45,-1.0
Stephen F. Austin,Virginia Commonwealth,2014,1,-9.73,-0.7999999999999972,1.2571428571428562,-0.3428571428571434,-3.8285714285714283,3.2857142857142847,-1.314285714285714,37.0,49.0,7.0
Tulsa,UCLA,2014,0,-12.169999999999998,0.8775834658187627,3.7019077901430855,-0.3950715421303661,-2.39268680445151,-4.630365659777425,0.7352941176470589,-73.0,-47.0,9.0
Dayton,Ohio State,2014,1,-7.289999999999999,1.3034749034749034,3.4061776061776072,0.853281853281854,-1.7142857142857144,1.0795366795366803,-1.891119691119691,-8.0,554.46,5.0
Western Michigan,Syracuse,2014,0,-14.32,-3.32976827094474,2.183600713012474,0.9973262032085559,-2.091800356506239,-0.4295900178253138,-1.665775401069518,16.0,46.0,11.0
Stanford,New Mexico,2014,1,0.6999999999999993,-0.9493464052287592,1.223856209150327,-0.016339869281045694,0.5408496732026142,-3.8251633986928084,-0.7810457516339868,-22.0,-3.0,3.0
Eastern Kentucky,Kansas,2014,0,-19.65,-4.738655462184874,-0.1201680672268921,3.8647058823529417,2.965546218487396,-0.2957983193277336,-3.6294117647058823,41.0,610.42,13.0
Arizona,Weber State,2014,1,24.28,3.6884550084889636,-1.4210526315789487,-1.7928692699490663,1.6426146010186757,1.9762308998302203,0.5848896434634971,-82.0,-46.0,-15.0
Oklahoma State,Gonzaga,2014,0,3.459999999999999,0.23692810457516167,1.6944444444444393,-0.05392156862745079,1.1192810457516345,-0.9656862745098067,0.761437908496732,10.0,568.41,1.0
North Dakota State,Oklahoma,2014,1,-8.600000000000001,-2.757575757575756,-1.121212121212121,-3.3030303030303036,-0.5454545454545459,-3.0606060606060606,1.1212121212121207,2.0,592.44,7.0
New Mexico State,San Diego State,2014,0,-8.79,-1.166666666666666,0.3888888888888893,0.22222222222222232,-2.916666666666666,3.277777777777777,1.1388888888888893,23.0,57.0,9.0
Baylor,Nebraska,2014,1,5.67,5.128289473684211,-20607.947368421053,-5867.631578947368,-1.7532894736842106,5.315789473684211,2.2220394736842106,-716.32,28.0,-5.0
Louisiana,Creighton,2014,0,-15.120000000000001,4.885714285714286,3.314285714285713,-3.1428571428571423,3.1714285714285713,-4.057142857142859,2.714285714285714,-72.0,-62.0,11.0
Oregon,Brigham Young,2014,1,4.119999999999999,-2.75798319327731,1.6092436974789912,2.560504201680672,0.5638655462184872,-1.0722689075630267,0.380672268907563,80.0,38.0,-3.0
American,Wisconsin,2014,0,-19.0,-1.8381180223285485,2.076555023923447,-1.5430622009569381,1.1842105263157894,2.5933014354066977,-0.008771929824561653,-39.0,9.0,13.0
Virginia,Memphis,2014,1,5.359999999999999,-2.3155802861685206,-1.9459459459459474,0.21462639109698056,-3.4308426073131955,-4.30127186009539,-0.62241653418124,29.0,-5.0,-7.0
Harvard,Michigan State,2014,0,-8.560000000000002,0.07401315789473628,-1.286184210526315,-2.328947368421053,0.7779605263157894,-2.7319078947368425,0.2648026315789478,17.0,-9.0,8.0
Iowa State,North Carolina,2014,1,3.2799999999999994,-3.7892156862745097,-2.9885620915032653,4.066993464052287,-1.379084967320261,3.034313725490195,-1.7908496732026142,67.0,43.0,-3.0
Villanova,Connecticut,2014,0,1.7399999999999984,-9663.85294117647,-17955.235294117647,-7166.058823529412,-7018.058823529412,3.1823529411764735,-1.6029411764705879,-61.0,12.0,-5.0
Kentucky,Wichita State,2014,1,1.4200000000000017,2.4111111111111114,1.3277777777777793,5068.055555555556,4718.138888888889,-2.488888888888889,0.7888888888888896,-43.0,-26.0,7.0
Saint Louis,Louisville,2014,0,-13.06,-3.4475357710651853,-1.9817170111287759,-2.1955484896661375,-2.5588235294117645,-1.1748807631160592,-0.6168521462639109,36.0,-29.0,1.0
Tennessee,Mercer,2014,1,12.01,2.234984984984985,-1.7965465465465442,-2.515015015015015,-0.6719219219219212,-3.5210210210210224,0.5653153153153152,-17.0,-37.0,-3.0
Texas,Michigan,2014,0,-5.85,6.545173745173743,4.871042471042477,-3.5359073359073356,0.5235521235521237,-1.274903474903473,3.5073359073359076,-92.0,-78.0,5.0
Florida,Pittsburgh,2014,1,3.2300000000000004,-0.7948717948717956,-1.5555555555555554,1.4551282051282053,-0.029914529914529808,-2.5876068376068364,0.053418803418802785,-44.0,551.45,-8.0
Stephen F. Austin,UCLA,2014,0,-13.579999999999998,2.9397683397683405,3.2355212355212366,0.8965250965250959,-1.8733590733590733,-0.7891891891891909,-0.02857142857142847,-38.0,-18.0,8.0
Dayton,Syracuse,2014,1,-5.5,-1.9284578696343377,3.8330683624801267,1.6558028616852152,-1.9705882352941178,1.2845786963434005,-2.4348171701112875,-27.0,33.0,8.0
Kansas,Stanford,2014,0,6.83,2.246825396825397,2.7198412698412717,-0.3777777777777773,0.5230158730158729,3.4150793650793645,1.322222222222222,9.0,-552.42,-8.0
Arizona,Gonzaga,2014,1,7.799999999999999,2.709064327485377,-1.7266081871345094,-1.7149122807017543,-0.6593567251461989,0.5219298245614024,0.6081871345029235,-50.0,545.41,-7.0
North Dakota State,San Diego State,2014,0,-8.64,-3.752525252525251,1.1515151515151487,0.16666666666666607,-1.3686868686868685,1.6868686868686869,-0.6893939393939394,88.0,74.0,8.0
Baylor,Creighton,2014,1,-2.2300000000000004,5.444360902255639,-0.6045112781954884,-2.803007518796992,1.2127819548872174,-2.727067669172934,3.9157894736842107,-742.32,-60.0,3.0
Oregon,Wisconsin,2014,0,-3.9400000000000013,1.602167182662539,6.21826625386997,-0.19814241486068163,2.9195046439628483,2.154798761609907,-0.018575851393188625,26.0,8.0,5.0
Michigan State,Virginia,2014,1,0.9700000000000024,0.15149359886201985,2.9196301564722624,2.5113798008534847,1.5995732574679948,3.682076813655762,0.5248933143669978,34.0,31.0,3.0
Iowa State,Connecticut,2014,0,1.2899999999999991,-9664.583333333334,-17957.694444444445,-7166.638888888889,-7019.055555555556,6.216666666666669,-2.8055555555555554,-84.0,7.0,-4.0
Kentucky,Louisville,2014,1,-6.620000000000001,0.4554054054054042,-1.2405405405405396,5067.216216216216,4715.0,-4.2013513513513505,1.224324324324325,21.0,-19.0,4.0
Tennessee,Michigan,2014,0,-1.1799999999999997,5.0,2.4324324324324333,-3.0810810810810807,0.027027027027027195,-1.4324324324324333,2.2702702702702697,-44.0,-47.0,9.0
Florida,UCLA,2014,1,2.2900000000000027,1.2591822591822588,-1.954954954954955,0.34927234927234885,-2.1905751905751902,-4.137907137907137,0.025641025641025106,-81.0,-27.0,-3.0
Stanford,Dayton,2014,0,2.869999999999999,-1.5503003003003002,-1.6974474474474484,-0.7897897897897908,-0.6944444444444446,-1.5803303303303284,1.683183183183183,21.0,-2.0,-1.0
Arizona,San Diego State,2014,1,8.41,-0.8187134502923978,-0.08771929824561653,0.2017543859649118,-1.742690058479532,5.216374269005847,-0.5307017543859649,-4.0,27.0,-3.0
Baylor,Wisconsin,2014,0,-3.8900000000000006,4.947368421052632,1.9473684210526336,-0.44736842105263186,0.36842105263157876,2.5,1.973684210526316,-745.32,-19.0,4.0
Connecticut,Michigan State,2014,1,-2.120000000000001,9664.605263157895,17956.026315789473,7166.921052631579,7018.184210526316,-4.563157894736843,1.1710526315789478,70.0,-11.0,3.0
Michigan,Kentucky,2014,0,0.4499999999999993,-5.50945945945946,-4.056756756756757,-5066.378378378378,-4719.8378378378375,3.039189189189189,-3.521621621621622,81.0,49.0,-6.0
Florida,Dayton,2014,1,10.14,0.015939015939014922,-4.225225225225225,-0.029106029106030107,1.0256410256410255,-0.056826056826055904,0.43104643104643037,-13.0,-3.0,-10.0
Arizona,Wisconsin,2014,0,3.669999999999998,3.3684210526315788,1.473684210526315,-2.447368421052632,1.0526315789473681,2.7894736842105257,1.2105263157894735,-87.0,-29.0,-1.0
Connecticut,Florida,2014,1,-3.460000000000001,9663.794871794871,17959.333333333332,7168.461538461538,7017.974358974359,-0.8512820512820536,2.724358974358975,109.0,10.0,6.0
Wisconsin,Kentucky,2014,0,1.620000000000001,-5.181578947368422,-3.1947368421052644,-5067.184210526316,-4720.184210526316,1.1657894736842103,-2.5578947368421057,64.0,32.0,-6.0
Connecticut,Kentucky,2014,1,-0.8399999999999999,9660.95,17956.7,2100.0,2300.0,1.049999999999999,-0.15000000000000036,95.0,19.0,-1.0
Boise State,Dayton,2015,0,-0.9700000000000006,1.681372549019609,1.200980392156863,2.0964052287581687,-0.8856209150326801,-1.5816993464052285,-0.20424836601307161,43.0,3.0,0.0
Hampton,Manhattan,2015,1,-6.91,1.4311688311688293,-1.4839826839826848,-0.9722943722943729,-1.2857142857142856,-3.3108225108225113,1.2406926406926404,-39.0,-41.0,0.0
North Florida,Robert Morris,2015,0,2.2,-0.8000000000000025,-2.342857142857145,2.742857142857141,-2.4571428571428573,2.2285714285714278,1.3142857142857145,14.0,49.0,0.0
Mississippi,Brigham Young,2015,1,-2.139999999999999,0.6184873949579828,-0.9529411764705884,-2.1008403361344534,-0.7252100840336135,-3.7361344537815135,0.8218487394957981,7.0,-57.0,0.0
Lafayette,Villanova,2015,0,-26.5,-1.7601010101010104,-0.9494949494949516,-1.1464646464646462,-2.237373737373738,-0.2575757575757578,-1.5404040404040402,36.0,0.0,15.0
NC State,Louisiana State,2015,1,2.719999999999999,-0.06818181818181834,2.058080808080806,0.828282828282827,-3.439393939393938,-4.108585858585856,-1.070707070707071,2.0,-7.0,-1.0
Wyoming,Northern Iowa,2015,0,-8.729999999999999,-1.1142857142857139,-0.7714285714285722,-1.37142857142857,-0.4571428571428573,2.514285714285716,0.5142857142857142,-31.0,-592.44,7.0
Louisville,UC Irvine,2015,1,14.490000000000002,2.934640522875819,0.30555555555555713,-0.882352941176471,2.155228758169934,-2.478758169934638,0.39215686274509665,-16.0,-32.0,-9.0
Providence,Dayton,2015,0,2.7300000000000004,5.0049019607843155,2.5539215686274535,-1.609477124183007,0.17320261437908435,0.3300653594771248,2.031045751633987,21.0,-39.0,-5.0
Oklahoma,Albany (NY),2015,1,18.99,0.9930735930735946,-0.19913419913419972,0.530735930735931,1.1047619047619044,1.7099567099567103,3.3653679653679665,-17.0,-14.0,-11.0
Georgia,Michigan State,2015,0,-5.040000000000001,-0.27039627039627234,-0.4988344988344977,-1.9627039627039622,0.34032634032634057,-4.109557109557109,0.06293706293706336,60.0,-0.020000000000000018,3.0
Virginia,Belmont,2015,1,21.38,1.2263814616755777,-2.4010695187165787,-4.969696969696969,-0.8627450980392153,-2.6256684491978604,2.2058823529411766,34.0,-46.0,-13.0
Hampton,Kentucky,2015,0,-36.97,-0.7040293040293033,4.434432234432233,0.3377289377289374,0.2271062271062272,-3.5509157509157525,-2.843223443223443,-74.0,-62.0,15.0
Cincinnati,Purdue,2015,1,-2.209999999999999,-0.7647058823529402,-3.9705882352941195,-0.8235294117647056,1.0882352941176459,-3.2647058823529402,0.23529411764705976,-682.33,-12.0,-1.0
Buffalo,West Virginia,2015,0,-7.1899999999999995,-3.7012987012986986,-4.881385281385285,-0.4554112554112555,-3.2277056277056264,-0.9930735930735946,1.2571428571428571,57.0,34.0,7.0
Maryland,Valparaiso,2015,1,7.03,-2.70504201680672,0.12689075630252233,0.4302521008403346,-1.1420168067226895,-2.2865546218487403,-0.30336134453781494,81.0,14.0,-9.0
Texas,Butler,2015,0,-0.4800000000000004,0.4117647058823515,-1.088235294117645,0.5882352941176467,-2.61764705882353,1.6176470588235272,4.764705882352941,38.0,9.0,5.0
Notre Dame,Northeastern,2015,1,17.2,-0.24887218045112824,0.03909774436090352,2.147368421052632,1.5082706766917289,0.872180451127818,-0.0541353383458647,15.0,31.0,-11.0
Indiana,Wichita State,2015,0,-2.620000000000001,0.1134453781512601,1.0521008403361343,2.5537815126050445,-2.1428571428571432,0.31176470588235183,-0.6521008403361348,18.0,32.0,3.0
Kansas,New Mexico State,2015,1,14.759999999999998,-0.7549019607843146,1.8382352941176485,1.063725490196079,0.14215686274509665,1.2532679738562091,1.2140522875816986,30.0,-9.0,-13.0
Robert Morris,Duke,2015,0,-27.99,-0.9245421245421248,3.007326007326009,-0.9421245421245423,1.4432234432234425,-2.848351648351649,-0.9633699633699635,10.0,-57.0,15.0
San Diego State,St. John's (NY),2015,1,-0.03999999999999915,2.012626262626263,-3.7323232323232336,-0.75,-0.5934343434343434,-1.8914141414141437,-1.391414141414141,-690.37,-33.0,-1.0
Stephen F. Austin,Utah,2015,0,-12.370000000000001,2.947058823529412,4.988235294117647,0.16302521008403392,1.674789915966386,3.5579831932773125,-1.4705882352941178,33.0,6.0,7.0
Georgetown,Eastern Washington,2015,1,14.690000000000001,1.0926406926406909,2.4138528138528095,-3.7376623376623384,1.3489177489177493,-0.03203463203463208,-0.04415584415584295,-22.0,-39.0,-9.0
Southern Methodist,UCLA,2015,0,0.8699999999999992,-0.8104575163398682,-1.7107843137254903,-1.9297385620915035,0.35947712418300704,1.5784313725490176,0.4330065359477122,27.0,28.0,-5.0
UAB,Iowa State,2015,1,-16.0,2.5555555555555554,2.0,-2.124183006535948,0.17156862745097978,-1.7254901960784306,1.199346405228758,42.0,-570.48,11.0
Davidson,Iowa,2015,0,-3.8599999999999994,-1.9430147058823515,3.016544117647058,5.071691176470588,-1.0680147058823533,2.9172794117647083,-1.7408088235294121,-39.0,51.0,3.0
Gonzaga,North Dakota State,2015,1,22.84,1.986443381180223,1.4904306220095709,-0.022328548644337864,1.2200956937799035,6.770334928229666,-0.41148325358851645,-1.0,72.0,-13.0
Coastal Carolina,Wisconsin,2015,0,-25.63,-9561.85294117647,-12508.558823529413,-0.49411764705882355,2.708823529411765,-1.2764705882352914,-3171.735294117647,-762.31,-48.0,15.0
Oregon,Oklahoma State,2015,1,-1.5199999999999996,1.364583333333334,-0.9930555555555571,0.24305555555555536,-2.15625,2.6736111111111107,-4870.638888888889,-725.24,10.0,-1.0
Wofford,Arkansas,2015,0,-11.51,-3.7984126984126974,-2.171428571428571,-0.2682539682539673,-1.1801587301587304,-2.9119047619047613,-2.180952380952381,-36.0,8.0,7.0
North Carolina,Harvard,2015,1,16.16,3.308771929824564,3.687719298245616,-0.024561403508771562,-0.4947368421052625,4.594736842105263,-0.28947368421052655,-18.0,24.0,-9.0
Mississippi,Xavier,2015,0,-4.029999999999999,2.809220985691571,1.7821939586645499,0.1462639109697932,0.5906200317965018,-2.872813990461051,0.8998410174880762,772.27,526.43,5.0
Georgia State,Baylor,2015,1,-12.380000000000003,-5.417647058823528,1.7252100840336126,-1.969747899159664,1.436134453781512,-0.9319327731092439,0.2033613445378144,51.0,562.47,11.0
Virginia Commonwealth,Ohio State,2015,0,-6.890000000000001,1.2761904761904788,3.0809523809523824,1.3960317460317464,1.9000000000000004,-2.590476190476192,-0.8357142857142854,656.32,-49.0,-3.0
Arizona,Texas Southern,2015,1,30.31,-0.4413533834586474,0.5210526315789501,-0.20676691729323338,1.1225563909774428,3.18045112781955,0.3330827067669171,58.0,44.0,-13.0
Villanova,NC State,2015,0,9.02,-1.7777777777777786,-1.1388888888888857,2.5,3.888888888888889,4.305555555555554,-1.0555555555555554,45.0,63.0,-7.0
Louisville,Northern Iowa,2015,1,5.580000000000002,5.325396825396825,2.791269841269843,-1.8428571428571425,1.9468253968253961,-0.16111111111111143,2.933333333333333,-65.0,-81.0,-1.0
Dayton,Oklahoma,2015,0,-7.669999999999998,-4.030952380952381,-0.3690476190476186,-0.1039682539682536,0.1730158730158733,1.3253968253968242,-2.4436507936507947,-55.0,33.0,8.0
Michigan State,Virginia,2015,1,-4.27,0.6500754147812984,4.687782805429865,2.5384615384615383,-0.26546003016591246,3.9170437405731544,0.30693815987933615,-94.0,-542.45,5.0
Cincinnati,Kentucky,2015,0,-18.0,-1.3250377073906474,-2.1395173453996996,-0.29336349924585203,0.04223227752639502,-2.591251885369532,-1.430618401206635,-725.33,-31.0,7.0
West Virginia,Maryland,2015,1,1.799999999999999,7.4571428571428555,6.771428571428569,-0.8857142857142852,5.914285714285714,3.371428571428572,-1.5714285714285712,-94.0,-63.0,1.0
Butler,Notre Dame,2015,0,-2.59,3.7631578947368425,3.201238390092877,-2.3003095975232197,-0.3544891640866865,-3.7755417956656316,-0.6021671826625385,-56.0,-90.0,3.0
Wichita State,Kansas,2015,1,-2.9099999999999984,0.023809523809523725,-0.9785714285714278,0.9119047619047613,0.5595238095238102,0.405555555555555,-1.032539682539682,-23.0,2.0,5.0
San Diego State,Duke,2015,0,-13.159999999999998,0.7841880341880341,-1.5085470085470085,-2.0064102564102564,-0.2670940170940179,-4.604700854700857,1.1517094017094016,-698.37,-97.0,7.0
Utah,Georgetown,2015,1,5.5,-1.92121212121212,-3.6424242424242372,1.4519480519480519,-1.6632034632034634,1.032034632034632,0.2727272727272716,-1.0,36.0,1.0
UAB,UCLA,2015,0,-10.13,-0.1666666666666643,-0.41666666666666785,-0.5833333333333339,-0.02777777777777768,0.5,1.2499999999999996,62.0,-526.48,3.0
Gonzaga,Iowa,2015,1,5.290000000000001,-2.122291021671826,0.9984520123839005,1.3003095975232197,-0.4643962848297214,2.139318885448917,-1.3312693498452015,-53.0,79.0,-5.0
Oregon,Wisconsin,2015,0,-13.18,-9564.666666666666,-12506.805555555555,0.10555555555555518,1.4000000000000004,1.511111111111111,-3170.6388888888887,-762.24,-28.0,7.0
North Carolina,Arkansas,2015,1,6.559999999999999,0.7865497076023402,0.4210526315789487,-1.769005847953216,-1.0891812865497075,1.3114035087719316,-0.4561403508771935,-23.0,9.0,-1.0
Georgia State,Xavier,2015,0,-9.95,-0.6378378378378411,0.4779922779922785,-1.3528957528957521,3.1444015444015436,-2.4223938223938255,1.2208494208494205,724.27,562.43,8.0
Arizona,Ohio State,2015,1,4.649999999999999,-0.24135338345864454,1.8353383458646633,-1.6639097744360907,-0.363157894736843,-1.3624060150375943,-1.638345864661654,718.32,8.0,-8.0
NC State,Louisville,2015,0,-4.010000000000002,-0.5277777777777768,0.38888888888888573,1.0555555555555554,-4.027777777777777,-0.11111111111110894,-0.22222222222222232,18.0,14.0,4.0
Michigan State,Oklahoma,2015,1,-1.1899999999999977,0.06520146520146675,2.6373626373626387,0.7956043956043954,-1.566300366300366,4.278388278388279,-0.45860805860805964,-109.0,-531.45,4.0
West Virginia,Kentucky,2015,0,-13.6,3.8388278388278376,6.405860805860804,1.2805860805860805,4.255677655677655,-0.06520146520146675,-4.1289377289377285,-64.0,-59.0,4.0
Notre Dame,Wichita State,2015,1,3.67,-3.6203007518797,-2.560902255639098,1.1187969924812036,-0.4060150375939857,1.5578947368421048,-0.19699248120300794,41.0,71.0,-4.0
Utah,Duke,2015,0,-3.9899999999999984,-2.2102564102564113,1.0358974358974375,0.2864468864468863,-1.1853479853479856,-1.1054945054945051,1.1794871794871793,4.0,-5.0,4.0
Gonzaga,UCLA,2015,1,9.05,-1.932748538011694,-1.1535087719298254,0.7529239766081872,-0.6637426900584789,2.482456140350875,-0.5453216374269005,15.0,79.0,-9.0
North Carolina,Wisconsin,2015,0,-3.9800000000000004,-9561.157894736842,-12505.578947368422,-2.3578947368421055,2.2552631578947375,4.794736842105264,-3170.7894736842104,-62.0,-37.0,3.0
Arizona,Xavier,2015,1,8.909999999999998,0.9779516358463702,0.05618776671408554,-1.2453769559032724,1.2098150782361294,-2.213371266002845,0.5825035561877665,718.27,574.43,-4.0
Louisville,Michigan State,2015,0,0.6600000000000001,1.43162393162393,-1.6175213675213662,-2.0384615384615383,2.6559829059829054,-4.925213675213676,0.8205128205128203,36.0,511.45,-3.0
Kentucky,Notre Dame,2015,1,9.489999999999998,4.352901484480432,2.8407557354925768,-2.7422402159244266,-0.2496626180836703,-0.9784075573549238,3.2402159244264506,-16.0,-54.0,-2.0
Gonzaga,Duke,2015,0,-3.849999999999998,-1.120782726045885,1.1990553306342786,-0.30904183535762453,-1.1808367071524968,1.2388663967611322,-0.5047233468286101,-8.0,13.0,1.0
Wisconsin,Arizona,2015,1,0.28000000000000114,9564.184210526315,12507.078947368422,2.121052631578948,-2.886842105263157,-1.294736842105264,3171.5526315789475,44.0,10.0,-1.0
Michigan State,Duke,2015,0,-7.509999999999998,-0.23076923076922995,3.3589743589743595,0.28205128205128194,-1.9230769230769234,1.487179487179489,0.6923076923076921,-67.0,-592.45,6.0
Wisconsin,Kentucky,2015,1,-4.109999999999999,9562.410256410256,12507.948717948719,1.994871794871795,-2.1371794871794876,-1.579487179487181,3168.128205128205,37.0,27.0,0.0
Wisconsin,Duke,2015,0,-0.35999999999999943,9563.589743589744,12509.435897435897,-0.05641025641025621,-2.778205128205129,-2.476923076923077,3171.1794871794873,64.0,-8.0,0.0
Florida Gulf Coast,Fairleigh Dickinson,2016,1,10.11,1.3688311688311732,-2.5610389610389603,-1.8978354978354979,-1.004329004329005,-0.5030303030303038,1.3922077922077927,-53.0,0.0,0.0
Tulsa,Michigan,2016,0,-3.960000000000001,2.0381944444444446,2.09375,-2.65625,1.1111111111111107,-1.322916666666666,0.5,-61.0,-37.0,0.0
Wichita State,Vanderbilt,2016,1,0.19000000000000128,2.172294372294372,0.9913419913419901,-1.1298701298701301,3.0735930735930737,-0.7861471861471863,-1.9437229437229435,22.0,-30.0,0.0
Southern,Holy Cross,2016,0,3.5199999999999996,2.4571428571428573,2.7142857142857117,-1.1428571428571432,1.1142857142857139,-2.8285714285714274,1.057142857142857,-686.33,12.0,0.0
North Carolina,Florida Gulf Coast,2016,1,24.23,2.285714285714283,-1.307142857142857,0.2857142857142856,6718.428571428572,3.8999999999999986,4420.971428571429,103.0,15.0,-15.0
Southern California,Providence,2016,0,1.58,0.3084033613445385,0.46722689075630086,0.7092436974789917,-0.21932773109243708,-0.8907563025210052,1.8092436974789914,-49.0,26.0,-1.0
Indiana,Chattanooga,2016,1,16.35,0.9428571428571431,1.4571428571428555,2.371428571428572,-0.9428571428571431,1.5999999999999996,-0.8000000000000003,-2.0,47.0,-7.0
Stony Brook,Kentucky,2016,0,-16.48,0.07575757575757436,-4.56818181818182,-0.11111111111111072,0.45959595959595934,2.171717171717175,-1.2045454545454541,672.31,-16.0,9.0
Notre Dame,Michigan,2016,1,0.34999999999999964,2.5277777777777786,-0.3888888888888893,-2.2222222222222223,-0.16666666666666696,-1.5833333333333321,1.7222222222222223,4.0,0.0,-5.0
West Virginia,Stephen F. Austin,2016,0,12.379999999999999,4.031092436974793,2.81176470588235,-1.9403361344537808,0.6823529411764735,-4.105042016806722,-0.9310924369747902,-62.0,-41.0,-11.0
Wisconsin,Pittsburgh,2016,1,-2.0700000000000003,-1.2649350649350648,-0.8060606060606048,0.36103896103896105,0.9480519480519476,-5.1471861471861455,-0.4095238095238094,-49.0,-27.0,-3.0
Weber State,Xavier,2016,0,-18.4,-4.252100840336137,-2.4840336134453835,0.814285714285715,-2.235294117647059,-2.489075630252101,0.42941176470588216,675.27,29.0,13.0
Virginia,Hampton,2016,1,30.78,-5.23902027027027,-4.173141891891891,-0.3834459459459456,0.09712837837837807,2.985641891891891,-0.4400337837837842,93.0,-501.42,-15.0
Texas Tech,Butler,2016,0,-4.050000000000001,-0.9034090909090917,-1.1695075757575708,-1.3702651515151514,-0.9412878787878789,-1.1193181818181817,0.9450757575757578,11.0,-17.0,-1.0
Little Rock,Purdue,2016,1,-13.05,-2.37142857142857,0.9428571428571431,-0.05714285714285783,2.371428571428571,-4.685714285714287,-1.685714285714286,-15.0,-18.0,7.0
Iona,Utah,2016,0,-11.91,0.9065656565656539,4.204545454545453,2.3257575757575752,1.987373737373738,1.2247474747474758,-0.047979797979798455,-10.0,-22.0,10.0
Gonzaga,Seton Hall,2016,1,2.2600000000000016,-2.271241830065362,-1.4003267973856204,1.7467320261437909,-2.2712418300653603,0.5343137254901933,-1.4754901960784315,100.0,58.0,5.0
Fresno State,Iowa State,2016,0,-11.66,2.9999999999999982,6.342857142857143,-2.1142857142857148,2.2,-3.1714285714285673,-0.11428571428571388,-8.0,523.41,11.0
Syracuse,Dayton,2016,1,3.2799999999999994,2.117936117936118,-2.8075348075348074,1.8165438165438168,2.1687141687141693,-1.2211302211302186,-0.015561015561015523,20.0,-13.0,3.0
Michigan State,Middle Tennessee,2016,0,19.93,1.6571428571428548,-0.8285714285714292,1.1999999999999993,-1.685714285714286,7.5428571428571445,1.5428571428571427,113.0,51.0,-13.0
Kansas,Austin Peay,2016,1,29.91,-1.1432748538011683,1.3377192982456165,1.8055555555555554,-0.28654970760233933,2.5891812865497084,1.3523391812865495,712.33,43.0,-15.0
Colorado,Connecticut,2016,0,-3.8500000000000014,3.728758169934638,0.5147058823529456,0.3284313725490202,-0.6274509803921564,-0.02450980392156943,-0.1437908496732021,-58.0,-21.0,-1.0
Maryland,South Dakota State,2016,1,11.27,-2.344771241830065,-2.9003267973856204,-0.08333333333333304,0.8627450980392153,2.3496732026143796,2.9183006535947715,25.0,36.0,-7.0
California,Hawaii,2016,0,6.360000000000001,0.7058823529411775,0.3235294117647065,-0.02941176470588136,-3.470588235294117,-2.7941176470588243,1.0294117647058822,-28.0,-554.45,-9.0
Wichita State,Arizona,2016,1,-1.3999999999999986,0.06890756302520806,1.8781512605041968,0.6428571428571432,2.46218487394958,-0.2932773109243705,-1.1638655462184868,-4.0,-44.0,5.0
Buffalo,Miami (FL),2016,0,-17.18,2.7142857142857135,4.771428571428569,0.6285714285714281,0.7142857142857135,0.08571428571428541,-0.0857142857142863,-748.29,-581.46,11.0
Iowa,Temple,2016,1,9.32,0.6363636363636385,0.09090909090909349,0.42424242424242564,1.5151515151515156,2.3636363636363633,1.6060606060606073,33.0,48.0,-3.0
UNC Asheville,Villanova,2016,0,-22.979999999999997,-8763.35294117647,-17007.735294117647,-8669.264705882353,2.126470588235292,-15912.588235294117,-0.1058823529411761,-88.0,-56.0,13.0
Oregon,Holy Cross,2016,1,29.25,3.660150375939848,1.0488721804511272,-0.329323308270677,0.9796992481202995,-0.10902255639097724,3.3586466165413533,28.0,47.0,-15.0
Cincinnati,Saint Joseph's,2016,0,3.09,3.2525252525252526,-0.6489898989898997,0.6641414141414144,2.6767676767676774,0.5606060606060606,2.5126262626262625,-11.0,-21.0,1.0
Yale,Baylor,2016,1,-7.049999999999999,-0.16862745098039156,-1.7450980392156836,0.15686274509803866,-2.2450980392156863,-2.6686274509803916,0.5960784313725487,-724.33,0.0,7.0
UNC Wilmington,Duke,2016,0,-12.98,0.19696969696969724,7.280303030303031,-2.141414141414141,1.1767676767676765,-0.005050505050508747,0.05555555555555536,-20.0,-27.0,9.0
Northern Iowa,Texas,2016,1,-6.020000000000001,-5.583333333333333,-5.292929292929292,1.2474747474747483,0.6060606060606064,0.4924242424242422,-1.7525252525252522,91.0,46.0,5.0
Green Bay,Texas A&M,2016,0,-17.29,-0.16966966966967156,2.057057057057058,-0.5112612612612617,2.9174174174174174,-2.6238738738738743,1.016516516516516,-15.0,-9.0,11.0
Virginia Commonwealth,Oregon State,2016,1,3.4399999999999995,1.885416666666666,-0.4513888888888893,0.4652777777777777,-7366.416666666667,0.8055555555555554,0.4375,21.0,538.47,3.0
Cal State Bakersfield,Oklahoma,2016,0,-17.18,1.5454545454545432,4.397215397215398,-4.900081900081901,1.2940212940212943,1.1228501228501226,-0.0810810810810807,-66.0,-46.0,13.0
North Carolina,Providence,2016,1,11.500000000000002,2.7142857142857135,1.0642857142857132,-1.5142857142857142,6718.457142857143,1.9857142857142858,4421.4857142857145,22.0,38.0,-8.0
Kentucky,Indiana,2016,0,0.6400000000000006,1.0047619047619047,1.9309523809523839,-3.07936507936508,-1.106349206349206,-1.7777777777777803,1.8357142857142859,-732.31,-48.0,-1.0
Notre Dame,Stephen F. Austin,2016,1,4.869999999999999,-1.3284313725490176,-5.477124183006538,-0.6339869281045756,-3.645424836601305,-5.34313725490196,0.38398692810457513,7.0,-4.0,-8.0
Xavier,Wisconsin,2016,0,5.179999999999998,1.4521008403361364,3.1411764705882383,0.9571428571428573,1.3781512605042021,4.6890756302521,-0.28655462184873937,-702.27,32.0,-5.0
Virginia,Butler,2016,1,5.579999999999998,-2.361179361179362,-3.467649467649462,-1.097461097461097,-1.5004095004095008,0.7100737100737096,-0.026208026208026425,21.0,-563.42,-8.0
Utah,Little Rock,2016,0,8.379999999999999,0.3817460317460313,-3.0357142857142847,-0.016666666666666607,-1.0436507936507935,2.5865079365079335,1.1103174603174608,-8.0,35.0,-9.0
Iowa State,Gonzaga,2016,1,0.00999999999999801,-1.9253968253968257,-1.8198412698412714,0.5658730158730165,1.117460317460318,2.569047619047618,0.9738095238095239,-56.0,-586.41,-8.0
Middle Tennessee,Syracuse,2016,0,-11.959999999999999,-1.4841698841698818,3.8378378378378386,-0.5420849420849425,-1.9652509652509655,-0.32432432432432456,-0.8640926640926638,-72.0,4.0,5.0
Kansas,Connecticut,2016,1,7.98,1.190058479532162,0.6710526315789487,0.916666666666667,0.8245614035087723,2.31140350877193,-0.89766081871345,-80.0,37.0,-8.0
Hawaii,Maryland,2016,0,-7.6800000000000015,1.7859477124183005,3.635620915032682,-0.4460784313725492,1.7254901960784306,1.8856209150326801,-1.7418300653594772,-84.0,-39.0,8.0
Miami (FL),Wichita State,2016,1,1.129999999999999,-2.2285714285714278,-3.542857142857141,-0.2571428571428571,-1.1428571428571423,-1.4571428571428573,0.05714285714285694,32.0,51.0,-8.0
Iowa,Villanova,2016,0,-7.069999999999997,-8763.121212121212,-17008.696969696968,-8666.848484848484,-0.29242424242424203,-15909.151515151516,1.3272727272727285,-65.0,-51.0,5.0
Oregon,Saint Joseph's,2016,1,5.950000000000001,1.5204678362573087,1.5687134502923996,-0.13011695906432763,2.125730994152046,-1.2280701754385976,2.510233918128655,-1.0,14.0,-7.0
Yale,Duke,2016,0,-10.15,1.7333333333333325,0.9166666666666679,-2.7777777777777777,-0.6111111111111107,1.788888888888886,0.28888888888888875,-722.33,-18.0,8.0
Texas A&M,Northern Iowa,2016,1,9.67,7.475225225225224,2.4984984984984973,-0.6831831831831838,1.3603603603603602,4.623873873873874,0.9834834834834836,-85.0,-30.0,-8.0
Virginia Commonwealth,Oklahoma,2016,0,-5.9300000000000015,1.416666666666666,2.5840840840840826,-3.046546546546547,1.9076576576576585,-0.20795795795795868,-1.3310810810810807,-30.0,-34.0,8.0
North Carolina,Indiana,2016,1,3.8500000000000014,2.37142857142857,-0.5357142857142847,-4.257142857142858,6718.171428571429,1.6999999999999993,4421.085714285714,14.0,-51.0,-4.0
Wisconsin,Notre Dame,2016,0,-0.6999999999999993,0.788095238095238,1.68888888888889,-0.734920634920635,0.38492063492063444,-1.904761904761905,-0.7150793650793652,-39.0,-49.0,1.0
Little Rock,Virginia,2016,1,-14.919999999999998,0.5274131274131282,2.177606177606176,1.5459459459459453,1.193050193050193,-2.006177606177605,-0.18764478764478731,-23.0,552.42,11.0
Iowa State,Syracuse,2016,0,2.3100000000000005,-3.3413127413127413,-0.6764478764478756,-0.14208494208494216,-1.8795366795366801,3.1613899613899594,-0.3212355212355211,14.0,-532.41,-7.0
Kansas,Maryland,2016,1,7.16,1.7178362573099406,2.1154970760233915,0.583333333333333,0.8245614035087723,2.3391812865497084,-1.230994152046784,-55.0,-2.0,-4.0
Miami (FL),Villanova,2016,0,-5.559999999999999,-8765.57142857143,-17008.4,-8668.114285714286,-0.9071428571428566,-15912.485714285714,0.2285714285714291,-33.0,-15.0,1.0
Oregon,Duke,2016,1,-1.1799999999999997,-0.20175438596491446,1.0131578947368425,-2.269005847953216,0.959064327485379,0.32748538011695594,1.538011695906433,-8.0,-11.0,-3.0
Texas A&M,Oklahoma,2016,0,-1.3100000000000023,1.8918918918918912,1.0270270270270245,-2.72972972972973,0.35135135135135176,2.0270270270270263,-1.486486486486486,-50.0,-31.0,1.0
North Carolina,Notre Dame,2016,1,9.340000000000002,3.6166666666666654,2.8388888888888886,-1.677777777777778,6719.527777777777,4.366666666666665,4421.027777777777,5.0,-12.0,-5.0
Little Rock,Syracuse,2016,0,-7.499999999999999,-2.7698841698841683,2.1235521235521233,-0.9135135135135144,-1.5366795366795376,-0.43861003861003844,-1.3498069498069496,41.0,20.0,2.0
Villanova,Kansas,2016,1,0.2099999999999973,8764.421052631578,17006.07894736842,8667.0,0.3921052631578945,15909.105263157895,-0.7578947368421054,69.0,5.0,1.0
Oregon,Oklahoma,2016,0,-1.7100000000000009,0.6315789473684195,0.7361308677098144,-3.48221906116643,0.5611664295874812,-0.9082503556187778,0.7347083926031299,-7.0,-11.0,-1.0
Villanova,Oklahoma,2016,1,4.319999999999997,8764.0,17007.972972972973,8664.675675675675,0.3743243243243244,15910.486486486487,-1.6810810810810808,60.0,24.0,0.0
Syracuse,North Carolina,2016,0,-8.820000000000002,-2.172972972972973,-1.787837837837838,2.9135135135135144,-6716.891891891892,-4.375675675675675,-4420.621621621622,-59.0,-28.0,9.0
Villanova,North Carolina,2016,1,0.639999999999997,8760.8,17007.05,8669.4,-6717.95,15907.3,-4421.6,35.0,36.0,1.0
New Orleans,Mount St. Mary's,2017,0,0.1900000000000004,4.395833333333333,-0.21527777777777857,-2.90625,7868.833333333333,15613.805555555555,-0.9131944444444446,-672.29,16.0,0.0
Southern California,Providence,2017,1,0.2400000000000002,1.8409090909090917,-1.3813131313131315,0.6186868686868685,0.3939393939393936,1.0050505050505087,2.308080808080808,50.0,-546.44,0.0
North Carolina Central,UC Davis,2017,0,2.03,1.565359477124181,-1.8464052287581687,1.3611111111111107,0.5359477124183014,1.3120915032679719,0.016339869281046138,9.0,20.0,0.0
Kansas State,Wake Forest,2017,1,0.6100000000000012,-1.1471861471861473,-2.2424242424242387,-1.0640692640692642,2.197402597402597,-0.6294372294372295,0.047619047619047006,-85.0,-585.44,0.0
Mount St. Mary's,Villanova,2017,0,-28.09,-1.1111111111111116,3.472222222222223,-1.3888888888888893,-1.0277777777777777,-2.8333333333333357,0.916666666666667,672.21,-76.0,15.0
Wisconsin,Virginia Tech,2017,1,6.629999999999999,5.15970515970516,-0.18427518427518308,-1.139230139230139,2.7870597870597873,-1.4389844389844413,0.7559377559377558,-93.0,-61.0,-1.0
UNC Wilmington,Virginia,2017,0,-12.569999999999999,3.321848739495797,3.6184873949579845,2.776470588235294,1.0974789915966392,2.2025210084033624,-0.7731092436974789,-18.0,30.0,7.0
Florida,East Tennessee State,2017,1,15.09,1.355555555555556,-1.5817460317460323,0.15079365079365115,-0.8158730158730165,-2.242857142857142,0.01031746031746028,27.0,-31.0,-9.0
Southern Methodist,Southern California,2017,0,7.23,1.1357142857142861,-1.4039682539682552,0.3103174603174601,-1.2857142857142856,0.8936507936507905,-1.9349206349206347,-44.0,573.44,-5.0
Baylor,New Mexico State,2017,1,15.09,0.062184873949577835,-0.8126050420168092,-0.8403361344537821,0.26050420168067223,0.6899159663865557,0.9781512605042018,11.0,-6.0,-11.0
Marquette,South Carolina,2017,0,-2.26,-3.7905405405405403,19354.702702702703,3.7972972972972974,-0.5650337837837842,3.757601351351351,-0.24408783783783772,82.0,89.0,3.0
Duke,Troy,2017,1,22.029999999999998,-0.513513513513514,0.5675675675675613,0.0,0.1351351351351351,0.0,1.1621621621621618,37.0,23.0,-13.0
UC Davis,Kansas,2017,0,-28.740000000000002,-1.7777777777777786,1.3611111111111107,-2.6944444444444446,-1.333333333333334,-3.416666666666666,-1.2222222222222223,-4.0,-57.0,15.0
Michigan State,Miami (FL),2017,1,-0.8100000000000005,-1.6285714285714281,4.425974025974028,1.4666666666666668,-2.14025974025974,5.097835497835499,0.8406926406926409,-49.0,19.0,1.0
Nevada,Iowa State,2017,0,-10.020000000000001,1.9428571428571448,0.685714285714285,-0.6857142857142868,-2.371428571428571,0.17142857142857082,0.8000000000000007,704.3,-11.0,7.0
Purdue,Vermont,2017,1,13.459999999999999,0.5142857142857125,-0.08571428571428541,2.4571428571428573,-0.5142857142857142,4.685714285714285,-1.8285714285714283,756.3,588.42,-9.0
Creighton,Rhode Island,2017,0,4.389999999999999,-3.4285714285714253,-4.085714285714285,2.485714285714285,-0.40000000000000036,3.742857142857142,-2.971428571428572,14.0,54.0,-5.0
Oregon,Iona,2017,1,19.72,0.9355311355311358,-3.3706959706959765,-1.2073260073260084,-0.34139194139194107,0.286446886446889,3.2732600732600727,-56.0,13.0,-11.0
Oklahoma State,Michigan,2017,0,0.39000000000000057,6.389154704944179,7.094896331738438,-0.5909090909090917,1.8468899521531092,0.8588516746411479,0.1578947368421053,10.0,-18.0,3.0
Louisville,Jacksonville State,2017,1,25.32,3.298319327731093,1.2336134453781504,-0.371428571428571,2.1907563025210086,-0.5268907563025191,1.642016806722689,-28.0,-16.0,-13.0
Texas Southern,North Carolina,2017,0,-31.25,-4.2928571428571445,-17757.657142857144,-7069.142857142857,-7067.828571428571,-6.307142857142859,-3471.8571428571427,34.0,530.45,15.0
Arkansas,Seton Hall,2017,1,1.9399999999999995,-2.1641414141414153,1.9520202020202078,0.3510101010101012,0.8131313131313131,1.5328282828282838,2.2373737373737375,118.0,32.0,-1.0
Minnesota,Middle Tennessee,2017,0,4.76,1.2565359477124165,-1.223856209150327,-0.1862745098039209,-1.0163398692810457,-0.42156862745098245,3.8986928104575167,12.0,-39.0,-7.0
Butler,Winthrop,2017,1,16.36,-1.1345811051693406,0.4901960784313779,-1.80837789661319,-0.48663101604278136,0.5053475935828899,-2.297682709447415,24.0,13.0,-9.0
Kansas State,Cincinnati,2017,0,-3.629999999999999,-2.7103174603174605,2.2777777777777803,-0.2761904761904761,0.4928571428571429,-0.5865079365079335,-1.0912698412698418,8.0,-546.44,5.0
UCLA,Kent State,2017,1,19.790000000000003,-5.444444444444439,-2.8333333333333357,2.6944444444444446,-0.5,8.944444444444448,1.583333333333333,19.0,97.0,-11.0
Dayton,Wichita State,2017,0,-8.259999999999998,-3.3993055555555554,0.0034722222222214327,-0.5486111111111107,1.2534722222222223,15608.722222222223,0.11111111111111116,-732.31,-8.0,-3.0
Kentucky,Northern Kentucky,2017,1,24.05,1.1969924812030097,1.070676691729318,-1.545112781954887,0.31203007518796966,1.5090225563909776,2.4631578947368427,703.32,7.0,-13.0
South Dakota State,Gonzaga,2017,0,-27.560000000000002,-0.6637362637362632,-0.23736263736263652,1.7523809523809506,-1.6520146520146515,-2.1421245421245416,-2.320879120879121,54.0,-15.0,15.0
Northwestern,Vanderbilt,2017,1,0.33000000000000007,2.550793650793649,2.5944444444444414,-2.802380952380953,1.0499999999999998,2.1706349206349227,1.061111111111111,-29.0,-29.0,-1.0
Princeton,Notre Dame,2017,0,-11.239999999999998,-1.0444444444444478,1.261111111111111,0.6555555555555532,-0.4166666666666661,-1.5222222222222204,-0.6222222222222222,737.2,-11.0,7.0
West Virginia,Bucknell,2017,1,18.56,5.8038610038610035,1.7181467181467163,-0.7389961389961393,2.827027027027026,1.8339768339768359,0.9281853281853283,4.0,-33.0,-9.0
Maryland,Xavier,2017,0,-2.0100000000000016,-1.2320574162679439,-0.13476874003190886,1.2161084529505581,-0.5454545454545459,-0.433811802232853,2.035087719298246,11.0,5.0,-5.0
Florida State,Florida Gulf Coast,2017,1,16.61,0.538655462184872,0.866386554621851,0.15714285714285747,1.3117647058823536,-0.9000000000000004,1.7310924369747904,-13.0,-13.0,-11.0
Virginia Commonwealth,Saint Mary's (CA),2017,0,-5.18,1.4991596638655462,5.741176470588236,-2.931932773109243,3.3084033613445376,-1.5588235294117645,0.7075630252100842,-40.0,-58.0,3.0
Arizona,North Dakota,2017,1,20.08,0.9890202702702702,-4.108108108108109,-7118.405405405405,-2.4113175675675675,-1.6782094594594597,0.3099662162162158,52.0,-572.42,-13.0
Villanova,Wisconsin,2017,0,4.400000000000002,-3.654654654654653,-1.9647147147147148,0.990240240240241,0.4376876876876876,0.4061561561561611,-0.4857357357357359,-643.21,70.0,-7.0
Florida,Virginia,2017,1,1.7699999999999996,2.8202614379084974,2.0081699346405237,0.8986928104575167,1.9673202614379086,-1.4117647058823515,0.5800653594771248,20.0,8.0,-1.0
Southern California,Baylor,2017,0,-8.27,-2.135714285714286,-1.7674603174603192,1.2896825396825395,1.8571428571428568,-0.26507936507936414,0.5349206349206348,18.0,-561.44,8.0
South Carolina,Duke,2017,1,-4.039999999999999,2.0,2.0540540540540597,-1.7027027027027026,1.6756756756756763,-0.43243243243243157,-0.8108108108108105,-63.0,-70.0,5.0
Michigan State,Kansas,2017,0,-9.860000000000001,-2.5174603174603174,2.2214285714285715,-1.033333333333334,-2.6301587301587306,0.6634920634920647,0.128571428571429,-9.0,-20.0,8.0
Purdue,Iowa State,2017,1,-0.38000000000000256,0.7428571428571455,-0.14285714285714413,-0.8285714285714292,-2.5999999999999996,2.485714285714284,-1.057142857142857,756.3,17.0,-1.0
Rhode Island,Oregon,2017,0,-7.92,1.1216117216117194,4.970695970695971,-2.3641025641025637,-0.00146520146520146,-2.400732600732601,-0.47326007326007247,-44.0,-44.0,8.0
Michigan,Louisville,2017,1,-3.669999999999998,-6.072755417956657,-4.15015479876161,2.5,-0.8869969040247669,0.30959752321981604,-2.628482972136223,93.0,58.0,5.0
Arkansas,North Carolina,2017,0,-10.8,-4.611111111111111,-17754.472222222223,-7068.527777777777,-7067.277777777777,-4.244444444444445,-3470.277777777778,60.0,557.45,7.0
Butler,Middle Tennessee,2017,1,7.899999999999999,-1.4199346405228752,0.6290849673202636,1.3431372549019613,-0.6633986928104578,-2.0098039215686256,0.045751633986928386,42.0,14.0,-8.0
Cincinnati,UCLA,2017,0,-2.240000000000002,2.611111111111109,-0.4722222222222232,-2.500000000000001,1.3611111111111107,-5.944444444444448,-0.5,-52.0,-71.0,3.0
Kentucky,Wichita State,2017,1,2.6400000000000006,0.3128654970760252,0.06432748538011168,-1.5847953216374266,-0.5014619883040936,-0.8830409356725148,1.3742690058479536,-29.0,-15.0,-8.0
Northwestern,Gonzaga,2017,0,-11.240000000000002,1.029914529914528,2.2713675213675195,-0.25,-1.5448717948717947,-0.22863247863247516,0.1688034188034182,31.0,-62.0,7.0
West Virginia,Notre Dame,2017,1,6.640000000000001,5.154654654654651,5.626876876876876,-1.8453453453453488,2.9436936936936933,0.6831831831831874,1.0345345345345347,684.2,-28.0,-1.0
Florida State,Xavier,2017,0,4.07,-0.18270676691729726,0.8323308270676648,-0.3691729323308266,1.4000000000000004,-0.13684210526315788,2.5112781954887224,1.0,14.0,-8.0
Arizona,Saint Mary's (CA),2017,1,1.5,0.7408585055643879,1.8330683624801267,-2.0230524642289343,1.2265500794912558,-3.018282988871224,-0.01907790143084309,20.0,-601.42,-5.0
Wisconsin,Florida,2017,0,-3.0,0.8768768768768762,-2.0908408408408405,-0.07357357357357408,-0.7987987987987983,1.1216216216216193,-1.1253753753753757,-85.0,-14.0,4.0
South Carolina,Baylor,2017,1,-2.2300000000000004,-0.34517374517374577,2.6687258687258684,0.13127413127413146,2.640926640926641,-2.8942084942084954,-0.9050193050193052,-24.0,-44.0,4.0
Purdue,Kansas,2017,0,-3.400000000000002,-2.06031746031746,-1.9785714285714278,0.16666666666666607,-1.773015873015873,2.0634920634920633,-2.0142857142857142,79.0,6.0,3.0
Oregon,Michigan,2017,1,2.0,3.195681511470985,0.7172739541160613,-0.9358974358974361,0.6977058029689598,1.875168690958164,3.516869095816464,-67.0,-19.0,-4.0
Butler,North Carolina,2017,0,-7.140000000000001,-7.3088235294117645,-17756.176470588234,-7067.323529411765,-7068.941176470588,-4.726470588235292,-3472.176470588235,40.0,580.45,3.0
Kentucky,UCLA,2017,1,3.2099999999999973,2.8406432748538,2.6476608187134474,-2.80701754385965,0.1374269005847948,-6.021929824561404,-0.04239766081871288,-34.0,-54.0,-1.0
West Virginia,Gonzaga,2017,0,-0.8100000000000023,4.74012474012474,3.509355509355508,0.09909909909909853,3.2321552321552316,1.1489951489951515,0.06444906444906451,-32.0,-51.0,3.0
Xavier,Arizona,2017,1,-3.4499999999999993,1.5981507823613104,1.8186344238975884,0.43172119487908933,0.5675675675675675,1.1963015647226172,-0.584637268847795,-77.0,551.42,9.0
Florida,South Carolina,2017,0,4.879999999999999,-0.984984984984985,-1.9361861861861875,1.0195195195195197,-0.22822822822822886,-0.14864864864864913,0.8010510510510516,30.0,38.0,-3.0
Oregon,Kansas,2017,1,-2.7300000000000004,-1.3247863247863254,-2.0064102564102555,-0.26923076923077005,-0.4572649572649574,-0.47863247863247693,1.8589743589743586,34.0,-1.0,2.0
Kentucky,North Carolina,2017,0,-0.9600000000000009,-3.3815789473684195,-17756.157894736843,-7067.973684210527,-7068.973684210527,-2.655263157894737,-3469.7368421052633,3.0,563.45,1.0
Gonzaga,Xavier,2017,1,10.46,-2.176113360323889,-1.7874493927125563,0.30701754385964897,0.7948717948717947,0.519568151147098,2.0607287449392717,29.0,44.0,-10.0
Oregon,North Carolina,2017,0,-4.039999999999999,-5.185897435897436,-17759.25641025641,-7066.4358974358975,-7068.51282051282,-2.306410256410256,-3468.641025641026,11.0,581.45,2.0
Gonzaga,South Carolina,2017,1,7.740000000000002,-2.8482328482328487,-3.374220374220375,0.6306306306306304,-0.9889119889119895,2.6077616077616064,0.8544698544698548,18.0,78.0,-6.0
Gonzaga,North Carolina,2017,0,0.4200000000000017,-6.057692307692308,-17758.076923076922,-7067.666666666667,-7068.205128205128,-2.793589743589745,-3470.3076923076924,16.0,595.45,0.0
Radford,Long Island University,2018,1,5.9799999999999995,0.9563492063492092,-3.0730158730158728,-0.2769841269841269,0.734920634920635,-0.35079365079364777,-0.25476190476190563,29.0,-27.0,0.0
UCLA,St. Bonaventure,2018,0,3.200000000000001,0.0944741532976856,-1.8841354723707688,1.8939393939393945,-1.4536541889483061,1.1176470588235272,0.499108734402852,-751.28,8.0,0.0
Syracuse,Arizona State,2018,1,-1.4799999999999986,2.1021959459459456,-18858.486486486487,-3.378378378378378,0.4417229729729728,-3.6368243243243246,1.7888513513513518,3.0,-58.0,0.0
North Carolina Central,Texas Southern,2018,0,-5.6499999999999995,1.5238095238095237,1.0436507936507944,-1.7206349206349207,-0.6357142857142861,3.404761904761905,-0.6849206349206347,-38.0,-10.0,0.0
Villanova,Radford,2018,1,29.26,9613.472222222223,16108.444444444445,3.905555555555555,6468.722222222223,16362.722222222223,1.1333333333333333,54.0,95.0,-15.0
Virginia Tech,Alabama,2018,0,2.01,-2.545454545454546,-2.929292929292931,2.396464646464647,-0.545454545454545,3.702020202020206,-3.090909090909091,708.33,601.45,-1.0
West Virginia,Murray State,2018,1,13.02,3.4248310810810807,4.098817567567568,0.23395270270270352,1.385135135135135,0.4434121621621596,1.9391891891891895,32.0,-48.0,-7.0
Wichita State,Marshall,2018,0,12.369999999999997,4.133838383838382,0.4368686868686851,-0.9646464646464636,-2.333333333333333,1.4015151515151523,-1.9570707070707067,-25.0,0.0,-9.0
Florida,St. Bonaventure,2018,1,7.790000000000001,0.676470588235297,-2.4411764705882355,1.5588235294117645,-0.0588235294117645,-0.7941176470588243,1.3529411764705879,-34.0,-560.46,-5.0
Stephen F. Austin,Texas Tech,2018,0,-16.72,0.48571428571428577,3.776061776061777,0.10347490347490407,3.233204633204636,-0.06872586872586872,-1.2131274131274132,1.0,21.0,11.0
Butler,Arkansas,2018,1,2.160000000000002,-0.7714285714285705,-1.6571428571428584,0.5142857142857133,0.40000000000000036,-0.3428571428571452,-1.8000000000000003,95.0,-564.43,3.0
Cal State Fullerton,Purdue,2018,0,-24.34,0.12837837837837895,2.3868243243243246,-4.32179054054054,0.5785472972972974,-3.5684121621621614,-1.552364864864865,-14.0,-47.0,13.0
Kansas,Pennsylvania,2018,1,19.15,1.193473193473194,-1.843822843822844,1.2074592074592072,0.6340326340326339,1.2470862470862478,1.3146853146853141,49.0,39.0,-15.0
NC State,Seton Hall,2018,0,-2.76,-0.08377896613190572,0.39572192513368876,0.6167557932263819,1.2174688057040992,0.5909090909090899,0.2557932263814613,-2.0,4.0,1.0
Clemson,New Mexico State,2018,1,8.1,-3.6159663865546214,-1.6504201680672281,0.640336134453781,0.09831932773109298,-0.9184873949579835,1.799159663865546,112.0,28.0,-7.0
College of Charleston,Auburn,2018,0,-14.14,-3.5588235294117645,-3.205882352941181,-1.9117647058823533,-2.2058823529411766,-2.7647058823529385,-1.7941176470588234,-20.0,10.0,9.0
Syracuse,TCU,2018,1,-3.4899999999999984,0.7944307944307933,-0.24406224406224553,-2.681408681408681,0.4881244881244884,-7.960687960687965,1.7452907452907458,30.0,517.41,5.0
Bucknell,Michigan State,2018,0,-17.92,-2.2857142857142847,0.4285714285714306,-0.2857142857142865,1.4571428571428573,-4.7142857142857135,-2.8285714285714283,-28.0,-25.0,11.0
Rhode Island,Oklahoma,2018,1,-2.0,0.8474264705882355,1.7518382352941195,-9368.058823529413,0.8235294117647056,0.32536764705882426,-1.2481617647058822,-49.0,-30.0,-3.0
Iona,Duke,2018,0,-23.68,-4.846581875993639,1.751192368839428,1.1780604133545314,-0.6971383147853727,-1.5723370429252768,-1.9705882352941178,737.29,-17.0,13.0
Maryland-Baltimore County,Virginia,2018,1,-24.22,1.3725490196078418,2.3267973856209156,2.8464052287581696,0.6486928104575167,1.723856209150327,-1.2303921568627456,-108.0,-554.45,15.0
Creighton,Kansas State,2018,0,3.5000000000000018,-0.6707616707616699,-3.304668304668306,3.5290745290745296,-2.2792792792792786,4.034398034398032,-0.3063063063063063,14.0,598.44,-1.0
Kentucky,Davidson,2018,1,6.219999999999999,4.97952497952498,3.730548730548726,-5.426699426699425,0.9246519246519247,-3.4807534807534797,2.7870597870597877,-100.0,-47.0,-7.0
Arizona,Buffalo,2018,0,7.68,-1.858730158730161,-3.7436507936507937,-2.9785714285714286,-1.307142857142857,-1.4119047619047613,0.4587301587301589,-698.24,26.0,-9.0
Loyola (IL),Miami (FL),2018,1,-2.460000000000001,-3.6743421052631575,-2.2927631578947363,-0.42927631578947345,-0.2203947368421053,2.3815789473684195,-1.6940789473684212,63.0,51.0,5.0
Wright State,Tennessee,2018,0,-17.62,-1.3714285714285737,-3.485714285714282,-1.0285714285714285,0.25714285714285623,-2.571428571428571,-2.257142857142857,-42.0,-20.0,11.0
Nevada,Texas,2018,1,0.47999999999999865,-1.3744038155802834,0.9387917329093796,2.361685214626392,0.06915739268680365,4.573926868044513,-0.887122416534182,78.0,55.0,-3.0
Georgia State,Cincinnati,2018,0,-17.03,-4.476984126984126,2.6738095238095223,1.95079365079365,0.20317460317460334,-2.833333333333334,-0.8174603174603181,-14.0,19.0,13.0
Xavier,Texas Southern,2018,1,26.59,-0.4761904761904763,-0.3277777777777793,0.05079365079365061,0.10714285714285676,4.376190476190478,-0.9134920634920634,54.0,53.0,-15.0
Missouri,Florida State,2018,0,-1.9699999999999989,-1.2805194805194802,-0.6285714285714299,1.4727272727272718,-1.7341991341991347,-1.518614718614721,-1.0718614718614718,43.0,11.0,-1.0
Ohio State,South Dakota State,2018,1,10.830000000000002,0.9663865546218506,1.442857142857143,-3.656302521008401,1.2327731092436975,1.3336134453781483,1.5966386554621854,-31.0,-0.020000000000000018,-7.0
UNC Greensboro,Gonzaga,2018,0,-13.900000000000002,0.7806949806949852,1.5173745173745203,0.5922779922779906,1.3042471042471044,-1.3289575289575275,0.14980694980694986,-10.0,-45.0,9.0
Houston,San Diego State,2018,1,3.76,0.5662337662337649,3.966233766233767,1.2432900432900436,-0.013852813852813561,-0.35930735930735835,-0.21385281385281374,3.0,10.0,-5.0
Montana,Michigan,2018,0,-12.740000000000002,3.4088952654232454,5.375896700143473,-3.33428981348637,1.3988522238163554,-1.68005738880918,0.2797704447632712,45.0,-15.0,11.0
Texas A&M,Providence,2018,1,4.1800000000000015,1.799999999999999,-1.4285714285714306,0.20000000000000018,-1.371428571428571,1.5142857142857142,2.3142857142857154,-43.0,4.0,-3.0
Lipscomb,North Carolina,2018,0,-22.17,-3.325962325962326,4.013923013923016,-0.15233415233415215,0.7886977886977888,-2.5495495495495515,-0.9901719901719899,-25.0,6.0,13.0
Villanova,Alabama,2018,1,14.3,9615.0,16106.222222222223,5.238888888888889,6468.666666666667,16362.277777777777,-1.2833333333333332,778.33,622.45,-8.0
Marshall,West Virginia,2018,0,-15.68,-5.942192192192191,-4.428678678678679,1.3528528528528518,-1.135135135135135,1.9211711711711725,0.6163663663663659,-2.0,40.0,8.0
Texas Tech,Florida,2018,1,2.719999999999999,0.20588235294117574,0.6987281399046097,-2.248012718600954,0.11049284578696295,1.209062003179648,-0.5532591414944354,-14.0,554.46,-3.0
Butler,Purdue,2018,0,-6.489999999999998,0.635521235521237,2.667181467181466,-1.340540540540541,0.9258687258687264,-2.19073359073359,-2.0077220077220077,33.0,-605.43,8.0
Kansas,Seton Hall,2018,1,5.720000000000001,-2.466063348416288,-2.751131221719456,2.6726998491704377,0.3363499245852184,1.1410256410256423,0.6613876319758667,10.0,36.0,-7.0
Auburn,Clemson,2018,0,-1.1899999999999995,3.0277310924369747,3.6504201680672317,1.3008403361344545,1.7546218487394958,0.9184873949579835,0.4655462184873951,19.0,-9.0,-1.0
Syracuse,Michigan State,2018,1,-9.52,0.37451737451737444,-1.7722007722007724,-2.6640926640926645,2.8872586872586874,-8.467181467181467,-1.82007722007722,-11.0,-83.0,8.0
Rhode Island,Duke,2018,0,-12.62,-1.964228934817168,3.4570747217806055,-1.4101748807631145,-0.10890302066772595,-2.219395866454688,-1.5294117647058822,696.29,-47.0,5.0
Kansas State,Maryland-Baltimore County,2018,1,14.87,-1.4504504504504503,2.042042042042045,-3.246246246246246,0.4737237237237233,-1.4106606606606604,0.5563063063063063,88.0,0.010000000000000009,-7.0
Buffalo,Kentucky,2018,0,-9.249999999999998,0.02552552552552534,1.999249249249253,4.47972972972973,0.6283783783783781,3.3671171171171164,-0.7012012012012017,1.0,17.0,8.0
Loyola (IL),Tennessee,2018,1,-7.83,-5.279699248120302,-5.533834586466163,-0.5105263157894733,-0.0007518796992487253,-0.08270676691729406,-2.0887218045112785,-32.0,53.0,8.0
Cincinnati,Nevada,2018,0,5.8100000000000005,4.0623123123123115,-1.4436936936936942,-2.2897897897897908,0.8948948948948949,-0.32882882882882747,1.334834834834835,-51.0,-39.0,-5.0
Florida State,Xavier,2018,1,-3.2799999999999994,1.5142857142857142,1.4285714285714306,-0.02857142857142847,1.0285714285714294,-1.5999999999999996,2.1999999999999997,-88.0,-39.0,8.0
Ohio State,Gonzaga,2018,0,-0.7699999999999996,-1.3386327503974513,0.4459459459459474,-1.8354531001589827,-0.17726550079491243,-0.5667726550079522,0.2607313195548495,23.0,-592.43,1.0
Michigan,Houston,2018,1,3.040000000000001,-3.2425087108013937,-5.374216027874565,0.31916376306620187,0.13728222996515704,-0.1602787456446002,0.04459930313588867,-57.0,1.0,-3.0
North Carolina,Texas A&M,2018,0,4.77,1.467953667953667,-0.5351351351351354,1.6718146718146727,0.3281853281853282,2.8447876447876457,-1.8903474903474917,82.0,13.0,-5.0
Villanova,West Virginia,2018,1,6.75,9610.918918918918,16103.432432432432,2.897297297297296,6466.864864864865,16359.837837837838,-1.1391891891891897,13.0,80.0,-4.0
Purdue,Texas Tech,2018,0,4.030000000000001,-2.378378378378379,-2.4054054054054053,2.72972972972973,-1.378378378378378,1.864864864864865,0.5945945945945947,39.0,51.0,-1.0
Kansas,Clemson,2018,1,4.23,0.826373626373627,-0.8065934065934055,1.7970695970695978,0.8556776556776553,3.4124542124542145,-0.7260073260073261,-47.0,28.0,-4.0
Syracuse,Duke,2018,0,-11.54,-1.4594594594594579,0.9999999999999982,-2.729729729729729,-0.45945945945945876,-6.837837837837837,0.35135135135135176,735.29,-68.0,9.0
Kansas State,Kentucky,2018,1,-4.389999999999999,-3.7027027027027035,-0.48648648648648063,1.5945945945945947,2.3243243243243237,0.5675675675675684,-1.7837837837837842,36.0,-554.44,4.0
Nevada,Loyola (IL),2018,0,4.07,2.9800853485064014,3.1322901849217644,2.278093883357042,-0.1258890469416789,0.5305832147937419,1.6856330014224756,18.0,-20.0,-4.0
Florida State,Gonzaga,2018,1,-2.660000000000002,0.20926640926641227,1.5745173745173773,-1.064864864864865,0.5613899613899616,-0.30038610038609903,1.6926640926640926,-17.0,-31.0,5.0
Texas A&M,Michigan,2018,0,-3.7300000000000004,3.9282229965156805,0.7170731707317071,-2.2334494773519165,-0.9372822299651569,1.1031358885017433,2.8982578397212553,0.0,-26.0,4.0
Villanova,Texas Tech,2018,1,7.260000000000002,9614.0,16106.918918918918,4.789189189189189,6467.918918918919,16360.702702702703,-0.22027027027027035,75.0,68.0,-2.0
Duke,Kansas,2018,0,3.039999999999999,3.6361746361746334,0.20582120582120567,-1.6742896742896747,0.9196119196119188,0.87248787248787,0.8974358974358978,-707.29,-8.0,1.0
Loyola (IL),Kansas State,2018,1,-2.4800000000000004,-1.9530583214793733,-4.591749644381224,0.42460881934566164,-1.603840682788051,1.8477951635846352,-0.604551920341394,-9.0,601.44,2.0
Florida State,Michigan,2018,0,-3.2500000000000018,2.956794425087109,2.9456445993031384,-1.0048780487804878,0.5198606271777004,0.6745644599303162,2.241114982578397,30.0,-2.0,6.0
Villanova,Loyola (IL),2018,1,16.270000000000003,9618.736842105263,16111.105263157895,4.310526315789473,6468.6578947368425,16359.368421052632,1.681578947368421,54.0,21.0,-10.0
Kansas,Michigan,2018,0,2.3599999999999994,1.3545966228893072,-0.37523452157598314,1.220762976860538,0.14696685428392708,2.3727329580988137,1.029393370856785,47.0,30.0,-2.0
Villanova,Michigan,2018,1,7.609999999999999,9616.585365853658,16109.317073170732,2.795121951219512,6468.634146341464,16360.731707317073,0.9768292682926827,118.0,59.0,-2.0
North Carolina Central,North Dakota State,2019,0,-7.52,5.192436974789915,2.9983193277310907,-2.9857142857142858,1.5168067226890756,3.984873949579832,0.2495798319327731,-59.0,-31.0,0.0
Belmont,Temple,2019,1,0.9499999999999993,-0.9090909090909101,-2.1818181818181817,2.90909090909091,-1.9393939393939386,5.121212121212123,1.5757575757575761,10.0,69.0,0.0
Prairie View,Fairleigh Dickinson,2019,0,-1.2000000000000002,1.9714285714285715,5.142857142857142,-1.2571428571428571,1.3714285714285719,-1.1714285714285726,-2.2,-44.0,-575.47,0.0
Arizona State,St. John's (NY),2019,1,2.3999999999999995,3.970588235294117,0.735294117647058,-1.4411764705882355,-2.61764705882353,-0.3823529411764728,-0.0588235294117645,-718.32,-5.0,0.0
North Dakota State,Duke,2019,0,-30.909999999999997,-6.4834586466165405,-0.7150375939849596,2.169924812030075,-4.533834586466165,-4.461654135338346,-4.277443609022557,91.0,15.0,15.0
Central Florida,Virginia Commonwealth,2019,1,1.4099999999999984,-1.3030303030303045,-2.9090909090908994,-0.18181818181818166,-2.2424242424242413,-0.33333333333333215,0.06060606060606144,-52.0,22.0,1.0
Mississippi State,Liberty,2019,0,10.690000000000001,4.0588235294117645,2.151960784313724,-0.3562091503267979,1.8643790849673199,-0.6307189542483691,2.392156862745098,-58.0,-22.0,-7.0
Virginia Tech,Saint Louis,2019,1,14.220000000000002,-4.809523809523808,-2.4111111111111114,3.6484126984126988,-0.3126984126984125,2.3936507936507905,-1.799206349206349,163.0,96.0,-9.0
Belmont,Maryland,2019,0,-6.890000000000002,-2.450980392156861,-0.046345811051693886,3.1292335115864534,2.313725490196079,6.3983957219251355,-1.0062388591800353,-6.0,602.45,5.0
Louisiana State,Yale,2019,1,10.98,4.5095238095238095,1.114285714285721,-0.9238095238095241,2.9000000000000004,-3.8523809523809494,-0.1380952380952376,14.0,-31.0,-11.0
Louisville,Minnesota,2019,0,4.760000000000002,-1.0196078431372548,1.3267973856209139,3.341503267973856,-0.4787581699346397,-1.0571895424836626,-0.977124183006536,95.0,32.0,-3.0
Michigan State,Bradley,2019,1,25.009999999999998,1.6725274725274737,-1.0388278388278387,1.322344322344322,-0.16043956043955987,6.247619047619045,1.484981684981685,61.0,54.0,-13.0
Iona,North Carolina,2019,0,-28.720000000000002,-4.674242424242424,0.11868686868686851,0.3333333333333339,-0.2424242424242422,-5.742424242424237,-0.606060606060606,2.0,567.44,15.0
Washington,Utah State,2019,1,0.02999999999999936,-1.493650793650792,-0.4039682539682552,-0.24523809523809526,2.829365079365078,-5.446825396825396,1.5222222222222221,-53.0,-24.0,1.0
New Mexico State,Auburn,2019,0,-10.79,-11412.285714285714,-18256.942857142858,-2.035714285714283,-9219.371428571429,0.38571428571428257,-2.15,-33.0,-7.0,7.0
Kansas,Northeastern,2019,1,14.400000000000002,3.4183006535947715,1.091503267973854,-2.424836601307189,0.5441176470588234,-0.8398692810457469,1.6846405228758172,-46.0,-42.0,-9.0
Iowa State,Ohio State,2019,0,4.18,-0.02857142857142847,-3.0285714285714285,0.8571428571428577,1.1714285714285708,0.9428571428571413,2.142857142857143,-2.0,574.46,-5.0
Houston,Georgia State,2019,1,16.47,4.0786963434022265,1.9069952305246396,-0.7058823529411757,-1.4252782193958664,2.604928457869635,-0.29570747217806037,37.0,-564.45,-11.0
Seton Hall,Wofford,2019,0,-3.67,0.1890756302520984,1.9361344537815164,-3.9411764705882355,0.2546218487394958,-1.5857142857142836,0.882352941176471,2.0,-65.0,3.0
Kentucky,Abilene Christian,2019,1,23.34,1.9817170111287759,-2.460254372019076,-1.5715421303656605,-2.7893481717011124,-1.9006359300476952,2.021462639109698,27.0,6.0,-13.0
Gardner-Webb,Virginia,2019,0,-28.07,-1.2571428571428571,1.765413533834586,-0.4187969924812034,1.2473684210526317,0.027067669172932796,-1.0353383458646617,-33.0,586.42,15.0
Oklahoma,Mississippi,2019,1,2.9800000000000004,-0.78698752228164,-2.7727272727272805,-1.59536541889483,-1.1506238859180034,-1.7468805704099832,-0.5757575757575761,-86.0,-34.0,1.0
Wisconsin,Oregon,2019,0,3.9499999999999993,-1.1764705882352935,-2.4705882352941178,-0.6749226006191948,-2.4256965944272446,-0.5371517027863781,-0.14551083591331349,-73.0,-18.0,-7.0
UC Irvine,Kansas State,2019,1,-9.690000000000001,2.035771065182832,2.012718600953896,-0.2774244833068362,-1.8537360890302068,-0.7011128775834656,1.8998410174880762,35.0,542.48,9.0
Saint Mary's (CA),Villanova,2019,0,-1.75,-0.5457516339869279,0.7124183006535958,-3.11437908496732,0.522875816993464,-3.9428104575163374,-0.38562091503268014,14.0,3.0,5.0
Purdue,Old Dominion,2019,1,17.659999999999997,-0.2484126984127002,0.7896825396825378,2.5960317460317466,0.4825396825396817,1.8460317460317448,-0.5992063492063489,56.0,64.0,-11.0
Cincinnati,Iowa,2019,0,0.2599999999999998,2.428571428571429,-0.05714285714285694,-1.5142857142857133,0.08571428571428541,-2.171428571428569,1.2285714285714286,-35.0,-41.0,-3.0
Tennessee,Colgate,2019,1,20.32,1.0432432432432446,2.047104247104249,-2.0617760617760617,-0.1127413127413126,2.380694980694983,1.9212355212355208,12.0,2.0,-13.0
Fairleigh Dickinson,Gonzaga,2019,0,-33.879999999999995,-0.3389961389961407,0.21698841698841775,-0.07104247104247108,-0.05637065637065586,-4.1683397683397665,-1.7420849420849418,-36.0,575.38,15.0
Baylor,Syracuse,2019,1,-0.34999999999999964,2.5588235294117663,1.411764705882355,0.0,-2.0294117647058814,1.9117647058823515,-0.08823529411764675,-8.0,9.0,1.0
Marquette,Murray State,2019,0,5.8199999999999985,-0.9010695187165787,2.7067736185383247,1.5641711229946544,-2.6042780748663095,-4.497326203208559,-0.25044563279857446,24.0,-14.0,-7.0
Florida State,Vermont,2019,1,13.11,2.356120826709061,2.348171701112875,-0.6780604133545305,1.6597774244833072,1.1025437201907824,0.35135135135135176,-4.0,-23.0,-9.0
Arizona State,Buffalo,2019,0,-5.280000000000001,-0.8202614379084974,1.5473856209150263,-2.496732026143791,-1.0408496732026142,-3.1388888888888893,-0.6830065359477122,-686.32,-18.0,5.0
Texas Tech,Northern Kentucky,2019,1,18.119999999999997,-2.1105263157894747,-1.5240601503759414,-1.4533834586466154,1.087218045112782,-3.282706766917295,0.9233082706766909,66.0,-7.0,-11.0
Nevada,Florida,2019,0,0.5800000000000001,-0.8578431372549016,0.12091503267973636,0.6519607843137241,-0.9330065359477127,2.508169934640522,0.3022875816993471,-13.0,0.039999999999999925,-3.0
Michigan,Montana,2019,1,20.32,-0.2903474903474912,-4.822393822393824,-0.44324324324324227,-0.461776061776062,-0.7335907335907308,0.9984555984555987,12.0,-43.0,-13.0
Central Florida,Duke,2019,0,-13.53,-3.48086124401914,1.1299840510366845,-0.37639553429027117,-3.377990430622008,-2.6443381180223273,-2.2177033492822966,-37.0,-4.0,8.0
Virginia Tech,Liberty,2019,1,14.010000000000002,1.3571428571428577,0.11666666666666536,0.3984126984126988,0.5484126984126982,0.3936507936507905,-0.43809523809523787,-14.0,-8.0,-8.0
Maryland,Louisiana State,2019,0,-0.48999999999999844,-2.025210084033615,-2.6436974789916032,0.5218487394957982,-4.447058823529413,0.23277310924369488,0.5655462184873947,-9.0,-552.45,3.0
Michigan State,Minnesota,2019,1,12.41,-0.5512820512820493,0.5341880341880341,2.8739316239316235,0.29273504273504347,3.8055555555555483,1.3675213675213675,71.0,64.0,-8.0
Washington,North Carolina,2019,0,-11.930000000000001,-3.9722222222222197,1.1666666666666679,-1.083333333333333,1.9722222222222214,-7.194444444444439,2.3888888888888893,-48.0,550.44,8.0
Auburn,Kansas,2019,1,2.4899999999999984,11414.611111111111,18258.055555555555,4.127777777777777,9218.25,1.0222222222222204,0.8888888888888888,6.0,14.0,1.0
Ohio State,Houston,2019,0,-5.02,-2.736679536679537,-1.254054054054052,-1.4571428571428573,-0.6007722007722007,-0.6965250965250966,-1.9227799227799234,31.0,-0.010000000000000009,8.0
Kentucky,Wofford,2019,1,7.51,1.1119691119691115,-0.6123552123552116,-5.1891891891891895,-0.7111969111969119,-1.5451737451737433,1.756756756756757,35.0,-27.0,-5.0
Oklahoma,Virginia,2019,0,-10.16,-0.02941176470588225,1.2368421052631575,-1.8003095975232197,0.4179566563467496,-1.6687306501547994,-0.9210526315789473,-47.0,533.42,8.0
Oregon,UC Irvine,2019,1,8.25,-2.0945945945945965,-0.6891891891891895,0.9523470839260311,1.9559032716927458,0.23826458036984377,0.1280227596017074,19.0,6.0,-1.0
Villanova,Purdue,2019,0,-7.0699999999999985,-1.472222222222225,-1.25,0.4166666666666661,-0.7222222222222214,-0.4166666666666696,-1.0277777777777777,9.0,2.0,3.0
Tennessee,Iowa,2019,1,7.280000000000001,0.04324324324324458,1.5328185328185349,-1.0617760617760617,-0.055598455598455665,2.352123552123553,2.178378378378378,15.0,18.0,-8.0
Baylor,Gonzaga,2019,0,-14.409999999999998,3.6677265500794896,2.4085850556438793,0.3020667726550075,-1.366454689984101,-4.142289348171701,-0.8370429252782188,-84.0,537.38,8.0
Florida State,Murray State,2019,1,9.029999999999998,0.6609336609336598,3.084357084357084,-0.4668304668304666,-0.3562653562653564,-5.07125307125307,-0.16380016380016382,11.0,-41.0,-8.0
Buffalo,Texas Tech,2019,0,-7.229999999999999,4.26608187134503,0.8581871345029306,2.266081871345029,-0.010233918128655262,3.00730994152047,-1.005847953216374,-45.0,-6.0,3.0
Michigan,Florida,2019,1,6.4,-2.3355855855855854,-3.163663663663666,-0.3265765765765769,-1.0578078078078086,1.698948948948951,0.38813813813813836,-20.0,541.47,-8.0
Virginia Tech,Duke,2019,0,-7.619999999999997,-4.1691729323308255,-0.45789473684210513,2.027067669172933,-2.3624060150375934,-0.775939849624061,-4.534586466165414,75.0,27.0,3.0
Michigan State,Louisiana State,2019,1,8.43,-2.5274725274725256,-1.5245421245421298,1.436630036630036,-3.6461538461538465,5.419047619047612,1.0278388278388277,1.0,32.0,-1.0
North Carolina,Auburn,2019,0,3.1000000000000014,-11411.75,-18258.027777777777,-2.6833333333333336,-9218.0,4.533333333333328,-1.416666666666667,32.0,-568.44,-4.0
Kentucky,Houston,2019,1,2.5199999999999996,-0.5675675675675684,-2.837837837837835,-3.1891891891891895,-0.5405405405405412,-1.2702702702702702,0.40540540540540526,36.0,570.45,-1.0
Oregon,Virginia,2019,0,-11.510000000000002,0.5,3.2368421052631575,-0.6842105263157903,2.078947368421053,-1.1315789473684212,0.34210526315789513,-23.0,548.42,11.0
Purdue,Tennessee,2019,1,-0.15000000000000213,1.4512012012012008,-0.3145645645645665,3.0578078078078086,0.1381381381381379,-3.4489489489489493,-1.4061561561561557,-35.0,-24.0,1.0
Florida State,Gonzaga,2019,0,-9.8,1.729729729729728,2.7567567567567544,-0.40540540540540526,-0.3243243243243237,-5.216216216216212,-1.1621621621621614,-17.0,544.38,3.0
Texas Tech,Michigan,2019,1,0.9699999999999989,0.20839260312944496,3.555476529160739,-0.46728307254623047,1.23470839260313,-0.20625889046942092,0.8677098150782356,31.0,25.0,1.0
Duke,Michigan State,2019,0,1.9699999999999989,2.4109311740890664,-0.9318488529014868,-0.8636977058029682,3.951417004048582,-2.3859649122806967,1.506747638326586,-67.0,-24.0,-1.0
Auburn,Kentucky,2019,1,-0.5899999999999999,11413.45945945946,18258.783783783783,5.539189189189189,9219.054054054053,0.7594594594594604,-0.006756756756757021,-28.0,-2.0,3.0
Purdue,Virginia,2019,0,-4.060000000000002,2.6944444444444446,3.0979532163742682,1.6915204678362574,0.5584795321637426,0.07309941520467866,0.051169590643274976,-25.0,562.42,2.0
Texas Tech,Gonzaga,2019,1,-5.0,-1.2780938833570428,1.1500711237553318,-0.46728307254623047,-0.19772403982930253,-4.422475106685633,-0.6187766714082503,-29.0,566.38,2.0
Auburn,Virginia,2019,0,-4.620000000000001,11416.0,18260.736842105263,2.902631578947368,9219.447368421053,-0.01578947368420991,0.8289473684210527,-33.0,568.42,4.0
Texas Tech,Michigan State,2019,1,-2.1400000000000006,-2.325910931174091,0.8576248313090389,-0.8900134952766523,2.1619433198380564,-4.701754385964909,-0.36167341430499356,-21.0,-18.0,1.0
Texas Tech,Virginia,2019,0,-2.6700000000000017,-0.7105263157894743,3.1842105263157876,-1.1578947368421053,1.7631578947368425,-0.6842105263157912,0.9736842105263155,-12.0,566.42,2.0
Indiana,Wyoming,2022,1,3.3500000000000014,0.8504201680672256,2.223529411764707,-2.2025210084033606,1.7168067226890762,3.394117647058824,2.857983193277311,-724.3,-27.0,0.0
Texas A&M-Corpus Christi,Texas Southern,2022,0,-3.4800000000000004,0.9276785714285722,2.6267857142857203,-5618.6,2.9517857142857142,4.366964285714284,-3.3848214285714286,58.0,23.0,0.0
Wright State,Bryant,2022,1,2.86,-12614.527777777777,-2.4722222222222197,-1.7777777777777777,-0.5798611111111107,-13860.944444444445,-1.4965277777777777,36.0,16.0,0.0
Rutgers,Notre Dame,2022,0,-3.09,3.0473214285714283,3.007142857142858,-2.8669642857142836,1.8312499999999998,1.1589285714285715,2.1428571428571432,-752.3,-46.0,0.0
Baylor,Norfolk State,2022,1,25.64,2.562618595825427,-1.527514231499051,1.0910815939278935,2.087286527514232,3.4895635673624295,-0.139468690702087,-2.0,-1.0,-15.0
Marquette,North Carolina,2022,0,-4.140000000000001,-3.6177884615384617,17360.53846153846,0.18349358974358942,2.6017628205128203,1.0456730769230766,1.233173076923077,-23.0,-550.45,1.0
Saint Mary's (CA),Indiana,2022,1,2.1099999999999994,-0.46806722689075464,-1.841176470588234,1.3495798319327728,1.2831932773109243,-1.129411764705882,-2.299159663865546,757.3,18.0,-7.0
Akron,UCLA,2022,0,-18.39,-1.4336134453781497,-0.06386554621848717,1.022689075630252,-1.1184873949579845,-2.238655462184875,-0.07899159663865563,-52.0,24.0,9.0
Texas,Virginia Tech,2022,1,2.530000000000001,1.9101307189542513,3.0212418300653603,-2.2434640522875817,2.3431372549019613,-1.0702614379084974,0.21568627450980404,-5.0,-38.0,-5.0
Yale,Purdue,2022,0,-19.25,-2.1673931996512668,3.0566695727986044,-1.674803836094159,1.5771578029642548,-4.275501307759372,-0.2981691368788151,24.0,-56.0,11.0
Murray State,San Francisco,2022,1,-4.25,1.8529411764705905,-2.676470588235297,-1.6176470588235272,0.14705882352941124,1.7058823529411757,-1.4705882352941182,-2.0,566.44,-3.0
Kentucky,Saint Peter's,2022,0,17.939999999999998,2.2058823529411757,-5.352941176470585,0.2647058823529411,-0.2647058823529411,3.8529411764705888,-0.7647058823529411,25.0,40.0,-13.0
Kansas,Texas Southern,2022,1,25.580000000000002,-0.8937500000000007,15907.3125,-5617.85,6269.4375,15314.28125,-0.8562500000000002,38.0,53.0,-15.0
San Diego State,Creighton,2022,0,1.790000000000001,0.24375000000000036,3.8687500000000004,-0.7142857142857144,1.9830357142857142,-1.3767857142857167,0.4928571428571429,-46.0,-19.0,-1.0
Richmond,Iowa,2022,1,-11.829999999999998,-4.321321321321323,-2.3295795795795797,-1.356606606606607,0.2612612612612617,-1.5412912912912926,-1.9819819819819808,-31.0,-22.0,7.0
South Dakota State,Providence,2022,0,-6.48,-3.174025974025972,-0.6554112554112521,1.9506493506493534,1.0554112554112551,1.8432900432900414,-1.1238095238095238,30.0,626.46,9.0
Iowa State,Louisiana State,2022,1,-5.0699999999999985,-2.4596638655462204,-0.8899159663865568,0.2151260504201682,-2.427731092436975,1.9806722689075649,-1.1504201680672268,-48.0,-14.0,5.0
Colgate,Wisconsin,2022,0,-12.15,-0.5047619047619047,-2.302164502164503,3.4597402597402622,0.8112554112554111,6.025108225108225,0.6606060606060606,-46.0,61.0,11.0
Miami (FL),South Carolina,2022,1,4.080000000000001,-5.665213600697472,-4.554489973844817,0.13949433304271963,1.02615518744551,0.10287707061900697,-1.875326939843069,71.0,57.0,3.0
Jacksonville State,Auburn,2022,0,-19.39,9612.20588235294,-4.15625,1.2224264705882355,-2.1341911764705888,-0.422794117647058,2867.0,-45.0,37.0,13.0
Arizona,Wright State,2022,1,24.69,1.1223723723723769,2.2019519519519495,1.2845345345345347,0.8408408408408405,5.566066066066066,2.703453453453453,-29.0,33.0,-15.0
Seton Hall,TCU,2022,0,-0.9700000000000006,-0.90625,15609.5,1.7830882352941178,0.6213235294117636,-3.3345588235294112,1.2591911764705879,79.0,5.0,-1.0
Houston,Michigan,2022,1,8.290000000000001,3.404024767801859,1.9814241486068145,1.5773993808049536,3.3204334365325083,2.0897832817337463,1.8637770897832815,-79.0,-3.0,-6.0
UAB,Illinois,2022,0,-5.790000000000001,0.6294372294372295,0.23982683982683994,-1.0536796536796533,4.361038961038963,-2.238961038961037,1.1714285714285717,33.0,-553.44,8.0
Loyola (IL),Colorado State,2022,1,1.8800000000000008,1.078201368523949,2.179863147605081,1.104594330400782,0.5522971652003914,0.6510263929618763,-0.6402737047898337,-61.0,0.0,4.0
Chattanooga,Tennessee,2022,0,-14.34,-0.8857142857142826,-1.2857142857142865,-0.8285714285714274,-2.1142857142857165,-3.6285714285714263,-2.142857142857143,31.0,-535.44,10.0
Ohio State,Davidson,2022,1,3.74,1.617647058823529,1.5827205882352917,-1.0091911764705888,-0.117647058823529,-2.1470588235294112,2.161764705882353,3.0,-13.0,-3.0
Longwood,Villanova,2022,0,-19.66,1.56299840510367,0.4688995215310996,-1.1905901116427433,1.761562998405104,2.19218500797448,0.20972886762360465,725.17,555.44,12.0
Gonzaga,Georgia State,2022,1,26.57,-3.619612068965518,-0.5377155172413808,0.5668103448275863,-2.386853448275861,4.579741379310343,1.3297413793103452,712.28,110.0,-15.0
Boise State,Memphis,2022,0,-2.74,-2.286580086580088,-3.789610389610388,1.1307359307359306,-2.3939393939393945,-4.418181818181818,-2.0259740259740258,-693.35,-19.0,-1.0
Vermont,Connecticut,2022,1,-8.59,-6.493761140819964,-2.817290552584671,1.3404634581105181,-0.8511586452762927,1.11675579322638,-3.953654188948306,-11.0,60.0,8.0
Montana State,Arkansas,2022,0,-16.53,-2.0694980694980707,1.392277992277993,1.35984555984556,-2.366023166023166,-0.6378378378378411,-0.47799227799227806,753.24,-532.42,10.0
New Mexico State,Alabama,2022,1,-7.509999999999999,-2.571301247771835,-2.6016042780748645,-1.3600713012477712,-2.0606060606060606,-0.9901960784313744,-0.6381461675579327,-26.0,7.0,6.0
Cal State Fullerton,Texas Tech,2022,0,-20.119999999999997,-0.8175675675675684,-0.3496621621621614,-0.5810810810810807,-0.71875,-2.4256756756756754,-1.5447635135135136,68.0,-17.0,12.0
Michigan State,Notre Dame,2022,1,1.3100000000000005,2.911904761904762,4.173809523809526,-1.807936507936506,0.49444444444444446,1.6658730158730162,3.170634920634921,-752.25,-18.0,-4.0
Delaware,Duke,2022,0,-19.23,-1.9985347985347985,1.9875457875457876,-0.4402930402930405,0.27252747252747245,-3.8901098901098887,-1.9296703296703295,6.0,-582.43,13.0
North Carolina,Baylor,2022,1,-6.23,-1.391402714932127,-1.6561085972850673,0.3514328808446461,-3.5852187028657623,-1.0180995475113122,0.4819004524886874,67.0,-2.0,7.0
Saint Mary's (CA),UCLA,2022,0,-4.48,-2.639495798319329,-0.2697478991596647,0.4638655462184875,-0.059663865546219164,-0.41512605042016837,-0.7848739495798323,17.0,17.0,1.0
Purdue,Texas,2022,1,2.139999999999997,0.7527821939586641,-3.4228934817170114,1.895866454689985,-3.027821939586646,3.007949125596184,0.07710651828298953,-35.0,55.0,-3.0
Murray State,Saint Peter's,2022,0,6.909999999999999,1.7058823529411757,-4.264705882352942,2.1764705882352944,0.7647058823529411,2.4411764705882337,-1.823529411764706,-9.0,48.0,-8.0
Kansas,Creighton,2022,1,10.940000000000001,1.3499999999999996,15911.4,0.43571428571428594,6269.5142857142855,15311.685714285713,0.042857142857142705,-21.0,30.0,-8.0
Richmond,Providence,2022,0,-6.01,-2.9778869778869765,-2.1048321048321057,0.4742014742014744,2.5642915642915645,1.2440622440622437,-1.3153153153153143,-10.0,541.46,8.0
Iowa State,Wisconsin,2022,1,-0.75,0.2952380952380942,1.4692640692640673,0.2311688311688318,3.23982683982684,3.596536796536796,0.17489177489177488,-60.0,-1.0,8.0
Auburn,Miami (FL),2022,0,7.979999999999999,5.523847376788554,3.635135135135137,1.1128775834658189,-0.5119236883942762,0.6001589825119211,4.8108108108108105,-11.0,-29.0,-8.0
Arizona,TCU,2022,1,9.03,-1.4054054054054035,1.2297297297297298,2.2273449920508748,0.28855325914149343,5.97456279809221,1.5286168521462633,65.0,71.0,-8.0
Illinois,Houston,2022,0,-5.859999999999999,-1.8309409888357262,-0.8548644338118017,1.0972886762360448,-2.8444976076555033,-1.0550239234449759,-2.1578947368421053,39.0,3.0,-1.0
Loyola (IL),Tennessee,2022,1,-7.07,-3.897835497835495,0.29783549783549645,0.16450216450216537,-2.3748917748917773,-1.5480519480519472,-1.8614718614718613,-3.0,47.0,7.0
Ohio State,Villanova,2022,0,-5.139999999999999,-1.3157894736842106,1.5115131578947363,-1.4983552631578956,-1.526315789473684,0.6315789473684195,2.5657894736842106,756.17,577.44,5.0
Gonzaga,Memphis,2022,1,10.790000000000001,-2.8589015151515156,-3.2869318181818166,1.975378787878788,-1.9876893939393945,2.2443181818181817,0.35795454545454586,19.0,53.0,-8.0
Vermont,Arkansas,2022,0,-8.46,-3.489666136724961,-2.8942766295707454,2.4674085850556446,-2.506359300476948,1.3092209856915709,-1.6645468998410173,741.24,61.0,9.0
Texas Tech,New Mexico State,2022,1,12.969999999999999,-0.2853736089030203,0.30922098569157264,-1.8012718600953903,3.0,-0.0007949125596162787,-0.5453100158982509,-4.0,2.0,-9.0
Michigan State,Duke,2022,0,-6.370000000000001,-0.42948717948717885,3.2756410256410273,-0.6196581196581201,-0.6901709401709404,-0.7670940170940153,-0.5876068376068373,-737.25,-30.0,5.0
North Carolina,UCLA,2022,1,-3.8000000000000007,0.20439560439560367,-1.3670329670329675,1.6388278388278392,-1.7919413919413927,1.0373626373626372,0.6087912087912084,23.0,12.0,4.0
Purdue,Saint Peter's,2022,0,16.189999999999998,0.37042925278219485,-5.217011128775834,2.6899841017488084,-2.4101748807631163,3.949125596184418,-1.54054054054054,10.0,74.0,-12.0
Kansas,Providence,2022,1,9.200000000000001,0.4045454545454561,15909.030303030304,-0.21363636363636296,6269.969696969697,15311.757575757576,0.6333333333333333,-11.0,566.46,-3.0
Iowa State,Miami (FL),2022,0,1.1600000000000001,2.358301158301158,3.392277992277993,-0.26023166023165967,-0.3220077220077222,0.5220077220077197,-0.07490347490347471,-59.0,-46.0,1.0
Houston,Arizona,2022,1,-0.1999999999999993,1.721194879089614,0.4281650071123764,0.08534850640113767,1.2965860597439551,-3.3847795163584635,-0.5177809388335701,-72.0,-36.0,4.0
Loyola (IL),Villanova,2022,0,-5.919999999999998,-2.5279106858054226,2.3173843700159473,-0.4633173843700167,0.9130781499202554,3.0406698564593277,0.24003189792663493,711.17,582.44,8.0
Arkansas,Gonzaga,2022,1,-9.190000000000001,1.1275337837837842,1.3336148648648631,-1.8902027027027026,1.1883445945945947,-4.22466216216216,-1.677364864864865,-712.24,-75.0,3.0
Texas Tech,Duke,2022,0,0.5299999999999976,0.05474705474705566,2.521136521136521,-1.816354816354817,1.615384615384615,-2.7858627858627845,-2.1018711018711014,-40.0,-27.0,1.0
North Carolina,Saint Peter's,2022,1,12.54,0.6968325791855197,-5.214932126696832,2.586726998491705,-1.8793363499245848,2.628959276018099,-1.076923076923077,63.0,32.0,-7.0
Miami (FL),Kansas,2022,0,-11.06,-3.679729729729729,-15910.135135135135,-0.20405405405405475,-6266.135135135135,-15310.864864864865,-1.1108108108108108,25.0,-4.0,9.0
Villanova,Houston,2022,1,-3.240000000000002,-3.0,-2.2631578947368425,1.5000000000000009,-2.000000000000001,-4.368421052631577,-2.973684210526316,-666.17,-550.44,-3.0
Arkansas,Duke,2022,0,-3.280000000000001,0.27096327096327144,3.2238392238392226,-1.6001386001386004,1.2099792099792097,-2.6237006237006195,-1.4802494802494799,-737.24,-50.0,2.0
Kansas,Villanova,2022,1,2.9700000000000024,0.6342105263157887,15910.105263157895,-2.1921052631578952,6268.973684210527,15313.131578947368,2.1157894736842104,716.17,566.44,-1.0
Duke,North Carolina,2022,0,4.050000000000001,-0.9487179487179489,-0.8205128205128212,-0.5128205128205128,1.2051282051282053,1.5384615384615365,1.692307692307692,-26.0,32.0,-6.0
Kansas,North Carolina,2022,1,6.780000000000001,-0.5115384615384624,15910.538461538461,-1.2602564102564102,6269.820512820513,15310.076923076924,0.3769230769230769,-47.0,16.0,-7.0
Texas Southern,Fairleigh Dickinson,2023,0,0.3100000000000005,0.05714285714285694,-0.1428571428571459,-3.5142857142857133,-1.314285714285714,-3.142857142857144,1.3714285714285717,-88.0,-55.0,0.0
Pittsburgh,Mississippi State,2023,1,-1.8899999999999988,-2.7352941176470598,0.9117647058823533,3.970588235294117,-3.4117647058823524,0.0882352941176503,0.617647058823529,110.0,69.0,0.0
Southeast Missouri State,Texas A&M-Corpus Christi,2023,0,-4.609999999999999,-2.3611111111111107,2.2761437908496767,0.26797385620915026,-1.6160130718954244,-1.723856209150327,1.5179738562091505,-80.0,-562.46,0.0
Arizona State,Nevada,2023,1,1.3400000000000016,3.69004329004329,0.5463203463203463,0.3878787878787877,1.2303030303030305,0.06493506493506551,1.6268398268398272,-103.0,-49.0,0.0
Purdue,Fairleigh Dickinson,2023,0,30.0,0.6915966386554615,-5.208403361344539,-1.2890756302520998,-3.234453781512605,0.5857142857142836,1.6747899159663866,-9.0,8.0,-15.0
Florida Atlantic,Memphis,2023,1,-1.5999999999999996,0.20588235294117396,-2.5294117647058822,3.61764705882353,-1.8823529411764701,-1.1176470588235308,-2.0882352941176467,-31.0,9.0,1.0
Oral Roberts,Duke,2023,0,-5.99,-3.2647058823529402,-2.117647058823527,3.9411764705882364,1.1764705882352944,0.029411764705884025,0.882352941176471,775.23,42.0,7.0
Tennessee,Louisiana,2023,1,17.91,1.7878787878787872,-0.15151515151515227,0.7272727272727275,1.121212121212122,2.4545454545454533,0.545454545454545,30.0,-36.0,-9.0
Providence,Kentucky,2023,0,-2.33,-1.34375,-16110.03125,-6368.34375,0.4375,-0.625,0.8125,42.0,13.0,5.0
Kansas State,Montana State,2023,1,13.73,10366.676470588236,-0.7830882352941195,7118.823529411765,1.1875,4.279411764705882,-0.18933823529411775,-758.25,-17.0,-11.0
Southern California,Michigan State,2023,0,-0.2599999999999998,0.5342741935483879,0.6713709677419359,-1.015120967741935,2.450604838709677,-1.401209677419354,2.253024193548387,-18.0,4.0,3.0
Marquette,Vermont,2023,1,15.499999999999998,2.3966131907308377,1.4162210338680943,0.24688057040998324,3.4420677361853818,3.951871657754012,0.20766488413547268,24.0,9.0,-13.0
Northern Kentucky,Houston,2023,0,-24.32,-1.7352941176470598,-1.1764705882352917,0.41176470588235237,1.088235294117645,-1.2647058823529438,-2.176470588235294,-27.0,-553.47,15.0
Auburn,Iowa,2023,1,0.25,-0.28125,4.53125,-1.5625,-6617.0,-2.375,5121.5625,-37.0,-22.0,1.0
Drake,Miami (FL),2023,0,-4.140000000000001,-2.226102941176471,0.38786764705882426,0.37683823529411775,-1.961397058823529,-1.3198529411764728,-0.663602941176471,-7.0,-12.0,7.0
Indiana,Kent State,2023,1,7.630000000000001,-1.7335115864527637,-1.6960784313725519,-2.215686274509804,-3.1541889483065955,3.041889483065951,0.9982174688057035,-13.0,14.0,-9.0
Iowa State,Pittsburgh,2023,0,6.459999999999999,11364.79411764706,2.976102941176471,-2.6746323529411757,3.6066176470588234,-0.202205882352942,-1.1525735294117645,-83.0,-35.0,-5.0
Xavier,Kennesaw State,2023,1,16.02,0.9411764705882373,-2.0588235294117627,-0.7058823529411784,-1.4411764705882355,4.852941176470594,0.3823529411764701,52.0,23.0,-11.0
Texas A&M,Penn State,2023,0,1.950000000000001,6.294117647058824,2.608403361344539,-4.311764705882354,2.4521008403361346,-1.2957983193277336,0.15294117647058814,21.0,-30.0,-3.0
Texas,Colgate,2023,1,19.01,1.8235294117647065,5.0588235294117645,-1.1764705882352944,1.0882352941176467,-2.4411764705882355,0.8235294117647056,95.0,-35.0,-13.0
Texas A&M-Corpus Christi,Alabama,2023,0,-26.2,-0.764705882352942,0.41176470588235503,-2.38235294117647,2.5294117647058822,0.3235294117647065,-3.38235294117647,63.0,1.0,15.0
Maryland,West Virginia,2023,1,-1.3599999999999994,-1.303030303030301,-2.575757575757578,-0.424242424242423,-1.333333333333334,-1.666666666666666,0.5757575757575757,-2.0,-10.0,-1.0
College of Charleston,San Diego State,2023,0,-7.24,2.919786096256683,0.7023172905525854,2.906417112299467,0.2923351158645273,0.3698752228164004,-0.5802139037433149,9.0,10.0,7.0
Furman,Virginia,2023,1,-8.459999999999999,1.6617647058823515,2.452205882352942,2.7169117647058822,-0.11213235294117663,1.2757352941176485,-1.0128676470588234,40.0,49.0,9.0
NC State,Creighton,2023,0,-5.149999999999999,2.9393939393939394,4.242424242424242,-0.4848484848484844,2.6969696969696972,-2.8484848484848477,0.3939393939393945,-766.28,-30.0,5.0
Baylor,UC Santa Barbara,2023,1,14.22,3.5680147058823533,17358.91176470588,4.099264705882353,0.2150735294117636,0.29411764705882426,2372.470588235294,21.0,-8.0,-11.0
Utah State,Missouri,2023,0,2.83,-0.501782531194296,-1.121212121212121,0.07754010695187219,-5.333333333333334,0.7317290552584659,0.6853832442067738,6.0,16.0,3.0
Princeton,Arizona,2023,1,-16.990000000000002,-0.09229208924949361,-0.7880324543610548,-0.07099391480730155,-1.186612576064908,-5.65922920892495,0.10446247464503022,3.0,-37.0,13.0
Howard,Kansas,2023,0,-24.52,1.8529411764705905,1.0882352941176485,1.0294117647058822,-1.6176470588235299,-1.5882352941176467,-0.5882352941176472,-3.0,8.0,15.0
Arkansas,Illinois,2023,1,1.1400000000000023,-1.3134469696969688,-16855.878787878788,-2.565340909090909,1.5501893939393945,0.9554924242424239,-0.4138257575757578,0.009999999999999898,9.0,-1.0
Virginia Commonwealth,Saint Mary's (CA),2023,0,-7.800000000000001,-1.5534759358288763,-0.25222816399286785,-1.669340463458111,2.122994652406417,0.6604278074866325,1.0739750445632796,4.0,4.0,7.0
Connecticut,Iona,2023,1,12.879999999999999,2.264705882352942,1.8327205882352935,1.9724264705882355,-0.9393382352941178,2.3143382352941178,4869.441176470588,-730.25,20.0,-9.0
Arizona State,TCU,2023,0,-4.43,-0.3402597402597429,2.3038961038961006,2.1454545454545455,-1.042424242424242,-1.7835497835497822,-0.07012987012987093,-12.0,-20.0,5.0
Gonzaga,Grand Canyon,2023,1,15.45,-0.018181818181817633,-1.269264069264068,-1.2138528138528137,2.722077922077922,3.9757575757575747,0.04761904761904745,-15.0,37.0,-11.0
Boise State,Northwestern,2023,0,-0.25,-1.5217803030303028,0.14678030303030454,0.19223484848484862,-2.847537878787879,-1.7253787878787872,-1.2168560606060606,-16.0,45.0,3.0
UCLA,UNC Asheville,2023,1,24.11,3.147058823529413,0.17647058823529171,-1.7352941176470589,2.0882352941176476,1.352941176470587,-0.14705882352941213,28.0,536.42,-13.0
Fairleigh Dickinson,Florida Atlantic,2023,0,-24.05,0.984873949579832,3.061344537815126,-1.5932773109243712,1.234453781512605,0.29663865546218915,-0.5277310924369749,36.0,-25.0,7.0
Tennessee,Duke,2023,1,6.359999999999999,0.8529411764705888,1.551693404634582,0.9349376114082002,2.5668449197860967,2.114973262032086,-0.8636363636363642,713.23,-14.0,-1.0
Kentucky,Kansas State,2023,0,-1.0299999999999994,-10361.40625,16107.3125,-750.0,-1.21875,-1.4375,0.96875,702.25,-14.0,3.0
Michigan State,Marquette,2023,1,-3.1599999999999984,-0.008538899430741154,0.25142314990512205,-1.3690702087286537,-4.8311195445920285,-2.7495256166982944,-0.24383301707779914,41.0,-36.0,5.0
Auburn,Houston,2023,0,-8.530000000000001,-1.0753676470588243,2.6599264705882355,-1.2647058823529411,-0.3235294117647065,-0.6360294117647083,5120.235294117647,-17.0,-23.0,8.0
Miami (FL),Indiana,2023,1,-3.3100000000000005,1.2831439393939394,-2.927083333333332,1.927083333333333,1.5861742424242422,-0.48674242424242387,-1.6581439393939394,64.0,18.0,1.0
Pittsburgh,Xavier,2023,0,-6.369999999999999,-0.35294117647058876,0.2352941176470562,1.6470588235294121,-1.3235294117647056,-5.0000000000000036,0.8823529411764706,43.0,-15.0,8.0
Texas,Penn State,2023,1,8.440000000000001,3.764705882352942,1.9319327731092457,-3.2529411764705882,3.6873949579831935,2.174789915966384,1.4764705882352938,14.0,-14.0,-8.0
Maryland,Alabama,2023,0,-8.64,-2.9465240641711237,-2.7691622103386813,-3.210338680926916,-0.6951871657754012,-3.69073083778966,-1.392156862745098,13.0,-14.0,7.0
San Diego State,Furman,2023,1,10.59,0.8155080213903769,-0.6434937611408209,-2.3475935828877006,0.2664884135472372,-3.6639928698752247,0.5213903743315504,-9.0,-50.0,-8.0
Baylor,Creighton,2023,0,0.33000000000000185,3.201704545454545,17361.848484848484,0.7784090909090917,1.4138257575757578,-1.4090909090909083,2370.818181818182,-18.0,-5.0,-3.0
Princeton,Missouri,2023,1,-9.08,1.1118077324973878,-1.879832810867292,-0.8463949843260181,-5.402298850574713,-2.6039707419017777,0.6133751306165101,-46.0,-24.0,8.0
Kansas,Arkansas,2023,0,3.1999999999999993,-0.2950089126559732,-2.5623885918003566,1.879679144385027,0.4001782531194298,3.0169340463458116,-1.477718360071301,716.31,1.0,-7.0
Connecticut,Saint Mary's (CA),2023,1,2.8299999999999983,2.6818181818181817,1.5804924242424256,1.2736742424242422,-0.28693181818181834,4.798295454545457,4871.515151515152,-692.25,16.0,-1.0
TCU,Gonzaga,2023,0,-3.9299999999999997,1.2727272727272751,-0.6060606060606055,-2.3030303030303036,0.6060606060606055,-0.3636363636363633,1.3939393939393954,0.0,-78.0,3.0
UCLA,Northwestern,2023,1,9.05,1.3694852941176485,-0.4797794117647083,-1.5091911764705879,0.4724264705882355,1.2683823529411757,-0.30330882352941213,-29.0,26.0,-5.0
Tennessee,Florida Atlantic,2023,0,8.399999999999999,2.4705882352941178,0.904634581105169,-1.976827094474154,1.47860962566845,2.291443850267383,1.165775401069518,-2.0,-43.0,-5.0
Kansas State,Michigan State,2023,1,2.119999999999999,10366.09677419355,1.171370967741936,7117.5161290322585,3.106854838709677,1.911290322580646,-0.12197580645161299,-761.25,9.0,-4.0
Houston,Miami (FL),2023,0,11.030000000000001,2.4503676470588243,2.1525735294117645,0.17095588235294112,0.9797794117647065,-0.11397058823529171,1.4834558823529411,-57.0,-29.0,-4.0
Texas,Xavier,2023,1,4.870000000000001,-0.7941176470588225,1.7352941176470562,-0.4117647058823515,1.5294117647058822,-3.1470588235294166,0.5,38.0,-19.0,-1.0
Alabama,San Diego State,2023,0,8.08,2.0374331550802136,2.496434937611408,2.877005347593583,-1.001782531194296,1.7816399286987519,1.3315508021390374,-6.0,18.0,-4.0
Creighton,Princeton,2023,1,14.569999999999999,-1.7178683385579934,-3.089864158829677,0.3918495297805631,0.3113897596656212,2.391849529780565,0.8714733542319748,55.0,16.0,-9.0
Arkansas,Connecticut,2023,0,-4.299999999999997,-3.469696969696969,0.9649621212121211,-3.940340909090909,1.8626893939393945,-3.919507575757576,-4869.757575757576,-0.06000000000000005,-17.0,4.0
Gonzaga,UCLA,2023,1,-2.5700000000000003,-1.4064171122994669,1.1114081996434972,1.6105169340463457,-0.8048128342245988,2.3698752228163986,-0.5196078431372548,-21.0,75.0,1.0
Kansas State,Florida Atlantic,2023,0,2.719999999999999,10364.470588235294,1.8345588235294112,7115.235294117647,0.8933823529411766,2.132352941176473,0.31066176470588225,-715.25,-22.0,-6.0
Miami (FL),Texas,2023,1,-8.870000000000001,0.579044117647058,-3.211397058823529,0.44669117647058787,-0.7150735294117645,-1.180147058823529,-0.39522058823529393,24.0,21.0,3.0
Creighton,San Diego State,2023,0,1.959999999999999,-2.2727272727272734,-2.969696969696969,1.7272727272727266,-1.8181818181818183,2.4848484848484844,0.4545454545454546,35.0,30.0,1.0
Connecticut,Gonzaga,2023,1,0.7399999999999984,3.3181818181818183,1.368371212121211,1.2736742424242422,-1.1051136363636367,0.7679924242424256,4871.666666666667,-700.25,-43.0,1.0
Florida Atlantic,San Diego State,2023,0,-2.209999999999999,-0.19786096256684615,-0.26827094474153235,2.5828877005347604,-0.2664884135472372,1.1934046345811034,-1.2566844919786093,-16.0,34.0,4.0
Connecticut,Miami (FL),2023,1,8.469999999999999,3.15625,3.75,1.4375,-0.8125,2.40625,4871.71875,-775.25,-14.0,-1.0
San Diego State,Connecticut,2023,0,-5.139999999999999,-2.7727272727272716,-2.035037878787879,-1.8494318181818183,0.5293560606060606,-3.919507575757576,-4871.272727272727,731.25,-25.0,1.0
