School,G,Overall.W,Overall.L,W-L%,SRS,SOS,Conf.W,Conf.L,Home.W,Home.L,Away.W,Away.L,TP,OP,MP,FG,FGA,FG%,3P,3PA,3P%,FT,FTA,FT%,ORB,TRB,AST,STL,BLK,TOV,PF,Pace,ORtg,FTr,3PAr,TS%,TRB%,AST%,STL%,BLK%,eFG%,TOV%,ORB%,FT/FGA
Abilene Christian,31,20,11,.645,-2.87,-6.87,15,5,13,3,7,8,2352,2024,1260,814,1813,.449,209,676,.309,515,695,.741,337,1042,461,293,81,436,661,71.1,105.0,.383,.373,.549,50.1,56.6,13.1,7.9,.507,16.9,30.6,.284
Air Force,32,12,20,.375,-0.37,3.02,5,13,8,7,3,9,2338,2386,1280,802,1759,.456,275,734,.375,459,628,.731,237,1040,469,161,43,395,534,68.9,106.0,.357,.417,.568,50.0,58.5,7.3,4.6,.534,16.1,22.7,.261
Akron,31,24,7,.774,7.15,-0.40,14,4,15,2,8,4,2348,2062,1240,788,1789,.440,287,795,.361,485,628,.772,302,1169,405,158,91,397,548,70.6,107.2,.351,.444,.562,50.7,51.4,7.2,7.3,.521,16.0,27.9,.271
Alabama,31,16,15,.516,11.12,8.12,8,10,10,5,4,8,2542,2449,1260,854,1956,.437,334,957,.349,500,721,.693,361,1220,441,196,136,461,622,76.1,106.0,.369,.489,.553,49.7,51.6,8.2,10.4,.522,16.7,29.8,.256
Alabama A&M,30,8,22,.267,-18.88,-8.85,5,13,6,5,2,16,1845,2146,1205,656,1727,.380,154,548,.281,379,565,.671,286,1035,326,174,63,391,538,69.6,87.9,.327,.317,.462,47.5,49.7,8.3,5.7,.424,16.4,24.7,.219
Alabama State,32,8,24,.250,-16.15,-6.53,7,11,4,5,2,16,1965,2273,1280,683,1763,.387,208,687,.303,391,629,.622,295,1031,325,200,70,512,638,70.8,86.7,.357,.390,.477,47.1,47.6,8.8,6.0,.446,19.9,25.7,.222
Albany (NY),32,14,18,.438,-8.78,-5.91,7,9,7,7,5,11,2127,2190,1285,725,1768,.410,255,774,.329,422,600,.703,259,1096,409,179,90,436,533,69.7,95.0,.339,.438,.518,49.8,56.4,8.0,7.9,.482,17.5,24.1,.239
Alcorn State,30,15,15,.500,-14.64,-9.64,11,7,11,2,4,13,2251,2196,1210,784,1836,.427,268,733,.366,415,558,.744,330,1116,404,239,98,433,549,72.6,102.5,.304,.399,.536,51.3,51.5,10.9,8.4,.500,17.1,30.2,.226
American,30,16,14,.533,-4.37,-6.50,12,6,10,4,6,10,2149,2085,1205,796,1743,.457,206,606,.340,351,499,.703,267,978,384,240,106,369,521,69.0,103.4,.286,.348,.543,48.5,48.2,11.5,9.3,.516,15.7,26.5,.201
Appalachian State,33,18,15,.545,-0.81,-0.01,11,9,10,5,7,9,2256,2222,1325,775,1800,.431,212,699,.303,494,741,.667,323,1153,381,246,74,440,514,68.6,99.3,.412,.388,.524,49.7,49.2,10.8,6.5,.489,17.0,27.7,.274
Arizona,32,21,11,.656,19.49,8.40,10,8,13,4,4,6,2445,2090,1290,850,1905,.446,233,661,.352,512,699,.732,349,1198,492,216,119,378,593,70.3,107.9,.367,.347,.546,52.5,57.9,9.5,10.6,.507,14.5,30.7,.269
Arizona State,31,20,11,.645,11.46,8.10,11,7,13,3,6,5,2288,2184,1240,816,1904,.429,227,703,.323,429,617,.695,312,1115,345,249,104,408,577,73.7,100.1,.324,.369,.521,48.5,42.3,10.9,9.4,.488,15.7,26.5,.225
Arkansas,32,20,12,.625,13.46,7.27,7,11,14,4,4,8,2426,2228,1300,808,1825,.443,243,728,.334,567,776,.731,239,1010,381,253,124,369,638,71.4,104.5,.425,.399,.553,45.2,47.2,10.9,10.3,.509,14.4,21.5,.311
Arkansas State,32,16,16,.500,-2.92,-0.72,8,12,10,7,6,9,2262,2301,1290,750,1718,.437,184,545,.338,578,814,.710,316,1054,442,220,85,415,655,68.5,102.4,.474,.317,.537,49.3,58.9,10.0,7.6,.490,16.5,28.8,.336
Arkansas-Pine Bluff,30,4,26,.133,-21.65,-6.41,3,15,2,8,2,18,1615,2049,1205,588,1483,.396,113,429,.263,326,554,.588,267,940,288,216,97,531,617,67.6,79.3,.374,.289,.462,48.9,49.0,10.6,9.8,.435,23.3,27.9,.220
Army,30,15,15,.500,-9.10,-6.68,10,8,9,6,6,9,2128,2161,1210,821,1742,.471,215,645,.333,271,441,.615,201,1016,487,167,49,354,444,69.7,100.9,.253,.370,.545,48.6,59.3,7.9,4.6,.533,15.4,20.0,.156
Auburn,31,25,6,.806,15.04,7.39,12,6,16,1,5,5,2419,2182,1270,808,1868,.433,252,824,.306,551,818,.674,421,1266,397,199,151,399,596,70.4,108.2,.438,.441,.536,53.7,49.1,8.9,12.9,.500,15.0,35.3,.295
Austin Peay,33,21,12,.636,-0.98,-4.14,14,4,14,0,5,10,2519,2359,1325,892,1943,.459,223,644,.346,512,715,.716,390,1189,434,218,100,423,604,69.9,108.9,.368,.331,.552,52.1,48.7,9.4,8.2,.516,15.6,33.1,.264
Ball State,31,18,13,.581,4.12,-1.65,11,7,11,4,5,7,2155,1938,1240,749,1754,.427,283,842,.336,374,540,.693,272,1119,417,206,105,413,496,69.4,100.2,.308,.480,.536,51.0,55.7,9.6,9.0,.508,17.0,25.3,.213
Baylor,30,26,4,.867,20.13,9.13,15,3,14,1,8,2,2134,1804,1205,763,1778,.429,230,656,.351,378,548,.690,387,1106,413,244,132,357,509,66.6,106.4,.308,.369,.523,52.5,54.1,12.2,12.5,.494,14.9,35.7,.213
Belmont,33,26,7,.788,4.30,-6.23,15,3,13,1,11,5,2627,2241,1320,986,2074,.475,320,908,.352,335,470,.713,290,1232,604,249,106,392,497,72.8,109.4,.227,.438,.572,50.5,61.3,10.4,8.0,.553,14.6,24.9,.162
Bethune-Cookman,30,16,14,.533,-10.16,-8.98,10,6,10,1,4,13,2239,2167,1215,782,1842,.425,184,576,.319,491,701,.700,354,1175,362,217,89,465,591,75.0,98.3,.381,.313,.515,50.5,46.3,9.5,7.5,.474,17.6,30.6,.267
Binghamton,29,10,19,.345,-15.03,-4.62,4,12,7,7,3,12,2014,2221,1165,717,1750,.410,278,839,.331,302,417,.724,278,1013,339,151,88,358,479,69.4,99.6,.238,.479,.517,47.1,47.3,7.5,7.9,.489,15.5,25.6,.173
Boise State,32,20,12,.625,8.59,4.39,11,7,13,2,4,8,2430,2223,1305,829,1853,.447,269,781,.344,503,670,.751,285,1113,416,182,46,399,551,70.0,106.5,.362,.421,.560,51.5,50.2,8.0,4.1,.520,15.5,25.9,.271
Boston College,32,13,19,.406,1.82,7.86,7,13,8,10,4,8,2067,2260,1285,742,1844,.402,230,747,.308,353,536,.659,301,1058,403,245,82,439,506,69.6,92.4,.291,.405,.492,46.4,54.3,11.0,7.1,.465,17.3,25.4,.191
Boston University,34,21,13,.618,-1.87,-5.30,12,6,12,3,9,8,2410,2269,1375,919,1998,.460,224,687,.326,348,540,.644,343,1228,430,187,77,384,513,66.8,105.0,.270,.344,.534,52.1,46.8,8.1,6.1,.516,14.6,28.9,.174
Bowling Green State,31,21,10,.677,0.47,0.20,12,6,13,2,5,5,2310,2259,1250,822,1968,.418,242,717,.338,424,564,.752,349,1238,380,169,71,343,545,71.6,103.2,.287,.364,.517,51.1,46.2,7.6,6.1,.479,13.3,28.7,.215
Bradley,34,23,11,.676,5.33,0.33,11,7,15,2,4,8,2438,2240,1370,872,1976,.441,230,618,.372,464,631,.735,377,1310,457,163,138,400,562,67.3,105.7,.319,.313,.536,53.5,52.4,7.1,12.5,.499,14.9,31.5,.235
Brigham Young,32,24,8,.750,16.93,6.45,13,3,14,1,6,5,2548,2188,1295,949,1897,.500,332,785,.423,318,454,.700,209,1061,554,186,67,353,513,69.7,112.8,.239,.414,.603,49.6,58.4,8.2,5.4,.588,14.3,20.5,.168
Brown,27,15,12,.556,-4.45,-1.72,8,6,10,4,5,8,1809,1854,1080,626,1576,.397,183,600,.305,374,512,.730,332,1033,304,179,118,405,451,70.2,95.4,.325,.381,.497,52.1,48.6,9.4,11.9,.455,18.2,32.3,.237
Bryant,32,15,17,.469,-6.70,-6.67,7,11,9,5,6,12,2271,2223,1285,802,1932,.415,269,837,.321,398,588,.677,389,1289,441,207,140,460,588,70.7,100.0,.304,.433,.513,52.0,55.0,9.1,11.3,.485,17.2,31.6,.206
Bucknell,34,14,20,.412,-7.73,-4.32,8,10,9,4,4,14,2299,2415,1360,820,1945,.422,279,813,.343,380,553,.687,286,1101,410,243,117,451,632,69.9,96.7,.284,.418,.521,47.9,50.0,10.2,9.4,.493,17.0,24.0,.195
Buffalo,32,20,12,.625,1.80,0.06,11,7,10,7,7,4,2516,2425,1290,927,2139,.433,261,809,.323,401,598,.671,463,1343,473,249,147,437,600,74.7,104.5,.280,.378,.519,52.5,51.0,10.3,11.1,.494,15.3,35.0,.187
Butler,31,22,9,.710,15.56,9.14,10,8,14,3,5,6,2125,1926,1245,776,1687,.460,212,621,.341,361,496,.728,280,1079,395,165,82,349,519,64.6,105.7,.294,.368,.553,53.3,50.9,8.2,7.8,.523,15.4,29.4,.214
Cal Poly,30,7,23,.233,-10.00,-0.42,4,12,7,6,0,15,2027,2248,1235,710,1685,.421,200,573,.349,407,587,.693,244,977,312,192,74,409,629,68.8,95.4,.348,.340,.516,46.9,43.9,9.0,6.9,.481,17.2,23.0,.242
Cal State Bakersfield,31,12,19,.387,-7.11,-3.26,6,10,9,7,3,12,2109,2097,1265,785,1803,.435,154,491,.314,385,563,.684,398,1155,363,194,94,422,662,66.0,101.1,.312,.272,.509,54.7,46.2,9.3,10.2,.478,16.9,36.1,.214
Cal State Fullerton,31,11,20,.355,-6.79,-1.38,6,10,6,8,4,11,2127,2213,1265,750,1735,.432,194,586,.331,433,644,.672,250,1040,358,158,93,406,574,69.5,96.8,.371,.338,.521,48.0,47.7,7.2,7.7,.488,16.6,22.8,.250
Cal State Northridge,32,15,17,.469,-6.37,-0.97,10,6,10,4,5,12,2435,2528,1280,877,1925,.456,243,652,.373,438,603,.726,290,1068,449,181,101,363,554,71.4,106.6,.313,.339,.551,47.3,51.2,7.9,8.7,.519,14.1,25.7,.228
California,32,14,18,.438,3.20,9.05,7,11,12,5,1,10,2023,2210,1295,708,1681,.421,160,477,.335,447,606,.738,258,1044,294,129,80,409,601,65.7,95.1,.360,.284,.514,49.6,41.5,6.1,7.4,.469,17.2,24.8,.266
California Baptist,31,21,10,.677,-1.99,-6.66,10,6,15,5,6,5,2465,2170,1255,826,1868,.442,306,806,.380,507,645,.786,360,1270,445,129,108,396,571,70.5,111.5,.345,.431,.567,54.8,53.9,5.8,8.5,.524,15.4,32.4,.271
Campbell,31,15,16,.484,-8.51,-8.10,6,12,8,5,6,10,2130,2065,1245,781,1700,.459,247,706,.350,321,439,.731,217,949,462,223,91,398,545,67.2,101.9,.258,.415,.558,47.6,59.2,10.7,8.3,.532,17.3,22.2,.189
Canisius,32,12,20,.375,-7.60,-5.44,7,13,7,6,4,12,2196,2265,1280,806,1861,.433,193,639,.302,391,562,.696,328,1071,452,227,80,458,603,70.3,97.6,.302,.343,.516,48.9,56.1,10.1,7.1,.485,17.7,28.9,.210
Central Arkansas,31,10,21,.323,-11.26,-2.70,9,11,8,4,2,16,2316,2553,1270,777,1842,.422,231,745,.310,531,741,.717,329,1186,451,164,159,549,637,75.9,96.1,.402,.404,.528,50.3,58.0,6.8,12.7,.485,20.0,28.4,.288
Central Connecticut State,31,4,27,.129,-20.33,-4.63,3,15,4,9,0,16,1959,2396,1240,705,1772,.398,200,560,.357,349,516,.676,263,989,313,199,105,440,581,70.7,89.3,.291,.316,.486,44.8,44.4,9.1,9.4,.454,17.9,23.3,.197
Central Florida,30,16,14,.533,5.13,4.13,7,11,10,6,4,7,2067,2037,1210,739,1713,.431,213,659,.323,376,529,.711,301,1039,404,195,87,414,498,68.7,99.5,.309,.385,.526,49.3,54.7,9.4,8.0,.494,17.4,28.8,.219
Central Michigan,32,14,18,.438,-3.40,-0.26,7,11,12,4,2,14,2506,2454,1285,876,2037,.430,247,763,.324,507,680,.746,349,1153,371,292,80,406,522,75.0,104.0,.334,.375,.531,48.8,42.4,12.1,6.8,.491,14.7,27.9,.249
Charleston Southern,32,14,18,.438,-13.14,-6.98,7,11,9,6,5,11,2203,2304,1295,792,1856,.427,258,795,.325,361,487,.741,260,1029,424,190,82,404,493,68.6,99.2,.262,.428,.528,46.3,53.5,8.6,7.0,.496,16.2,22.8,.195
Charlotte,29,16,13,.552,0.46,-1.09,10,8,13,2,3,11,1922,1877,1175,671,1480,.453,185,544,.340,395,562,.703,188,904,351,221,99,402,443,66.6,98.2,.380,.368,.550,49.9,52.3,11.3,10.5,.516,18.7,21.4,.267
Chattanooga,33,20,13,.606,0.39,-1.90,10,8,10,4,7,8,2410,2261,1325,868,1907,.455,281,787,.357,393,552,.712,301,1162,456,158,49,395,506,68.2,106.6,.289,.413,.556,51.7,52.5,7.0,4.1,.529,15.4,26.8,.206
Chicago State,29,4,25,.138,-28.20,-2.85,0,14,3,11,1,12,1781,2372,1160,596,1446,.412,162,507,.320,427,592,.721,207,848,300,144,73,513,593,70.3,87.4,.409,.351,.516,45.9,50.3,7.1,7.2,.468,22.9,22.6,.295
Cincinnati,30,20,10,.667,12.33,6.73,13,5,13,2,5,6,2182,2014,1240,763,1713,.445,197,618,.319,459,678,.677,329,1131,437,196,146,432,540,68.9,102.2,.396,.361,.536,52.5,57.3,9.2,12.5,.503,17.5,32.0,.268
Clemson,31,16,15,.516,10.26,7.88,9,11,11,6,3,8,2062,1988,1255,735,1717,.428,251,797,.315,341,497,.686,248,1045,401,211,74,386,472,66.6,98.7,.289,.464,.528,49.3,54.6,10.1,7.8,.501,16.5,23.3,.199
Cleveland State,32,11,21,.344,-11.16,-2.45,7,11,6,8,3,13,2053,2298,1290,738,1772,.416,120,408,.294,457,688,.664,370,1120,379,246,84,487,648,68.9,92.4,.388,.230,.489,49.2,51.4,11.1,7.5,.450,18.8,32.0,.258
Coastal Carolina,33,16,17,.485,-0.83,-0.31,8,12,9,9,7,7,2573,2518,1320,915,2030,.451,242,719,.337,501,700,.716,440,1329,446,248,92,530,727,74.0,105.4,.345,.354,.545,54.1,48.7,10.2,8.7,.510,18.3,35.9,.247
Colgate,34,25,9,.735,1.47,-5.63,14,4,15,2,9,7,2588,2315,1365,932,2079,.448,342,957,.357,382,511,.748,341,1246,491,206,98,370,514,68.8,110.3,.246,.460,.557,51.0,52.7,8.8,7.9,.531,13.7,28.0,.184
College of Charleston,31,17,14,.548,0.53,-0.84,11,7,10,5,6,6,2176,2109,1240,755,1717,.440,237,683,.347,429,564,.761,238,1006,337,207,78,334,523,66.9,105.0,.328,.398,.548,47.4,44.6,10.0,7.2,.509,14.4,22.9,.250
Colorado,32,21,11,.656,14.91,8.31,10,8,13,3,4,7,2268,2057,1290,777,1778,.437,241,687,.351,473,643,.736,322,1179,422,183,98,422,470,68.2,103.2,.362,.386,.544,53.9,54.3,8.3,7.9,.505,16.8,30.2,.266
Colorado State,32,20,12,.625,6.70,3.96,11,7,12,4,5,6,2417,2307,1300,841,1793,.469,258,705,.366,475,700,.679,284,1143,497,209,64,418,489,69.7,106.8,.390,.393,.569,52.0,59.1,9.2,5.8,.541,16.4,26.5,.265
Columbia,30,6,24,.200,-10.19,-2.50,1,13,5,7,0,16,1988,2181,1215,744,1819,.409,202,671,.301,298,408,.730,228,1031,328,164,93,337,465,69.6,94.0,.224,.369,.494,47.1,44.1,7.8,8.4,.465,14.3,20.4,.164
Connecticut,31,19,12,.613,11.15,5.34,10,8,14,3,3,7,2258,2078,1280,782,1862,.420,216,667,.324,478,644,.742,393,1174,400,220,185,439,577,69.0,102.3,.346,.358,.521,51.9,51.2,10.0,15.0,.478,16.8,34.1,.257
Coppin State,31,11,20,.355,-14.36,-8.27,7,9,5,5,6,15,2109,2298,1250,736,1872,.393,247,879,.281,390,613,.636,291,1181,315,209,94,445,546,74.4,90.7,.327,.470,.487,47.4,42.8,9.0,8.1,.459,17.1,23.4,.208
Cornell,27,7,20,.259,-8.37,-1.85,4,10,6,6,1,14,1818,1912,1095,669,1519,.440,194,597,.325,286,409,.699,226,866,380,182,78,313,460,66.2,100.3,.269,.393,.531,47.8,56.8,10.0,8.5,.504,15.4,24.8,.188
Creighton,31,24,7,.774,17.24,9.61,13,5,17,1,6,5,2428,2162,1245,866,1839,.471,302,783,.386,394,533,.739,246,1079,489,203,79,337,472,70.0,111.5,.290,.426,.580,48.5,56.5,9.3,6.6,.553,13.9,23.6,.214
Dartmouth,29,12,17,.414,-4.17,-3.20,5,9,6,6,5,10,1894,1872,1170,700,1582,.442,201,629,.320,293,433,.677,195,1015,364,134,74,354,483,66.6,97.2,.274,.398,.530,51.3,52.0,6.9,8.0,.506,16.5,20.7,.185
Davidson,30,16,14,.533,8.85,3.62,10,8,11,1,4,9,2182,2025,1230,755,1667,.453,272,741,.367,400,525,.762,239,992,422,164,80,331,482,65.4,108.5,.315,.445,.569,50.4,55.9,8.2,7.7,.534,14.7,24.7,.240
Dayton,31,29,2,.935,19.17,3.69,18,0,17,0,9,0,2480,2000,1255,905,1725,.525,249,672,.371,421,585,.720,242,1085,546,176,109,377,529,67.9,116.4,.339,.390,.619,52.5,60.3,8.3,9.2,.597,15.8,26.4,.244
Delaware,33,22,11,.667,-1.53,-3.84,11,7,10,3,7,6,2452,2332,1325,881,1833,.481,251,705,.356,439,579,.758,252,1107,431,180,109,423,544,68.6,107.9,.316,.385,.582,50.4,48.9,7.9,9.3,.549,16.7,24.5,.239
Delaware State,32,6,26,.188,-20.87,-9.54,4,12,3,11,2,13,2350,2655,1290,824,2004,.411,249,791,.315,453,661,.685,335,1142,334,220,71,488,663,76.3,95.6,.330,.395,.507,47.3,40.5,8.9,6.2,.473,17.4,26.4,.226
Denver,31,7,24,.226,-10.06,-1.99,3,13,6,8,0,14,2135,2360,1250,770,1734,.444,162,504,.321,433,628,.689,221,1037,347,182,71,428,627,71.6,95.4,.362,.291,.525,48.3,45.1,8.1,7.0,.491,17.4,20.8,.250
DePaul,32,16,16,.500,7.63,8.95,3,15,11,7,4,9,2262,2274,1290,832,1906,.437,181,579,.313,417,634,.658,371,1191,434,257,159,469,611,71.7,97.8,.333,.304,.512,50.3,52.2,11.1,14.8,.484,17.5,30.9,.219
Detroit Mercy,31,8,23,.258,-9.87,-1.90,6,12,5,8,2,14,2175,2422,1245,724,1850,.391,263,815,.323,464,593,.782,360,1118,322,179,94,421,520,70.6,99.0,.321,.441,.510,49.5,44.5,8.1,8.2,.462,16.5,30.8,.251
Drake,34,20,14,.588,0.43,0.61,8,10,14,2,2,10,2359,2302,1365,854,1864,.458,245,711,.345,406,569,.714,255,1149,507,187,132,438,566,68.0,101.6,.305,.381,.553,51.4,59.4,8.1,11.6,.524,17.0,23.5,.218
Drexel,33,14,19,.424,-5.38,-2.20,6,12,10,5,1,13,2254,2323,1325,821,1860,.441,241,690,.349,371,530,.700,344,1162,475,186,93,481,538,67.9,100.3,.285,.371,.534,51.8,57.9,8.3,7.0,.506,18.6,30.4,.199
Duke,31,25,6,.806,22.55,8.00,15,5,15,2,7,4,2558,2107,1260,920,1957,.470,217,617,.352,501,696,.720,394,1244,479,258,188,409,557,72.9,111.4,.356,.315,.559,53.8,52.1,11.2,13.6,.526,15.2,34.8,.256
Duquesne,30,21,9,.700,6.77,1.67,11,7,10,4,6,3,2146,1993,1215,758,1711,.443,235,738,.318,395,562,.703,300,1038,428,207,161,378,463,67.8,104.2,.328,.431,.542,49.8,56.5,10.1,14.8,.512,16.0,29.2,.231
East Carolina,31,11,20,.355,-2.27,1.82,5,13,9,7,1,11,2111,2238,1250,741,1759,.421,162,577,.281,467,647,.722,297,1095,424,202,93,426,642,70.7,95.6,.368,.328,.511,50.3,57.2,9.1,9.2,.467,17.1,27.3,.265
East Tennessee State,34,30,4,.882,7.63,-1.82,16,2,16,1,11,3,2593,2146,1360,919,1936,.475,260,752,.346,495,713,.694,370,1206,471,278,121,412,598,68.2,111.9,.368,.388,.570,53.4,51.3,12.0,10.9,.542,15.3,32.7,.256
Eastern Illinois,32,17,15,.531,-5.08,-7.41,9,9,10,2,5,11,2377,2214,1290,890,1944,.458,215,629,.342,382,579,.660,342,1169,449,245,141,402,526,70.9,104.0,.298,.324,.536,50.4,50.4,10.7,11.5,.513,15.3,29.2,.197
Eastern Kentucky,33,16,17,.485,-9.17,-4.46,12,6,10,4,5,10,2464,2488,1320,857,2084,.411,268,835,.321,482,664,.726,334,1113,397,307,70,461,602,76.2,98.0,.319,.401,.513,45.2,46.3,12.2,5.5,.476,16.1,25.7,.231
Eastern Michigan,32,16,16,.500,-3.12,0.95,6,12,11,4,3,12,2078,2050,1280,725,1703,.426,180,643,.280,448,714,.627,313,1085,311,314,105,458,544,68.1,95.4,.419,.378,.509,48.6,42.9,14.4,11.6,.479,18.3,27.8,.263
Eastern Washington,31,23,8,.742,2.01,-1.81,16,4,13,2,10,6,2509,2259,1250,913,1986,.460,288,826,.349,395,569,.694,328,1186,544,221,112,398,578,74.3,108.0,.287,.416,.556,50.9,59.6,9.5,8.7,.532,15.0,28.3,.199
Elon,34,13,21,.382,-7.81,-2.03,7,11,8,8,3,12,2337,2438,1365,805,1932,.417,346,952,.363,381,518,.736,282,1108,453,160,64,392,660,67.3,101.8,.268,.493,.536,48.2,56.3,7.0,6.0,.506,15.3,23.5,.197
Evansville,32,9,23,.281,-7.04,0.61,0,18,5,10,3,10,2149,2368,1310,746,1769,.422,241,750,.321,416,570,.730,224,1005,392,152,74,406,534,67.9,96.7,.322,.424,.527,46.6,52.5,6.8,5.7,.490,16.6,20.3,.235
Fairfield,32,12,20,.375,-9.65,-4.81,8,12,5,8,6,9,1857,2012,1300,651,1669,.390,138,486,.284,417,600,.695,327,1099,276,164,88,440,524,63.6,89.8,.359,.291,.475,51.6,42.4,7.9,8.2,.431,18.4,30.2,.250
Fairleigh Dickinson,30,11,19,.367,-9.94,-5.87,9,9,7,5,4,14,2167,2236,1210,787,1740,.452,222,622,.357,371,513,.723,273,1007,356,191,99,389,489,69.3,103.4,.295,.357,.546,48.3,45.2,9.1,9.4,.516,16.4,26.8,.213
Florida,31,19,12,.613,14.94,9.10,11,7,11,4,4,7,2228,2047,1250,791,1729,.457,221,636,.347,425,588,.723,313,1080,368,178,121,369,528,66.3,107.5,.340,.368,.555,52.4,46.5,8.6,11.1,.521,15.5,31.1,.246
Florida A&M,27,12,15,.444,-12.17,-6.24,10,6,8,0,4,13,1824,1984,1105,664,1582,.420,107,377,.284,389,613,.635,323,944,272,202,51,415,519,70.8,93.3,.387,.238,.487,48.6,41.0,10.3,5.2,.454,18.1,31.2,.246
Florida Atlantic,32,17,15,.531,-1.66,-1.25,8,10,14,3,2,12,2275,2222,1295,822,1928,.426,266,813,.327,365,519,.703,341,1169,391,234,66,427,542,70.2,100.0,.269,.422,.523,51.0,47.6,10.3,5.8,.495,16.4,28.9,.189
Florida Gulf Coast,32,10,22,.313,-10.26,-4.30,7,9,6,10,4,12,1979,2122,1295,731,1782,.410,233,741,.314,284,412,.689,314,1095,408,195,140,495,508,66.8,91.5,.231,.416,.500,49.2,55.8,9.0,12.4,.476,20.0,28.0,.159
Florida International,32,19,13,.594,0.90,-1.00,9,9,11,3,6,9,2455,2319,1285,898,1968,.456,286,819,.349,373,574,.650,347,1141,469,280,206,482,553,73.9,103.4,.292,.416,.548,47.8,52.2,11.8,16.2,.529,17.7,29.5,.190
Florida State,31,26,5,.839,17.28,7.64,16,4,16,0,7,5,2336,2037,1250,844,1848,.457,230,655,.351,418,557,.750,350,1099,409,273,162,410,542,69.7,107.3,.301,.354,.553,51.9,48.5,12.5,15.9,.519,16.3,33.4,.226
Fordham,31,9,22,.290,-3.58,-0.45,2,16,6,12,1,8,1816,1913,1255,646,1683,.384,223,702,.318,301,455,.662,236,1021,351,219,80,385,535,65.2,88.8,.270,.417,.478,47.0,54.3,10.7,9.2,.450,16.9,21.3,.179
Fresno State,30,11,19,.367,2.08,3.39,7,11,7,7,4,10,2075,2068,1225,713,1704,.418,284,835,.340,365,519,.703,329,1112,372,147,113,383,496,65.3,103.8,.305,.490,.532,52.0,52.2,7.4,11.1,.502,16.4,30.5,.214
Furman,32,25,7,.781,6.79,-1.55,15,3,14,1,10,5,2457,2123,1290,881,1857,.474,302,859,.352,393,561,.701,249,1010,475,264,90,366,495,69.3,110.0,.302,.463,.579,47.8,53.9,11.8,8.5,.556,14.7,23.6,.212
Gardner-Webb,32,16,16,.500,-5.56,-5.83,11,7,7,5,6,10,2318,2272,1315,810,1809,.448,254,706,.360,444,640,.694,299,1118,438,201,150,399,520,67.7,104.1,.354,.390,.549,49.7,54.1,9.0,13.7,.518,15.9,27.1,.245
George Mason,32,17,15,.531,0.86,1.48,5,13,10,7,3,8,2148,2168,1285,765,1805,.424,189,622,.304,429,621,.691,380,1192,349,194,149,435,537,67.4,99.2,.344,.345,.511,52.5,45.6,9.0,13.3,.476,17.2,33.1,.238
George Washington,32,12,20,.375,-3.99,0.92,6,12,7,9,3,9,2086,2243,1300,728,1726,.422,235,733,.321,395,566,.698,249,1057,380,172,130,420,532,66.6,96.4,.328,.425,.523,48.3,52.2,7.9,10.1,.490,17.4,23.0,.229
Georgetown,32,15,17,.469,10.38,9.60,5,13,10,8,4,7,2389,2364,1280,840,1921,.437,206,595,.346,503,652,.771,375,1222,479,200,130,433,511,71.6,104.3,.339,.310,.535,52.1,57.0,8.7,11.5,.491,16.3,32.4,.262
Georgia,32,16,16,.500,8.28,8.06,5,13,12,5,3,9,2428,2418,1300,875,1941,.451,223,743,.300,455,648,.702,376,1208,431,228,104,471,604,72.0,103.8,.334,.383,.540,51.4,49.3,9.7,8.0,.508,17.3,32.3,.234
Georgia Southern,33,20,13,.606,1.69,-0.83,12,8,11,4,8,8,2494,2332,1320,874,1979,.442,260,792,.328,486,721,.674,325,1175,407,260,127,428,542,73.3,103.1,.364,.400,.537,48.5,46.6,10.7,10.2,.507,15.6,26.6,.246
Georgia State,32,19,13,.594,3.09,0.13,12,8,12,3,6,10,2499,2311,1290,879,2005,.438,278,767,.362,463,626,.740,371,1179,467,251,135,452,684,74.0,104.6,.312,.383,.543,49.7,53.1,10.5,11.2,.508,16.4,31.6,.231
Georgia Tech,31,17,14,.548,10.49,9.19,11,9,10,6,6,7,2126,2059,1250,781,1727,.452,161,516,.312,403,595,.677,299,1121,425,220,142,502,591,70.7,96.3,.345,.299,.529,51.7,54.4,10.0,11.7,.499,20.0,29.4,.233
Gonzaga,33,31,2,.939,22.70,3.13,15,1,17,0,10,1,2885,2239,1325,1048,2035,.515,246,637,.386,543,789,.688,375,1324,550,243,127,368,484,72.5,120.1,.388,.313,.599,56.6,52.5,10.1,9.5,.575,13.2,33.7,.267
Grambling,32,17,15,.531,-12.39,-9.79,11,7,11,2,6,12,2280,2188,1280,832,1837,.453,155,506,.306,461,676,.682,329,1145,412,239,128,456,589,71.8,99.2,.368,.275,.528,51.9,49.5,10.4,11.4,.495,17.4,30.5,.251
Grand Canyon,30,13,17,.433,-6.32,-4.05,8,8,8,8,4,6,2116,2191,1210,740,1641,.451,180,541,.333,456,611,.746,224,976,355,144,39,344,485,67.8,103.2,.372,.330,.548,48.2,48.0,7.0,3.7,.506,15.1,23.0,.278
Green Bay,33,17,16,.515,-4.80,-2.80,11,7,10,5,7,10,2694,2643,1335,968,2109,.459,252,683,.369,506,669,.756,325,1200,534,228,102,411,634,75.3,107.3,.317,.324,.555,48.5,55.2,9.1,8.1,.519,14.5,26.8,.240
Hampton,34,15,19,.441,-12.02,-5.80,8,10,11,5,3,13,2635,2693,1370,924,2025,.456,213,641,.332,574,821,.699,347,1248,497,171,128,397,650,71.9,107.0,.405,.317,.546,49.5,53.8,6.9,10.0,.509,14.1,28.2,.283
Hartford,33,18,15,.545,-6.79,-6.02,9,7,9,8,9,7,2201,2203,1325,773,1850,.418,253,742,.341,402,572,.703,264,1121,428,241,78,444,575,69.2,96.0,.309,.401,.519,47.0,55.4,10.5,6.5,.486,17.3,22.9,.217
Harvard,29,21,8,.724,3.06,-1.55,10,4,11,1,9,4,2114,1928,1180,763,1680,.454,209,635,.329,379,541,.701,305,1110,343,187,153,403,505,68.9,104.0,.322,.378,.546,53.4,45.0,9.2,14.1,.516,17.2,30.4,.226
Hawaii,30,17,13,.567,-1.27,-2.10,8,8,14,6,3,7,2057,2016,1205,731,1715,.426,215,652,.330,380,540,.704,287,1009,403,164,63,392,527,68.9,99.1,.315,.380,.522,50.1,55.1,7.9,5.1,.489,16.6,27.8,.222
High Point,32,9,23,.281,-16.31,-5.34,6,12,6,9,3,14,2110,2396,1290,711,1751,.406,198,619,.320,490,701,.699,360,1108,391,164,114,459,590,67.7,96.7,.400,.354,.506,51.3,55.0,7.5,11.9,.463,18.0,32.2,.280
Hofstra,34,26,8,.765,3.06,-3.85,14,4,10,4,11,4,2596,2326,1360,895,1991,.450,282,753,.375,524,669,.783,352,1184,419,235,73,383,482,68.9,110.8,.336,.378,.562,50.8,46.8,10.0,5.7,.520,14.2,30.3,.263
Holy Cross,32,3,29,.094,-18.07,-4.26,2,16,2,12,0,16,2106,2537,1295,789,1829,.431,219,689,.318,309,461,.670,280,1033,371,156,88,458,569,68.9,94.5,.252,.377,.514,47.6,47.0,7.0,7.0,.491,18.3,25.1,.169
Houston,31,23,8,.742,16.46,6.30,13,5,14,2,6,6,2241,1926,1245,788,1868,.422,216,641,.337,449,615,.730,447,1286,400,161,151,369,608,66.8,107.8,.329,.343,.519,56.5,50.8,7.7,15.1,.480,14.6,38.7,.240
Houston Christian,29,4,25,.138,-17.41,-3.62,4,16,2,9,2,15,2323,2723,1165,798,1800,.443,216,594,.364,511,684,.747,353,1046,370,164,64,487,586,78.0,102.3,.380,.330,.547,49.4,46.4,7.2,5.1,.503,18.6,32.2,.284
Howard,33,4,29,.121,-21.88,-7.98,1,15,2,13,1,14,2306,2682,1335,808,1922,.420,247,718,.344,443,637,.695,320,1088,443,180,119,486,609,71.9,96.0,.331,.374,.518,45.0,54.8,7.5,9.2,.485,17.9,26.4,.230
Idaho,32,8,24,.250,-12.07,-2.10,4,16,5,10,2,12,2086,2329,1285,784,1780,.440,156,463,.337,362,536,.675,261,1082,384,177,71,451,554,69.3,93.8,.301,.260,.513,49.7,49.0,8.0,6.1,.484,18.1,24.4,.203
Idaho State,30,8,22,.267,-8.62,-1.62,4,16,4,9,3,13,2093,2198,1215,760,1664,.457,192,551,.348,381,581,.656,291,985,350,137,73,405,458,67.7,101.8,.349,.331,.539,50.6,46.1,6.7,5.7,.514,17.3,29.3,.229
Illinois,31,21,10,.677,15.27,9.84,13,7,15,3,6,6,2239,2024,1245,811,1831,.443,175,566,.309,442,607,.728,393,1224,411,151,89,375,497,67.5,106.6,.332,.309,.528,55.3,50.7,7.2,7.3,.491,15.0,35.8,.241
Illinois State,31,10,21,.323,-2.70,1.97,5,13,9,6,1,11,2050,2171,1245,740,1745,.424,258,726,.355,312,439,.711,275,1037,373,179,77,446,529,68.4,96.3,.252,.416,.525,48.9,50.4,8.4,7.3,.498,18.6,25.6,.179
Illinois-Chicago,35,18,17,.514,-3.74,-3.80,10,8,11,7,5,9,2412,2407,1405,880,1984,.444,252,747,.337,400,584,.685,333,1310,494,201,152,549,682,70.5,97.4,.294,.377,.533,51.3,56.1,8.1,12.0,.507,19.5,27.9,.202
Incarnate Word,31,9,22,.290,-18.57,-6.85,6,14,7,9,2,13,2050,2292,1260,726,1741,.417,187,623,.300,411,558,.737,298,1000,382,224,80,474,585,69.2,94.0,.321,.358,.511,47.1,52.6,10.3,6.9,.471,19.1,27.6,.236
Indiana,32,20,12,.625,15.07,10.35,9,11,15,4,2,8,2286,2135,1285,812,1825,.445,176,540,.326,486,716,.679,361,1210,414,179,140,403,549,68.7,103.6,.392,.296,.528,54.0,51.0,8.1,12.6,.493,15.7,32.4,.266
Indiana State,30,18,12,.600,3.22,1.81,11,7,12,1,4,8,2052,2004,1205,731,1617,.452,209,555,.377,381,532,.716,227,957,377,165,102,343,509,66.2,102.9,.329,.343,.549,49.2,51.6,8.3,10.0,.517,15.5,23.5,.236
Iona,29,12,17,.414,-6.23,-5.37,9,11,5,6,4,9,2030,2055,1175,697,1586,.439,224,673,.333,412,535,.770,231,971,382,199,108,413,540,68.6,100.7,.337,.424,.552,48.5,54.8,9.9,10.4,.510,18.3,25.1,.260
Iowa,31,20,11,.645,16.07,10.62,11,9,14,2,4,7,2410,2241,1240,842,1868,.451,244,703,.347,482,643,.750,356,1162,538,191,120,375,496,70.6,110.2,.344,.376,.554,51.5,63.9,8.7,10.6,.516,14.7,32.0,.258
Iowa State,32,12,20,.375,9.10,10.07,5,13,11,6,0,11,2304,2335,1285,836,1905,.439,227,718,.316,405,543,.746,327,1097,443,238,135,425,517,70.4,101.9,.285,.377,.533,48.9,53.0,10.5,11.3,.498,16.4,29.2,.213
IUPUI,32,7,25,.219,-14.89,-3.39,3,15,4,9,3,14,2256,2564,1290,803,1945,.413,254,753,.337,396,614,.645,363,1140,431,207,79,445,571,71.9,97.3,.316,.387,.504,47.7,53.7,8.9,6.4,.478,16.6,29.3,.204
Jackson State,32,15,17,.469,-10.91,-8.61,11,7,9,3,6,14,2153,2157,1280,787,1855,.424,143,541,.264,436,649,.672,298,1036,362,260,117,410,627,71.1,94.6,.350,.292,.498,47.9,46.0,11.4,10.2,.463,15.9,26.2,.235
Jacksonville,32,14,18,.438,-6.50,-5.63,7,9,6,7,7,9,2139,2133,1295,778,1813,.429,205,643,.319,378,564,.670,327,1217,356,161,91,440,498,67.6,97.7,.311,.355,.514,52.5,45.8,7.4,7.9,.486,17.5,29.2,.208
Jacksonville State,32,13,19,.406,-8.29,-6.36,8,10,8,6,4,11,2294,2218,1285,844,1893,.446,226,680,.332,380,550,.691,354,1165,439,202,82,452,505,70.0,102.1,.291,.359,.532,52.8,52.0,9.0,7.3,.506,17.3,31.4,.201
James Madison,30,9,21,.300,-9.23,-2.78,2,16,6,9,3,11,2157,2296,1200,750,1787,.420,231,721,.320,426,652,.653,303,1128,368,187,87,373,523,72.1,99.7,.365,.403,.514,49.7,49.1,8.6,8.1,.484,15.1,26.2,.238
Kansas,31,28,3,.903,24.96,11.63,17,1,14,1,11,1,2312,1882,1245,851,1758,.484,199,578,.344,411,616,.667,333,1196,432,237,145,396,454,67.9,109.4,.350,.329,.564,54.7,50.8,11.2,13.6,.541,16.2,32.8,.234
Kansas City,30,16,14,.533,-6.07,-3.62,8,7,9,4,5,8,2094,1976,1225,771,1684,.458,214,596,.359,338,494,.684,261,936,396,242,94,390,640,66.7,102.5,.293,.354,.546,48.2,51.4,11.9,9.4,.521,16.9,26.0,.201
Kansas State,32,11,21,.344,8.70,9.48,3,15,9,7,1,10,2054,2079,1285,721,1742,.414,213,681,.313,399,604,.661,331,1050,397,277,78,459,611,67.2,95.1,.347,.391,.506,48.9,55.1,12.8,7.9,.475,18.4,29.6,.229
Kennesaw State,29,1,28,.034,-22.60,-2.63,0,16,1,10,0,16,1602,2181,1160,560,1580,.354,121,488,.248,361,513,.704,280,932,235,146,57,427,489,68.1,81.1,.325,.309,.439,45.9,42.0,7.4,5.5,.393,19.0,25.8,.228
Kent State,32,20,12,.625,3.68,-0.72,9,9,14,3,5,7,2442,2241,1300,886,1952,.454,268,791,.339,402,553,.727,345,1157,445,218,132,407,596,70.1,107.2,.283,.405,.551,50.7,50.2,9.6,11.2,.523,15.5,30.7,.206
Kentucky,31,25,6,.806,15.78,7.46,15,3,16,2,8,2,2307,2049,1250,795,1723,.461,157,458,.343,560,703,.797,300,1136,415,162,153,387,568,68.5,107.9,.408,.266,.561,53.0,52.2,7.6,13.6,.507,15.8,30.8,.325
La Salle,30,15,15,.500,-0.23,1.71,6,12,8,7,4,8,2040,2098,1215,711,1718,.414,240,714,.336,378,568,.665,311,1048,391,241,93,440,586,69.8,96.2,.331,.416,.513,49.6,55.0,11.4,8.9,.484,18.1,28.6,.220
Lafayette,31,19,12,.613,-5.91,-5.94,10,8,9,5,10,7,2174,2133,1240,798,1765,.452,265,774,.342,313,422,.742,238,1079,473,147,138,375,442,67.7,103.6,.239,.439,.553,49.7,59.3,7.0,11.3,.527,16.0,23.4,.177
Lamar,32,17,15,.531,-7.24,-6.45,10,10,10,5,6,10,2312,2227,1290,831,1903,.437,189,572,.330,461,654,.705,360,1138,427,284,146,467,531,71.7,99.9,.344,.301,.522,49.1,51.4,12.3,12.3,.486,17.4,30.8,.242
Lehigh,32,11,21,.344,-10.93,-3.90,7,11,8,6,3,15,2184,2339,1290,826,1846,.447,180,538,.335,352,480,.733,282,1110,404,174,77,442,564,69.5,97.5,.260,.291,.527,50.7,48.9,7.8,7.1,.496,17.6,26.3,.191
Liberty,34,30,4,.882,5.15,-7.26,13,3,17,0,7,4,2332,1830,1360,841,1755,.479,260,711,.366,390,547,.713,250,1131,446,192,95,318,456,61.3,111.8,.312,.405,.579,53.2,53.0,9.2,9.2,.553,13.6,24.8,.222
Lipscomb,32,16,16,.500,-7.08,-4.45,9,7,9,5,7,11,2255,2261,1285,834,1849,.451,218,640,.341,369,533,.692,299,1129,423,172,83,410,488,68.8,102.0,.288,.346,.536,50.4,50.7,7.8,7.4,.510,16.3,27.1,.200
Little Rock,31,21,10,.677,2.27,-1.07,15,5,13,2,8,8,2270,2152,1240,777,1653,.470,188,543,.346,528,744,.710,307,1096,462,214,113,479,577,70.2,104.4,.450,.328,.566,52.2,59.5,9.8,10.4,.527,19.3,30.7,.319
Long Beach State,32,11,21,.344,-8.72,1.08,6,10,8,6,2,13,2157,2404,1290,772,1789,.432,187,533,.351,426,609,.700,281,1092,354,189,132,515,565,71.8,93.1,.340,.298,.519,48.0,45.9,8.2,11.4,.484,19.9,25.4,.238
Long Island University,33,15,18,.455,-8.38,-6.16,9,9,8,6,6,11,2504,2534,1340,867,1966,.441,312,906,.344,458,641,.715,255,1125,471,223,111,461,562,73.9,101.2,.326,.461,.551,46.2,54.3,9.0,8.2,.520,16.9,21.5,.233
Longwood,32,14,18,.438,-12.45,-9.31,9,9,8,6,6,11,2148,2195,1300,720,1781,.404,293,857,.342,415,592,.701,272,1097,349,215,67,437,595,68.5,96.5,.332,.481,.521,48.7,48.5,9.7,6.7,.487,17.5,23.6,.233
Louisiana,33,14,19,.424,-4.60,-0.67,8,12,10,6,3,12,2416,2514,1325,825,1972,.418,259,806,.321,507,682,.743,349,1161,378,198,103,464,584,72.8,100.1,.346,.409,.526,49.3,45.8,8.2,8.2,.484,16.8,29.0,.257
Louisiana State,31,21,10,.677,14.43,7.20,12,6,15,2,5,6,2495,2271,1250,886,1880,.471,211,645,.327,512,666,.769,375,1230,398,195,121,390,495,70.8,112.8,.354,.343,.568,54.3,44.9,8.8,10.6,.527,15.1,35.1,.272
Louisiana Tech,30,22,8,.733,7.06,-1.48,13,5,15,1,7,7,2235,1910,1210,821,1763,.466,251,704,.357,342,512,.668,314,1110,401,222,75,373,508,68.2,108.2,.290,.399,.557,51.9,48.8,10.8,7.4,.537,15.7,30.3,.194
Louisiana-Monroe,29,9,20,.310,-6.50,-0.16,5,15,7,8,2,12,1831,1956,1165,653,1556,.420,180,539,.334,345,506,.682,260,979,336,130,96,394,488,66.2,94.9,.325,.346,.510,49.2,51.5,6.7,9.4,.478,18.0,27.0,.222
Louisville,31,24,7,.774,17.94,7.55,15,5,17,1,6,5,2296,1974,1250,810,1787,.453,255,679,.376,421,576,.731,335,1197,433,157,83,376,524,67.1,109.4,.322,.380,.557,54.5,53.5,7.5,7.9,.525,15.4,32.0,.236
Loyola (IL),32,21,11,.656,5.70,0.54,13,5,14,2,5,6,2198,2007,1295,803,1616,.497,185,504,.367,407,626,.650,200,963,457,252,51,411,443,65.7,103.4,.387,.312,.574,49.7,56.9,11.9,5.4,.554,17.7,21.4,.252
Loyola (MD),32,15,17,.469,-9.59,-7.23,7,11,9,4,5,13,2348,2394,1290,830,1784,.465,212,663,.320,476,747,.637,281,1104,495,216,93,438,564,71.3,102.2,.419,.372,.549,49.2,59.6,9.4,8.0,.525,17.0,25.9,.267
Loyola Marymount,32,11,21,.344,-1.09,3.88,4,12,7,9,2,9,2057,2168,1285,751,1616,.465,173,560,.309,382,561,.681,252,960,372,187,67,449,606,64.7,98.9,.347,.347,.546,50.6,49.5,9.0,7.4,.518,19.3,27.5,.236
Maine,31,9,22,.290,-11.88,-3.71,5,11,5,7,3,15,1904,2109,1250,689,1693,.407,206,732,.281,320,450,.711,300,1062,428,215,107,466,547,66.2,92.1,.266,.432,.499,50.4,62.1,10.4,11.4,.468,19.6,28.5,.189
Manhattan,31,13,18,.419,-8.42,-6.26,8,12,7,6,5,11,1924,1991,1250,676,1708,.396,210,679,.309,362,583,.621,343,1070,392,218,123,432,634,66.3,92.8,.341,.398,.485,49.2,58.0,10.5,11.7,.457,17.9,30.1,.212
Marist,30,7,23,.233,-12.22,-7.08,6,14,4,10,3,12,1816,1970,1225,639,1634,.391,223,654,.341,315,486,.648,277,1010,315,204,88,420,553,65.5,90.5,.297,.400,.487,49.3,49.3,10.2,9.9,.459,18.4,25.9,.193
Marquette,30,18,12,.600,15.44,9.30,8,10,13,3,3,8,2333,2149,1220,759,1764,.430,301,787,.382,514,692,.743,317,1195,406,154,127,410,572,71.4,107.2,.392,.446,.557,53.2,53.5,7.1,10.6,.516,16.4,29.8,.291
Marshall,32,17,15,.531,1.70,-0.05,10,8,10,6,5,9,2429,2339,1285,897,2028,.442,245,783,.313,390,588,.663,347,1240,454,260,190,471,602,75.5,100.1,.290,.386,.526,48.5,50.6,10.7,14.3,.503,17.0,27.9,.192
Maryland,31,24,7,.774,17.82,10.50,14,6,16,1,5,6,2226,1999,1240,744,1774,.419,238,765,.311,500,669,.747,348,1184,409,142,134,350,463,67.7,106.0,.377,.431,.532,52.9,55.0,6.8,11.8,.486,14.3,31.5,.282
Maryland-Baltimore County,33,16,17,.485,-8.08,-4.43,8,8,11,5,5,10,2255,2207,1325,816,1843,.443,229,723,.317,394,611,.645,297,1136,407,178,79,416,532,68.0,100.1,.332,.392,.529,49.9,49.9,7.9,7.8,.505,16.3,26.1,.214
Maryland-Eastern Shore,32,5,27,.156,-22.03,-6.45,4,12,4,6,1,20,1841,2278,1290,676,1869,.362,187,745,.251,302,478,.632,333,1095,354,246,102,475,579,69.6,82.0,.256,.399,.439,46.2,52.4,11.0,9.3,.412,18.5,26.1,.162
Massachusetts,31,14,17,.452,1.12,3.79,8,10,11,5,3,9,2124,2207,1250,758,1780,.426,235,715,.329,373,532,.701,278,1006,412,211,99,407,566,69.2,98.2,.299,.402,.522,47.3,54.4,9.8,8.2,.492,16.7,25.7,.210
Massachusetts-Lowell,32,13,19,.406,-8.19,-5.35,7,9,8,9,5,10,2388,2433,1295,838,1830,.458,222,655,.339,490,688,.712,301,1087,462,221,83,430,536,70.9,104.0,.376,.358,.554,49.2,55.1,9.6,6.7,.519,16.6,27.5,.268
McNeese State,32,15,17,.469,-9.11,-6.93,10,10,10,5,5,11,2540,2390,1290,911,1833,.497,269,675,.399,449,620,.724,321,1153,522,211,124,509,534,71.8,109.7,.338,.368,.597,52.3,57.3,9.1,10.3,.570,19.3,31.7,.245
Memphis,31,21,10,.677,12.16,5.07,10,8,15,3,5,6,2232,2012,1250,775,1763,.440,204,620,.329,478,704,.679,324,1240,438,242,184,510,607,73.1,97.7,.399,.352,.532,52.2,56.5,10.6,15.3,.497,19.6,30.0,.271
Mercer,32,17,15,.531,-3.13,-2.70,11,7,9,6,8,6,2294,2248,1280,847,1885,.449,246,686,.359,354,490,.722,332,1172,461,211,83,463,601,70.4,101.9,.260,.364,.542,53.2,54.4,9.4,7.6,.515,17.9,31.1,.188
Merrimack,31,20,11,.645,-6.93,-6.53,14,4,10,2,9,8,1948,1866,1255,705,1682,.419,247,728,.339,291,427,.681,243,890,397,308,92,368,536,64.4,96.4,.254,.433,.517,43.8,56.3,15.2,8.6,.493,16.3,23.2,.173
Miami (FL),31,15,16,.484,6.63,8.66,7,13,9,5,4,8,2207,2270,1270,796,1855,.429,219,690,.317,396,522,.759,292,1069,310,183,119,374,447,68.7,101.2,.281,.372,.525,47.2,38.9,8.4,9.4,.488,15.1,26.0,.213
Miami (OH),32,13,19,.406,-4.17,-0.57,5,13,10,6,2,11,2269,2275,1280,814,1920,.424,268,791,.339,373,513,.727,304,1130,383,164,75,363,584,69.2,102.5,.267,.412,.524,48.8,47.1,7.4,6.8,.494,14.4,25.9,.194
Michigan,31,19,12,.613,17.94,11.17,10,10,11,5,4,7,2326,2116,1255,861,1864,.462,247,729,.339,357,498,.717,267,1119,454,169,140,332,470,69.3,107.0,.267,.391,.554,50.6,52.7,7.8,10.3,.528,13.6,25.0,.192
Michigan State,31,22,9,.710,21.92,10.76,14,6,12,3,7,4,2353,2007,1240,845,1833,.461,239,687,.348,424,565,.750,344,1258,549,159,156,389,523,69.4,109.4,.308,.375,.560,55.1,65.0,7.4,13.4,.526,15.6,32.8,.231
Middle Tennessee,31,8,23,.258,-8.41,0.84,4,14,5,10,3,10,2193,2332,1250,776,1850,.419,255,763,.334,386,576,.670,332,1083,406,211,91,435,620,71.2,98.5,.311,.412,.516,49.0,52.3,9.5,7.9,.488,17.0,28.1,.209
Milwaukee,31,12,19,.387,-7.22,-3.91,7,11,7,8,4,9,2216,2252,1265,788,1908,.413,241,754,.320,399,563,.709,353,1115,387,182,95,417,668,70.6,99.2,.295,.395,.509,49.1,49.1,8.1,8.5,.476,16.1,29.5,.209
Minnesota,31,15,16,.484,16.39,11.55,8,12,11,5,2,10,2205,2055,1250,796,1871,.425,257,762,.337,356,515,.691,360,1217,466,147,144,351,515,67.3,104.9,.275,.407,.521,52.1,58.5,7.0,11.3,.494,14.2,31.3,.190
Mississippi,32,15,17,.469,7.37,6.90,6,12,12,5,1,10,2208,2193,1290,769,1780,.432,192,600,.320,478,655,.730,288,1080,413,229,91,420,621,68.8,99.5,.368,.337,.528,49.2,53.7,10.3,8.0,.486,16.7,26.2,.269
Mississippi State,31,20,11,.645,12.21,6.96,11,7,14,2,4,7,2275,2112,1240,802,1713,.468,161,479,.336,510,676,.754,371,1160,415,174,158,431,542,67.3,109.0,.395,.280,.559,55.1,51.7,8.3,14.0,.515,17.5,37.0,.298
Mississippi Valley State,30,3,27,.100,-29.08,-7.68,3,15,1,8,2,19,2048,2690,1205,750,2032,.369,246,837,.294,302,466,.648,313,1049,313,218,87,433,586,78.9,86.1,.229,.412,.454,42.2,41.7,9.2,6.6,.430,16.1,23.4,.149
Missouri,31,15,16,.484,8.51,6.54,7,11,12,4,2,10,2081,2020,1250,700,1707,.410,205,690,.297,476,610,.780,337,1091,352,209,99,437,656,67.1,99.3,.357,.404,.521,51.5,50.3,10.0,10.0,.470,18.0,31.4,.279
Missouri State,33,16,17,.485,3.50,0.71,9,9,11,4,3,10,2330,2238,1325,843,1923,.438,230,650,.354,414,553,.749,359,1226,391,211,86,448,599,68.6,102.6,.288,.338,.533,54.6,46.4,9.3,7.7,.498,17.0,31.9,.215
Monmouth,31,18,13,.581,-4.51,-5.19,12,8,11,2,6,10,2209,2188,1245,755,1842,.410,227,680,.334,472,655,.721,301,1058,399,248,86,397,621,72.1,98.5,.356,.369,.513,47.1,52.8,11.1,8.5,.471,15.6,25.5,.256
Montana,31,18,13,.581,0.59,-1.52,14,6,12,3,6,10,2195,2122,1255,841,1777,.473,174,486,.358,339,469,.723,195,970,387,195,101,370,628,69.4,100.8,.264,.273,.549,48.0,46.0,9.0,9.0,.522,15.6,19.6,.191
Montana State,31,16,15,.516,-5.01,-2.29,10,10,9,5,5,10,2066,2076,1240,721,1622,.445,175,532,.329,449,606,.741,225,1076,351,170,72,433,543,68.2,97.8,.374,.328,.541,50.9,48.7,8.0,6.8,.498,18.5,22.9,.277
Morehead State,32,13,19,.406,-10.96,-6.42,7,11,11,4,2,14,2208,2240,1295,826,1902,.434,184,639,.288,372,583,.638,342,1187,430,190,141,400,512,69.1,98.7,.307,.336,.507,50.4,52.1,8.5,11.8,.483,15.5,29.0,.196
Morgan State,31,15,16,.484,-12.82,-9.18,9,7,8,6,7,7,2182,2197,1255,766,1807,.424,158,563,.281,492,709,.694,406,1222,365,175,132,511,698,71.4,97.4,.392,.312,.509,53.0,47.7,7.8,12.6,.468,19.2,35.1,.272
Mount St. Mary's,32,11,21,.344,-9.56,-6.47,7,11,8,6,3,15,2053,2132,1295,715,1772,.403,209,678,.308,414,597,.693,344,1120,357,158,105,375,530,64.5,98.3,.337,.383,.499,50.0,49.9,7.6,9.3,.462,15.4,29.6,.234
Murray State,32,23,9,.719,1.99,-6.08,15,3,15,0,6,6,2413,2070,1290,852,1789,.476,210,569,.369,499,704,.709,306,1217,461,181,125,440,565,69.7,107.4,.394,.318,.568,54.5,54.1,8.1,10.7,.535,17.2,29.5,.279
Navy,30,14,16,.467,-7.36,-5.74,8,10,10,5,4,11,1908,1924,1220,673,1647,.409,194,644,.301,368,532,.692,357,1082,333,151,51,360,476,62.6,99.9,.323,.391,.502,53.3,49.5,7.9,5.4,.468,15.9,33.6,.223
NC State,32,20,12,.625,12.05,7.14,10,10,14,4,5,7,2388,2231,1285,885,1958,.452,222,697,.319,396,558,.710,333,1142,434,245,145,383,580,70.6,105.3,.285,.356,.537,49.0,49.0,10.8,11.6,.509,14.7,28.8,.202
Nebraska,32,7,25,.219,2.41,10.66,2,18,5,11,0,12,2235,2499,1305,815,2011,.405,253,796,.318,352,584,.603,293,1134,442,223,79,380,485,72.8,94.1,.290,.396,.488,44.0,54.2,9.4,6.1,.468,14.2,22.1,.175
Nevada,31,19,12,.613,8.91,4.14,12,6,12,3,4,7,2391,2243,1245,840,1879,.447,309,806,.383,400,531,.753,272,1188,462,159,109,372,608,71.7,107.2,.283,.429,.561,51.8,55.0,7.1,10.5,.529,14.9,25.2,.213
Nevada-Las Vegas,32,17,15,.531,6.79,4.76,12,6,12,6,5,7,2307,2242,1315,812,1876,.433,241,755,.319,442,639,.692,396,1255,404,199,88,427,657,67.2,104.4,.341,.402,.529,54.7,49.8,9.0,8.8,.497,16.4,34.0,.236
New Hampshire,30,15,15,.500,-7.60,-6.28,8,8,10,3,5,12,2071,1990,1215,750,1838,.408,255,769,.332,316,470,.672,343,1236,397,144,64,390,548,69.7,97.9,.256,.418,.502,54.0,52.9,6.8,6.1,.477,15.9,29.4,.172
New Mexico,33,19,14,.576,3.47,2.63,7,11,15,3,2,9,2531,2483,1320,892,1913,.466,230,704,.327,517,718,.720,312,1159,494,267,95,475,514,73.0,105.1,.375,.368,.561,49.5,55.4,11.1,8.1,.526,17.4,27.6,.270
New Mexico State,31,25,6,.806,4.11,-4.24,16,0,13,1,9,3,2214,1852,1245,774,1700,.455,283,798,.355,383,534,.717,343,1091,447,191,55,406,491,64.6,110.0,.314,.469,.567,56.4,57.8,9.5,5.7,.539,17.2,34.8,.225
New Orleans,30,9,21,.300,-14.08,-4.73,5,15,6,8,3,13,2262,2323,1200,800,1731,.462,155,459,.338,507,681,.744,285,932,446,232,62,418,577,72.8,103.6,.393,.265,.551,47.7,55.8,10.6,5.5,.507,16.9,28.6,.293
Niagara,32,12,20,.375,-11.02,-4.33,9,11,9,3,2,17,2102,2316,1290,766,1785,.429,243,653,.372,327,435,.752,190,883,381,222,71,338,509,66.5,97.9,.244,.366,.528,41.1,49.7,10.3,6.5,.497,14.5,17.7,.183
Nicholls State,31,21,10,.677,-3.87,-6.02,15,5,13,1,7,8,2388,2144,1250,881,1985,.444,249,739,.337,377,504,.748,351,1077,408,309,115,419,595,73.0,104.6,.254,.372,.537,48.9,46.3,13.5,10.1,.507,15.9,30.8,.190
NJIT,30,9,21,.300,-10.14,-4.83,6,10,5,7,4,14,1904,2030,1200,688,1709,.403,172,569,.302,356,523,.681,274,994,318,170,89,327,506,67.0,94.8,.306,.333,.486,48.0,46.2,8.5,8.4,.453,14.3,25.1,.208
Norfolk State,31,16,15,.516,-7.76,-9.39,12,4,11,2,4,12,2186,2012,1245,754,1820,.414,243,752,.323,435,611,.712,356,1151,406,244,73,436,605,70.3,99.9,.336,.413,.518,51.2,53.8,11.1,7.4,.481,17.1,31.1,.239
North Alabama,30,13,17,.433,-9.00,-5.82,8,8,9,4,4,13,2062,2092,1205,709,1666,.426,208,612,.340,436,633,.689,301,1074,331,195,71,444,590,70.0,97.8,.380,.367,.524,51.0,46.7,9.2,6.5,.488,18.4,28.5,.262
North Carolina,33,14,19,.424,9.45,10.05,6,14,7,8,3,9,2383,2403,1340,865,2058,.420,181,595,.304,470,689,.682,455,1382,472,183,116,426,550,70.4,101.1,.335,.289,.500,55.0,54.6,7.8,9.9,.464,15.2,35.3,.228
North Carolina A&T,32,17,15,.531,-9.66,-7.86,12,4,11,1,4,12,2311,2305,1290,826,1920,.430,181,612,.296,478,785,.609,364,1236,471,260,117,490,668,75.2,95.2,.409,.319,.504,49.2,57.0,10.7,10.0,.477,17.6,28.8,.249
North Carolina Central,31,18,13,.581,-10.04,-8.86,13,3,12,0,5,13,2162,2045,1260,797,1734,.460,182,605,.301,386,591,.653,301,1064,420,260,93,472,588,69.6,98.6,.341,.349,.537,49.4,52.7,11.9,8.7,.512,19.0,29.0,.223
North Dakota,33,15,18,.455,-6.24,-1.38,7,9,8,3,4,13,2470,2467,1330,855,1874,.456,259,762,.340,501,658,.761,284,1172,424,150,75,439,577,70.5,105.4,.351,.407,.565,51.9,49.6,6.4,5.5,.525,16.7,26.0,.267
North Dakota State,33,25,8,.758,2.19,-3.94,13,3,13,1,8,6,2467,2183,1325,837,1878,.446,303,852,.356,490,614,.798,254,1173,393,153,75,330,512,67.8,109.8,.327,.454,.569,52.6,47.0,6.8,5.8,.526,13.2,23.1,.261
North Florida,33,21,12,.636,-0.57,-3.25,13,3,13,2,7,9,2583,2416,1320,889,1975,.450,391,1031,.379,414,543,.762,327,1138,517,164,125,390,530,69.6,112.5,.275,.522,.578,48.8,58.2,7.1,8.2,.549,14.9,28.4,.210
North Texas,31,20,11,.645,7.32,1.66,14,4,13,3,7,6,2203,1962,1245,786,1627,.483,253,667,.379,378,503,.751,266,998,390,195,88,421,530,64.9,109.0,.309,.410,.590,52.4,49.6,9.6,8.7,.561,18.4,29.7,.232
Northeastern,33,17,16,.515,1.45,-3.28,9,9,7,6,7,7,2347,2191,1325,856,1808,.473,269,726,.371,366,463,.790,240,1019,439,251,57,391,553,65.8,107.7,.256,.402,.579,50.6,51.3,11.5,5.3,.548,16.2,24.4,.202
Northern Arizona,30,16,14,.533,-4.65,-2.40,10,10,9,5,6,8,2128,2081,1205,770,1729,.445,216,600,.360,372,531,.701,285,1021,396,195,62,346,480,67.7,104.4,.307,.347,.537,50.7,51.4,9.6,5.9,.508,14.9,27.5,.215
Northern Colorado,31,22,9,.710,5.72,-2.80,15,5,11,3,9,5,2303,1945,1250,837,1790,.468,317,826,.384,312,468,.667,261,1055,416,157,73,314,472,65.9,111.8,.261,.461,.572,51.4,49.7,7.6,5.5,.556,13.5,25.4,.174
Northern Illinois,31,18,13,.581,-1.33,-2.16,11,7,11,4,7,9,2071,1998,1245,751,1814,.414,226,661,.342,343,509,.674,361,1195,311,174,85,366,548,66.2,100.4,.281,.364,.504,52.9,41.4,8.4,8.8,.476,15.1,31.2,.189
Northern Iowa,31,25,6,.806,9.83,1.45,14,4,16,0,8,4,2330,2006,1255,844,1776,.475,287,737,.389,355,468,.759,294,1164,379,143,71,372,443,65.9,112.8,.264,.415,.583,55.2,44.9,6.9,6.4,.556,15.7,29.8,.200
Northern Kentucky,32,23,9,.719,0.28,-4.65,13,5,11,4,10,5,2317,2089,1290,810,1872,.433,259,848,.305,438,636,.689,359,1172,435,259,66,399,574,68.7,104.6,.340,.453,.533,49.7,53.7,11.7,5.4,.502,15.5,30.4,.234
Northwestern,31,8,23,.258,5.35,10.51,3,17,5,11,2,10,2012,2172,1250,743,1785,.416,189,605,.312,337,461,.731,240,1046,424,123,101,325,517,66.7,96.5,.258,.339,.502,46.9,57.1,5.9,9.6,.469,14.0,22.0,.189
Northwestern State,30,15,15,.500,-10.00,-7.07,11,9,9,5,5,10,2265,2270,1205,797,1802,.442,234,658,.356,437,596,.733,335,1167,386,175,132,493,588,74.5,100.9,.331,.365,.543,50.7,48.4,7.8,10.8,.507,19.1,31.0,.243
Notre Dame,32,20,12,.625,11.21,5.62,10,10,15,4,4,7,2376,2197,1290,850,1993,.426,310,899,.345,366,498,.735,322,1209,528,189,118,315,397,69.0,106.8,.250,.451,.533,49.8,62.1,8.5,9.2,.504,12.4,26.9,.184
Oakland,33,14,19,.424,-5.92,-3.10,8,10,8,5,4,12,2239,2301,1340,780,1822,.428,204,690,.296,475,689,.689,339,1195,448,192,99,453,524,67.5,99.0,.378,.379,.521,50.0,57.4,8.5,8.8,.484,17.4,29.1,.261
Ohio,32,17,15,.531,0.74,0.17,8,10,12,5,4,8,2286,2192,1280,822,1837,.447,272,781,.348,370,537,.689,299,1134,471,205,73,406,532,68.8,103.8,.292,.425,.546,51.3,57.3,9.3,6.8,.522,16.3,27.1,.201
Ohio State,31,21,10,.677,19.37,10.24,11,9,15,2,4,7,2234,1951,1240,753,1690,.446,261,700,.373,467,621,.752,308,1140,412,156,107,394,531,66.8,107.9,.367,.414,.563,53.8,54.7,7.5,10.2,.523,16.6,30.7,.276
Oklahoma,31,19,12,.613,13.48,10.64,9,9,12,3,4,8,2177,2089,1240,760,1808,.420,224,704,.318,433,565,.766,259,1143,365,190,135,345,415,69.7,100.8,.313,.389,.524,49.2,48.0,8.8,11.6,.482,14.2,23.4,.239
Oklahoma State,32,18,14,.563,12.01,10.51,7,11,10,6,5,7,2163,2115,1280,757,1783,.425,189,600,.315,460,627,.734,324,1141,379,218,121,426,572,68.5,98.7,.352,.337,.520,50.6,50.1,9.9,12.1,.478,17.0,29.3,.258
Old Dominion,32,13,19,.406,0.02,0.06,9,9,10,4,3,11,2098,2099,1290,768,1898,.405,184,629,.293,378,546,.692,374,1255,340,217,89,393,545,67.5,96.4,.288,.331,.486,53.6,44.3,10.0,9.3,.453,15.4,30.8,.199
Omaha,32,16,16,.500,-5.09,-0.96,9,7,12,2,4,12,2352,2461,1300,886,1973,.449,200,592,.338,380,534,.712,315,1159,393,166,105,391,532,70.7,102.3,.271,.300,.528,50.1,44.4,7.2,8.9,.500,14.9,27.2,.193
Oral Roberts,31,17,14,.548,2.16,-1.58,9,7,13,1,3,12,2485,2265,1250,898,2004,.448,253,758,.334,436,582,.749,364,1175,406,197,79,320,521,71.5,111.1,.290,.378,.545,51.8,45.2,8.8,7.0,.511,12.3,31.3,.218
Oregon,31,24,7,.774,18.22,9.09,13,5,17,0,5,5,2352,2069,1275,857,1825,.470,269,680,.396,369,527,.700,336,1094,446,241,102,368,538,66.1,111.7,.289,.373,.567,51.5,52.0,11.4,9.6,.543,15.1,32.7,.202
Oregon State,31,18,13,.581,9.70,6.15,7,11,12,4,3,8,2207,2097,1240,766,1667,.460,189,582,.325,486,647,.751,263,1009,455,192,151,357,497,66.6,106.9,.388,.349,.559,49.4,59.4,9.3,13.7,.516,15.3,26.5,.292
Pacific,33,23,10,.697,3.81,0.19,11,5,15,3,7,5,2300,2128,1355,843,1872,.450,180,530,.340,434,651,.667,360,1190,383,189,129,400,633,65.9,103.1,.348,.283,.527,56.3,45.4,8.5,11.8,.498,15.5,33.5,.232
Penn State,31,21,10,.677,16.12,9.25,11,9,14,3,5,6,2327,2114,1240,832,1931,.431,249,765,.325,414,598,.692,348,1200,443,233,150,348,543,71.4,105.1,.310,.396,.525,50.8,53.2,10.5,12.1,.495,13.6,29.3,.214
Pennsylvania,27,16,11,.593,1.07,-0.36,8,6,8,3,6,7,1991,1906,1085,741,1625,.456,240,724,.331,269,405,.664,218,979,403,159,90,340,397,71.6,102.6,.249,.446,.548,49.0,54.4,8.2,7.6,.530,15.8,22.8,.166
Pepperdine,32,16,16,.500,2.82,3.60,8,8,9,5,6,7,2441,2466,1305,840,1934,.434,255,726,.351,506,639,.792,311,1104,475,197,121,407,582,71.6,104.5,.330,.375,.545,48.9,56.5,8.4,10.1,.500,15.4,26.9,.262
Pittsburgh,33,16,17,.485,6.80,7.32,6,14,11,7,2,9,2152,2169,1325,755,1867,.404,175,592,.296,467,655,.713,396,1129,404,258,113,403,510,66.0,98.4,.351,.317,.494,48.5,53.5,11.8,10.2,.451,15.6,32.8,.250
Portland,32,9,23,.281,-6.53,1.97,1,15,7,9,2,9,2126,2309,1290,758,1769,.428,216,633,.341,394,582,.677,219,1020,421,179,114,446,546,70.5,93.5,.329,.358,.520,45.7,55.5,7.9,10.0,.490,17.9,20.2,.223
Portland State,32,18,14,.563,-1.50,-2.43,12,8,11,3,6,11,2518,2412,1280,927,2070,.448,208,626,.332,456,634,.719,451,1172,432,277,132,409,587,72.5,108.5,.306,.302,.531,50.7,46.6,11.9,9.9,.498,14.7,36.8,.220
Prairie View,32,19,13,.594,-6.26,-8.36,14,4,12,0,6,12,2302,2186,1290,813,1836,.443,151,493,.306,525,741,.709,305,1045,465,277,89,464,705,72.7,98.2,.404,.269,.526,49.5,57.2,11.8,8.6,.484,17.5,28.1,.286
Presbyterian,32,10,22,.313,-15.06,-6.93,7,11,7,6,3,14,2155,2346,1290,768,1707,.450,197,611,.322,422,592,.713,279,1072,392,188,55,462,594,67.2,99.4,.347,.358,.542,50.2,51.0,8.7,5.6,.508,18.9,26.6,.247
Princeton,27,14,13,.519,-0.75,-1.48,9,5,7,6,5,6,1931,1866,1085,695,1501,.463,235,659,.357,306,417,.734,217,869,363,173,59,340,424,67.2,106.0,.278,.439,.568,50.9,52.2,9.5,5.6,.541,16.7,25.5,.204
Providence,31,19,12,.613,13.45,8.19,12,6,13,3,5,6,2214,2051,1245,764,1852,.413,225,678,.332,461,664,.694,406,1172,445,257,102,417,581,69.6,102.3,.359,.366,.511,51.6,58.2,11.9,9.6,.473,16.1,33.7,.249
Purdue,31,16,15,.516,16.30,10.76,9,11,11,5,4,8,2114,1942,1270,780,1867,.418,223,675,.330,331,482,.687,394,1144,423,202,109,357,544,64.7,102.9,.258,.362,.504,53.0,54.2,9.8,11.3,.478,14.6,34.9,.177
Purdue-Fort Wayne,33,14,19,.424,-7.87,-3.20,6,10,10,5,3,13,2261,2320,1320,830,1945,.427,274,867,.316,327,488,.670,340,1165,417,245,89,456,520,69.5,98.6,.251,.446,.519,51.3,50.2,10.7,8.3,.497,17.3,28.5,.168
Quinnipiac,30,15,15,.500,-7.66,-6.53,10,10,9,5,5,9,2088,2122,1200,707,1695,.417,310,869,.357,364,478,.762,277,1091,409,137,112,411,456,68.9,101.0,.282,.513,.543,51.2,57.9,6.6,9.3,.509,17.6,26.9,.215
Radford,32,21,11,.656,-2.67,-5.71,15,3,11,4,9,6,2302,2115,1285,841,1813,.464,251,707,.355,369,575,.642,340,1166,427,170,68,342,561,65.0,110.2,.317,.390,.552,53.1,50.8,8.1,7.1,.533,14.1,31.5,.204
Rhode Island,30,21,9,.700,9.25,4.78,13,5,12,3,8,5,2200,2066,1210,783,1851,.423,170,539,.315,464,686,.676,359,1162,378,252,116,355,519,71.8,101.2,.371,.291,.505,50.5,48.3,11.6,10.3,.469,14.0,30.4,.251
Rice,32,15,17,.469,-3.09,-0.76,7,11,8,7,5,8,2363,2375,1280,800,1851,.432,317,934,.339,446,619,.721,291,1139,454,190,67,427,524,71.4,103.5,.334,.505,.551,49.7,56.8,8.3,5.7,.518,16.6,25.5,.241
Richmond,31,24,7,.774,11.31,2.76,14,4,14,2,9,3,2335,2070,1250,847,1817,.466,249,688,.362,392,505,.776,234,1074,481,252,78,338,479,69.3,107.9,.278,.379,.568,49.4,56.8,11.6,7.4,.535,14.1,22.6,.216
Rider,30,18,12,.600,-3.09,-5.49,12,8,11,1,5,11,2152,2080,1200,755,1725,.438,184,574,.321,458,704,.651,328,1149,391,202,78,422,522,71.8,99.9,.408,.333,.522,53.4,51.8,9.4,7.9,.491,17.0,30.6,.266
Robert Morris,34,20,14,.588,-4.73,-6.33,13,5,12,3,7,11,2373,2280,1360,874,1968,.444,284,783,.363,341,508,.671,348,1141,562,218,68,433,566,67.5,103.4,.258,.398,.537,49.6,64.3,9.5,5.8,.516,16.4,29.4,.173
Rutgers,31,20,11,.645,15.72,9.68,11,9,18,1,2,8,2168,1942,1250,825,1847,.447,172,554,.310,346,537,.644,365,1245,394,203,142,379,520,67.7,102.5,.291,.300,.516,54.0,47.8,9.6,13.6,.493,15.3,32.4,.187
Sacramento State,30,16,14,.533,-2.08,-2.76,8,12,10,4,4,10,1895,1791,1200,685,1650,.415,151,469,.322,374,520,.719,335,1044,379,207,120,371,527,64.5,97.9,.315,.284,.499,52.9,55.3,10.7,11.3,.461,16.4,32.7,.227
Sacred Heart,33,20,13,.606,-4.75,-7.40,12,6,9,4,10,8,2420,2291,1320,843,1961,.430,251,768,.327,483,658,.734,435,1361,435,164,134,459,522,69.9,104.9,.336,.392,.532,54.7,51.6,7.1,9.8,.494,16.8,36.2,.246
Saint Francis (PA),32,22,10,.688,-2.05,-6.50,13,5,13,2,8,8,2485,2298,1285,899,1923,.467,204,567,.360,483,644,.750,353,1157,374,224,86,390,533,70.3,110.0,.335,.295,.557,52.2,41.6,9.9,7.5,.521,14.9,32.3,.251
Saint Joseph's,32,6,26,.188,-5.54,4.93,2,16,4,10,2,12,2208,2543,1285,761,1942,.392,287,966,.297,399,566,.705,327,1122,400,151,90,414,555,71.3,96.5,.291,.497,.499,47.3,52.6,6.6,6.8,.466,15.8,26.1,.205
Saint Louis,31,23,8,.742,9.41,3.07,12,6,15,3,6,4,2223,2020,1255,819,1804,.454,166,488,.340,419,723,.580,385,1232,450,232,130,396,569,68.7,103.1,.401,.271,.518,54.6,54.9,10.8,12.6,.500,15.6,34.0,.232
Saint Mary's (CA),34,26,8,.765,12.27,5.24,11,5,14,3,6,3,2559,2276,1400,922,1925,.479,276,697,.396,439,582,.754,260,1089,404,224,68,336,562,65.0,112.4,.302,.362,.581,51.4,43.8,9.8,5.3,.551,13.2,25.1,.228
Saint Peter's,30,18,12,.600,-3.67,-5.90,14,6,11,3,6,9,1990,1923,1205,674,1665,.405,185,541,.342,457,632,.723,376,1123,316,223,138,482,629,68.6,96.3,.380,.325,.506,53.9,46.9,10.8,13.6,.460,19.7,35.6,.274
Sam Houston State,31,18,13,.581,-5.17,-6.50,11,9,12,3,6,10,2417,2245,1265,874,1937,.451,236,690,.342,433,584,.741,315,1060,491,287,91,443,642,74.4,102.7,.301,.356,.546,49.4,56.2,12.2,9.0,.512,16.7,28.8,.224
Samford,33,10,23,.303,-13.13,-1.13,4,14,7,8,3,14,2448,2711,1330,862,1996,.432,219,658,.333,505,679,.744,352,1208,391,232,110,513,534,74.6,98.7,.340,.330,.528,48.4,45.4,9.4,9.2,.487,18.1,28.6,.253
San Diego,32,9,23,.281,-3.52,4.35,2,14,6,9,3,10,2101,2319,1295,760,1843,.412,196,633,.310,385,572,.673,285,1062,387,186,107,464,581,70.9,91.5,.310,.343,.497,48.5,50.9,8.1,8.3,.466,18.0,25.5,.209
San Diego State,32,30,2,.938,18.38,3.93,17,1,14,1,11,0,2395,1903,1280,852,1820,.468,291,765,.380,400,519,.771,297,1121,473,221,88,344,534,66.1,113.3,.285,.420,.579,52.5,55.5,10.5,8.9,.548,14.3,28.9,.220
San Francisco,34,22,12,.647,8.56,3.84,9,7,12,5,7,6,2546,2339,1375,906,2050,.442,300,899,.334,434,603,.720,359,1234,410,239,106,412,600,69.2,107.1,.294,.439,.545,52.4,45.3,10.1,7.8,.515,15.0,29.6,.212
San Jose State,31,7,24,.226,-7.55,5.15,3,15,6,10,1,12,2167,2523,1245,728,1871,.389,257,861,.298,454,634,.716,302,1075,404,199,102,430,567,74.1,93.9,.339,.460,.499,46.0,55.5,8.6,8.1,.458,16.5,24.5,.243
Santa Clara,33,20,13,.606,1.95,0.63,6,10,16,5,3,7,2498,2365,1325,877,1898,.462,249,704,.354,495,667,.742,241,1128,507,226,110,443,668,73.0,103.4,.351,.371,.564,48.9,57.8,9.4,8.5,.528,16.7,21.7,.261
Seattle,29,14,15,.483,-3.95,-3.91,7,7,9,4,3,10,2177,2110,1185,731,1800,.406,209,679,.308,506,653,.775,301,1028,316,171,90,297,581,71.4,103.0,.363,.377,.516,48.9,43.2,8.1,8.3,.464,12.3,27.4,.281
Seton Hall,30,21,9,.700,16.75,9.95,13,5,11,4,8,4,2241,2037,1200,783,1754,.446,238,711,.335,437,611,.715,308,1113,437,210,174,398,557,71.0,105.3,.348,.405,.548,50.3,55.8,9.9,14.9,.514,16.3,29.2,.249
Siena,30,20,10,.667,-1.13,-5.66,15,5,14,0,5,10,2167,2031,1215,770,1679,.459,198,558,.355,429,609,.704,321,1096,401,160,92,389,495,67.1,106.3,.363,.332,.550,53.5,52.1,7.8,8.1,.518,16.5,31.9,.256
South Alabama,31,20,11,.645,0.08,-1.03,13,7,11,5,7,5,2209,2092,1245,782,1662,.471,166,502,.331,479,661,.725,259,1019,346,238,115,374,499,67.1,105.8,.398,.302,.559,49.3,44.2,11.4,12.1,.520,15.9,26.5,.288
South Carolina,31,18,13,.581,10.27,6.43,10,8,12,5,6,6,2275,2156,1245,832,1890,.440,174,561,.310,437,696,.628,370,1158,445,240,134,407,723,72.5,100.8,.368,.297,.512,51.3,53.5,10.6,13.3,.486,15.5,32.1,.231
South Carolina State,29,11,18,.379,-16.01,-9.27,6,10,8,5,3,12,2037,2180,1185,705,1618,.436,146,483,.302,481,643,.748,301,1025,328,132,53,418,541,69.1,99.5,.397,.299,.530,51.5,46.5,6.4,4.9,.481,17.9,30.3,.297
South Carolina Upstate,33,13,20,.394,-13.58,-6.06,7,11,9,6,4,13,2286,2460,1320,811,1911,.424,224,697,.321,440,641,.686,318,1088,415,195,80,410,627,69.8,99.3,.335,.365,.516,47.4,51.2,8.5,7.2,.483,15.6,26.3,.230
South Dakota,32,20,12,.625,-1.74,-3.84,10,6,13,2,5,8,2547,2374,1280,889,1805,.493,233,596,.391,536,710,.755,200,1045,444,146,86,339,561,71.4,111.4,.393,.330,.594,50.5,49.9,6.4,7.0,.557,13.7,20.2,.297
South Dakota State,32,22,10,.688,2.29,-4.24,13,3,16,0,6,9,2493,2256,1295,914,1861,.491,235,677,.347,430,608,.707,302,1224,456,160,106,415,533,69.8,110.3,.327,.364,.580,53.1,49.9,7.1,8.5,.554,16.2,28.9,.231
South Florida,31,14,17,.452,5.15,5.18,7,11,10,7,3,6,1943,1944,1250,672,1654,.406,196,635,.309,403,620,.650,352,1051,315,234,63,454,544,65.5,95.0,.375,.384,.499,52.0,46.9,11.4,6.8,.466,18.9,32.4,.244
Southeast Missouri State,31,7,24,.226,-14.57,-5.29,3,15,6,7,0,16,2054,2307,1245,720,1727,.417,191,596,.320,423,612,.691,286,1027,353,161,64,414,577,68.8,95.9,.354,.345,.509,47.8,49.0,7.5,5.8,.472,17.0,25.5,.245
Southeastern Louisiana,31,8,23,.258,-16.11,-5.72,5,15,6,8,2,14,2157,2429,1255,779,1873,.416,198,669,.296,401,594,.675,337,1000,385,248,59,514,654,74.0,92.9,.317,.357,.500,46.0,49.4,10.7,5.2,.469,19.3,28.8,.214
Southern,32,17,15,.531,-9.36,-9.49,13,5,11,1,5,14,2234,2147,1290,816,1854,.440,171,548,.312,431,635,.679,350,1114,425,222,79,445,698,69.5,99.6,.343,.296,.518,52.8,52.1,9.9,7.1,.486,17.1,32.1,.232
Southern California,31,22,9,.710,11.51,7.22,11,7,14,2,5,6,2179,2046,1255,781,1780,.439,200,571,.350,417,630,.662,333,1194,430,207,152,448,519,70.0,99.3,.354,.321,.524,52.3,55.1,9.4,13.3,.495,17.7,30.6,.234
Southern Illinois,32,16,16,.500,-0.18,0.37,10,8,12,3,3,10,2002,1991,1285,693,1623,.427,226,668,.338,390,536,.728,208,955,369,208,65,397,469,64.3,96.9,.330,.412,.533,45.8,53.2,10.1,5.7,.497,17.5,20.5,.240
SIU Edwardsville,31,8,23,.258,-14.16,-5.71,5,13,4,10,4,13,2073,2261,1240,769,1801,.427,176,562,.313,359,526,.683,305,1063,428,177,91,436,607,70.2,95.3,.292,.312,.505,49.0,55.7,8.1,8.9,.476,17.5,27.9,.199
Southern Methodist,30,19,11,.633,7.97,3.50,9,9,15,2,4,9,2188,2054,1225,770,1706,.451,236,730,.323,412,541,.762,344,1099,467,175,96,400,491,66.0,108.3,.317,.428,.557,53.0,60.6,8.7,9.8,.521,16.9,34.1,.242
Southern Mississippi,31,9,22,.290,-6.65,2.35,5,13,8,7,1,12,2047,2242,1250,783,1766,.443,163,529,.308,318,442,.719,293,1105,444,180,78,464,490,68.7,95.3,.250,.300,.518,51.3,56.7,8.4,8.3,.490,19.0,27.9,.180
Southern Utah,32,17,15,.531,0.10,-2.47,9,11,9,5,6,10,2329,2122,1300,834,1843,.453,195,589,.331,466,651,.716,292,1183,383,216,132,432,620,70.5,101.7,.353,.320,.541,53.7,45.9,9.4,11.0,.505,16.7,27.7,.253
St. Bonaventure,31,19,12,.613,3.12,1.62,11,7,9,5,7,7,2143,2073,1250,787,1805,.436,210,611,.344,359,488,.736,331,1132,427,171,104,364,532,66.3,103.5,.270,.339,.526,52.3,54.3,8.3,11.1,.494,15.2,30.7,.199
St. Francis (NY),31,13,18,.419,-11.30,-7.44,7,11,9,5,4,13,2168,2220,1245,798,1903,.419,197,664,.297,373,511,.730,328,1124,372,199,140,397,586,71.1,98.0,.269,.349,.505,49.2,46.6,9.0,11.7,.471,15.6,27.9,.196
St. John's (NY),32,17,15,.531,10.71,7.68,5,13,13,6,1,8,2387,2290,1280,865,2114,.409,212,661,.321,445,633,.703,397,1228,470,320,127,359,602,74.3,100.5,.299,.313,.494,48.4,54.3,13.5,11.6,.459,12.9,29.9,.211
Stanford,32,20,12,.625,13.35,6.38,9,9,14,4,4,6,2223,2000,1290,810,1726,.469,227,608,.373,376,535,.703,220,1041,414,218,119,459,521,68.7,100.3,.310,.352,.561,48.8,51.1,9.8,10.8,.535,18.8,22.1,.218
Stephen F. Austin,31,28,3,.903,4.04,-6.89,19,1,16,1,12,2,2499,2077,1245,887,1806,.491,179,494,.362,546,790,.691,406,1160,464,324,101,550,649,74.8,107.4,.437,.274,.573,55.5,52.3,13.9,10.3,.541,20.1,38.2,.302
Stetson,33,16,17,.485,-9.63,-5.30,9,7,8,7,7,9,2103,2167,1325,747,1678,.445,180,545,.330,429,644,.666,313,1116,323,209,79,452,517,64.3,98.8,.384,.325,.530,51.9,43.2,9.8,8.4,.499,18.6,30.4,.256
Stony Brook,33,20,13,.606,-2.41,-4.41,10,6,10,5,8,8,2283,2172,1330,777,1909,.407,274,822,.333,455,628,.725,350,1265,368,221,152,480,544,69.9,98.2,.329,.431,.517,51.8,47.4,9.5,13.4,.479,17.9,29.5,.238
Syracuse,32,18,14,.563,12.32,7.26,10,10,11,7,6,5,2378,2216,1290,813,1865,.436,259,785,.330,493,666,.740,336,1145,447,237,143,363,522,68.3,107.9,.357,.421,.545,49.1,55.0,10.8,14.7,.505,14.3,29.6,.264
TCU,32,16,16,.500,9.86,10.09,7,11,14,5,1,9,2093,2079,1295,758,1798,.422,274,779,.352,303,476,.637,359,1118,468,220,156,455,525,65.7,98.4,.265,.433,.517,50.9,61.7,10.3,13.5,.498,18.4,32.2,.169
Temple,31,14,17,.452,6.59,6.17,6,12,8,7,4,8,2117,2104,1255,744,1843,.404,208,645,.322,421,613,.687,303,1166,429,239,94,400,549,70.6,95.5,.333,.350,.496,49.7,57.7,10.8,8.8,.460,15.8,25.9,.228
Tennessee,31,17,14,.548,11.18,8.30,9,9,11,6,4,7,2079,1990,1240,715,1656,.432,187,598,.313,462,617,.749,311,1069,448,186,174,423,563,66.6,100.7,.373,.361,.533,50.8,62.7,9.0,15.6,.488,17.8,30.5,.279
Tennessee State,33,18,15,.545,-6.70,-5.45,9,9,11,3,4,11,2355,2345,1330,862,1836,.469,240,686,.350,386,585,.660,343,1245,447,175,136,573,670,70.5,100.4,.319,.374,.557,53.6,51.9,7.5,11.4,.535,21.3,31.8,.210
Tennessee Tech,31,9,22,.290,-13.64,-4.67,6,12,6,8,3,12,2033,2241,1250,754,1826,.413,257,776,.331,268,397,.675,327,1072,431,213,93,463,460,68.8,94.6,.217,.425,.505,49.4,57.2,9.9,8.3,.483,18.7,28.8,.147
Tennessee-Martin,29,9,20,.310,-14.15,-4.30,5,13,6,6,2,12,2194,2382,1165,781,1718,.455,218,646,.337,414,550,.753,311,954,353,147,80,374,464,70.1,107.5,.320,.376,.554,48.2,45.2,7.2,7.7,.518,15.9,31.1,.241
Texas,31,19,12,.613,10.47,9.60,9,9,11,6,6,5,1989,1962,1240,740,1730,.428,248,742,.334,261,381,.685,278,986,359,171,134,420,568,66.2,96.9,.220,.429,.520,47.3,48.5,8.3,11.1,.499,18.0,26.6,.151
Texas A&M,30,16,14,.533,4.93,6.96,10,8,11,6,5,4,1894,1955,1205,634,1570,.404,189,643,.294,437,645,.678,322,1019,333,193,86,422,463,65.7,95.7,.411,.410,.505,49.7,52.5,9.7,10.4,.464,18.4,31.3,.278
Texas A&M-Corpus Christi,32,14,18,.438,-10.80,-6.63,10,10,10,6,4,11,2112,2199,1280,740,1668,.444,245,653,.375,387,547,.707,304,1092,405,187,98,561,614,68.3,96.7,.328,.391,.548,52.1,54.7,8.6,8.7,.517,22.5,30.3,.232
Texas Southern,32,16,16,.500,-10.37,-6.05,12,6,11,1,5,15,2335,2431,1295,806,1927,.418,168,552,.304,555,786,.706,381,1209,360,205,94,504,610,74.6,96.6,.408,.286,.508,50.6,44.7,8.5,7.4,.462,18.0,31.5,.288
Texas State,32,21,11,.656,5.42,-0.28,13,7,15,3,6,8,2339,2058,1295,840,1835,.458,166,510,.325,493,652,.756,319,1102,455,203,95,357,597,67.1,107.6,.355,.278,.545,50.2,54.2,9.3,8.8,.503,14.3,29.4,.269
Texas Tech,31,18,13,.581,16.83,8.41,9,9,13,4,3,7,2230,1969,1260,779,1724,.452,224,631,.355,448,594,.754,279,1033,476,239,124,423,545,68.2,103.8,.345,.366,.556,50.0,61.1,11.1,11.5,.517,17.4,27.8,.260
Texas-Rio Grande Valley,30,14,16,.467,-7.05,-3.70,9,7,11,3,3,11,2189,2143,1215,779,1789,.435,191,557,.343,440,614,.717,314,992,451,251,111,376,595,70.6,102.0,.343,.311,.526,48.5,57.9,11.7,10.8,.489,15.3,28.6,.246
The Citadel,30,6,24,.200,-13.82,-1.00,0,18,3,11,3,12,2244,2433,1215,789,1820,.434,280,853,.328,386,559,.691,247,1022,432,202,88,456,514,75.6,97.7,.307,.469,.538,46.9,54.8,8.8,7.9,.510,17.9,22.8,.212
Toledo,32,17,15,.531,1.20,-1.47,8,10,10,6,7,9,2386,2244,1285,802,1843,.435,283,774,.366,499,669,.746,321,1211,464,180,108,390,511,69.5,106.8,.363,.420,.552,51.3,57.9,8.1,8.8,.512,15.3,28.3,.271
Towson,32,19,13,.594,0.09,-1.51,12,6,9,5,8,4,2258,2125,1290,790,1824,.433,210,610,.344,468,607,.771,363,1189,364,180,101,380,583,65.7,106.6,.333,.334,.534,54.0,46.1,8.5,9.9,.491,15.2,33.5,.257
Troy,31,9,22,.290,-9.01,-1.32,5,15,6,9,3,13,2131,2276,1250,750,1878,.399,261,821,.318,370,549,.674,369,1133,430,178,83,441,584,70.8,96.3,.292,.437,.498,49.2,57.3,8.0,7.8,.469,17.1,30.2,.197
Tulane,30,12,18,.400,0.94,3.54,4,14,7,7,3,7,2050,2128,1210,702,1709,.411,230,689,.334,416,584,.712,245,928,337,254,76,355,470,69.4,97.7,.342,.403,.516,44.4,48.0,12.1,7.9,.478,15.2,22.3,.243
Tulsa,31,21,10,.677,7.92,3.59,13,5,15,2,6,7,2103,1969,1260,728,1653,.440,182,566,.322,465,657,.708,268,1069,391,234,70,417,469,67.1,99.5,.397,.342,.535,50.1,53.7,11.1,7.5,.495,17.5,26.3,.281
UAB,32,19,13,.594,-0.94,-1.64,9,9,11,6,5,7,2154,2088,1280,780,1719,.454,169,515,.328,425,604,.704,328,1186,337,191,93,471,527,67.2,100.2,.351,.300,.537,54.7,43.2,8.9,8.7,.503,19.0,31.7,.247
UC Davis,32,14,18,.438,-4.70,-2.63,8,8,8,4,5,12,2330,2286,1290,816,1769,.461,259,653,.397,439,558,.787,234,982,409,185,57,408,593,68.4,105.7,.315,.369,.573,48.3,50.1,8.4,5.3,.534,16.7,23.4,.248
UC Irvine,32,21,11,.656,3.73,-2.18,13,3,11,2,8,8,2367,2087,1280,888,1878,.473,198,559,.354,393,532,.739,366,1264,475,206,119,443,588,69.1,107.1,.283,.298,.555,56.7,53.5,9.3,9.9,.526,17.2,35.3,.209
UC Riverside,32,17,15,.531,-3.63,-4.18,7,9,11,5,6,10,2059,1939,1285,744,1707,.436,254,722,.352,317,460,.689,280,1145,394,159,86,421,559,64.4,99.5,.269,.423,.535,54.2,53.0,7.7,7.5,.510,17.9,27.6,.186
UC Santa Barbara,31,21,10,.677,-0.57,-4.06,10,6,13,3,8,7,2195,2054,1245,765,1672,.458,200,585,.342,465,615,.756,318,1061,430,147,78,366,521,64.9,108.6,.368,.350,.559,53.6,56.2,7.3,7.2,.517,15.7,32.2,.278
UCLA,31,19,12,.613,9.83,8.23,12,6,13,4,5,5,2153,2079,1250,751,1732,.434,186,576,.323,465,648,.718,370,1136,401,208,105,409,571,66.5,103.7,.374,.333,.528,54.2,53.4,10.0,10.2,.487,16.7,34.5,.268
UNC Asheville,31,15,16,.484,-10.31,-8.31,8,10,10,5,5,10,2326,2318,1245,837,1824,.459,243,702,.346,409,620,.660,264,937,336,255,73,354,604,71.2,105.0,.340,.385,.549,45.7,40.1,11.5,6.4,.525,14.3,24.0,.224
UNC Greensboro,32,23,9,.719,5.92,-1.48,13,5,14,4,9,4,2372,2020,1295,879,2031,.433,279,857,.326,335,531,.631,415,1182,404,298,136,372,584,69.0,106.1,.261,.422,.519,52.1,46.0,13.3,13.7,.501,14.0,33.8,.165
UNC Wilmington,32,10,22,.313,-9.31,-0.90,5,13,8,8,1,12,2186,2294,1290,783,1816,.431,208,610,.341,412,581,.709,270,1088,385,200,96,417,559,69.6,97.5,.320,.336,.522,48.1,49.2,8.9,8.4,.488,16.6,24.1,.227
UT Arlington,32,14,18,.438,2.76,2.13,10,10,8,8,6,9,2259,2189,1295,800,1926,.415,250,807,.310,409,547,.748,322,1183,478,186,90,358,569,68.8,101.5,.284,.419,.517,49.1,59.8,8.4,7.4,.480,14.1,26.7,.212
Utah,31,16,15,.516,8.47,7.86,7,11,12,2,1,10,2199,2180,1260,767,1709,.449,219,655,.334,446,611,.730,295,1106,433,170,86,419,479,67.7,103.2,.358,.383,.550,51.9,56.5,8.0,7.2,.513,17.3,28.9,.261
Utah State,34,26,8,.765,13.66,4.04,12,6,15,1,4,6,2600,2179,1375,905,1967,.460,248,745,.333,542,710,.763,366,1385,561,209,109,426,532,68.9,109.8,.361,.379,.564,56.6,62.0,8.8,9.5,.523,15.6,31.8,.276
Utah Valley,30,11,19,.367,-7.47,-4.18,5,10,6,7,5,12,2105,2131,1210,748,1696,.441,192,635,.302,417,585,.713,253,1057,412,173,157,427,534,71.2,97.7,.345,.374,.533,49.6,55.1,8.0,12.5,.498,17.8,24.3,.246
UTEP,32,17,15,.531,-1.00,-0.45,8,10,13,4,3,9,2157,2116,1285,747,1765,.423,212,705,.301,451,602,.749,267,1116,404,194,102,438,561,69.2,97.1,.341,.399,.526,49.7,54.1,8.7,9.0,.483,17.6,24.2,.256
UTSA,32,13,19,.406,-3.18,0.41,7,11,10,5,3,9,2461,2465,1300,866,2076,.417,308,881,.350,421,552,.763,352,1248,398,189,86,413,644,74.0,102.3,.266,.424,.526,50.0,46.0,7.9,7.3,.491,15.0,27.5,.203
Valparaiso,35,19,16,.543,1.44,1.17,9,9,11,2,4,10,2530,2494,1420,922,2088,.442,287,843,.340,399,559,.714,329,1196,533,269,116,446,601,69.5,102.5,.268,.404,.537,48.9,57.8,10.9,8.9,.510,15.9,26.2,.191
Vanderbilt,32,11,21,.344,3.16,6.41,3,15,10,10,1,9,2295,2399,1290,760,1776,.428,262,786,.333,513,736,.697,288,1035,365,226,104,418,614,70.0,101.6,.414,.443,.540,47.2,48.0,10.0,8.7,.502,16.4,25.4,.289
Vermont,33,26,7,.788,6.07,-4.84,14,2,13,3,12,3,2361,1963,1320,841,1876,.448,267,816,.327,412,574,.718,313,1212,456,194,111,371,534,66.5,107.6,.306,.435,.549,53.0,54.2,8.8,10.7,.519,14.7,28.0,.220
Villanova,31,24,7,.774,16.84,10.03,13,5,12,3,9,3,2269,2058,1245,797,1806,.441,307,854,.359,368,485,.759,271,1112,449,175,81,335,471,67.6,107.8,.269,.473,.557,51.2,56.3,8.3,6.5,.526,14.1,25.6,.204
Virginia,30,23,7,.767,12.16,7.50,15,5,14,3,7,4,1711,1571,1215,626,1515,.413,170,560,.304,289,403,.717,243,1025,343,161,147,368,397,60.2,93.5,.266,.370,.501,52.8,54.8,8.8,16.5,.469,17.7,26.4,.191
Virginia Commonwealth,31,18,13,.581,9.66,4.08,8,10,14,4,4,7,2193,2020,1245,775,1792,.432,231,667,.346,412,592,.696,306,1039,409,278,134,384,569,69.2,101.8,.330,.372,.529,48.1,52.8,12.9,12.4,.497,15.6,27.5,.230
VMI,33,9,24,.273,-6.92,-2.72,3,15,5,10,2,12,2380,2346,1340,852,1991,.428,359,1012,.355,317,448,.708,334,1180,528,222,83,418,591,68.4,103.9,.225,.508,.540,49.9,62.0,9.7,7.4,.518,15.9,27.9,.159
Virginia Tech,32,16,16,.500,8.22,6.16,7,13,12,6,3,7,2194,2128,1310,787,1877,.419,315,896,.352,305,429,.711,240,1086,468,193,95,317,472,66.1,101.3,.229,.477,.527,47.7,59.5,8.9,8.9,.503,13.2,21.0,.162
Wagner,29,8,21,.276,-14.79,-5.57,5,13,5,8,3,13,1982,2210,1175,706,1710,.413,204,644,.317,366,504,.726,312,983,374,174,68,398,604,69.1,97.6,.295,.377,.508,49.3,53.0,8.6,7.4,.473,17.0,29.9,.214
Wake Forest,31,13,18,.419,6.69,8.14,6,14,9,5,1,11,2276,2321,1260,765,1769,.432,204,582,.351,542,726,.747,315,1170,395,151,87,440,592,70.8,102.1,.410,.329,.538,51.9,51.6,6.8,7.2,.490,17.2,28.6,.306
Washington,32,15,17,.469,12.41,8.25,5,13,10,7,3,7,2259,2126,1290,778,1763,.441,220,677,.325,483,669,.722,282,1128,399,236,192,481,555,70.2,99.7,.379,.384,.543,49.7,51.3,10.4,16.2,.504,18.8,27.4,.274
Washington State,32,16,16,.500,5.13,4.94,6,12,11,5,2,9,2235,2229,1290,776,1952,.398,237,768,.309,446,600,.743,344,1165,370,218,85,394,562,71.1,97.5,.307,.393,.500,49.5,47.7,9.5,6.8,.458,15.0,27.6,.228
Weber State,32,12,20,.375,-8.32,-0.66,8,12,8,6,4,9,2225,2280,1290,821,1814,.453,213,661,.322,370,510,.725,232,1023,347,164,125,378,453,68.7,100.4,.281,.364,.541,48.0,42.3,7.4,9.8,.511,15.5,22.2,.204
West Virginia,31,21,10,.677,18.51,10.64,9,9,14,2,4,8,2179,1935,1245,774,1833,.422,155,542,.286,476,742,.642,470,1254,383,238,111,447,572,69.4,100.9,.405,.296,.499,55.6,49.5,11.0,10.6,.465,17.0,40.0,.260
Western Carolina,31,19,12,.613,-0.10,-1.55,10,8,10,4,8,7,2444,2317,1250,837,1790,.468,302,818,.369,468,659,.710,302,1165,449,165,56,445,532,72.4,108.0,.368,.457,.581,53.1,53.6,7.3,5.0,.552,17.5,28.9,.261
Western Illinois,26,5,21,.192,-14.28,-3.03,2,14,4,10,1,11,1934,2126,1050,710,1667,.426,226,612,.369,288,368,.783,216,882,267,129,57,290,467,73.1,100.8,.221,.367,.525,46.9,37.6,6.7,5.6,.494,13.6,21.7,.173
Western Kentucky,30,20,10,.667,4.20,0.96,13,5,12,2,6,6,2297,2160,1225,779,1703,.457,212,627,.338,527,668,.789,252,1013,334,201,119,370,413,69.8,107.4,.392,.368,.568,48.4,42.9,9.4,10.3,.520,15.5,25.3,.309
Western Michigan,32,13,19,.406,-5.42,-0.25,6,12,10,5,3,12,2220,2306,1295,767,1791,.428,228,676,.337,458,641,.715,276,1120,356,152,73,416,573,69.0,99.4,.358,.377,.530,48.8,46.4,6.8,6.1,.492,16.6,24.8,.256
Wichita State,31,23,8,.742,13.66,5.60,11,7,17,2,5,5,2227,1977,1250,769,1891,.407,244,744,.328,445,638,.697,374,1218,437,219,115,396,577,70.7,100.9,.337,.393,.508,53.2,56.8,9.9,10.4,.471,15.3,31.7,.235
William & Mary,32,21,11,.656,-2.46,-3.10,13,5,11,2,10,7,2288,2208,1280,822,1770,.464,239,690,.346,405,544,.744,265,1152,435,138,128,403,500,68.0,105.1,.307,.390,.564,53.1,52.9,6.3,10.4,.532,16.6,26.1,.229
Winthrop,34,24,10,.706,1.16,-6.53,15,3,11,4,10,6,2765,2431,1375,980,2120,.462,322,931,.346,483,760,.636,450,1388,542,225,84,471,683,72.6,110.8,.358,.439,.557,55.2,55.3,9.0,7.1,.538,16.0,35.1,.228
Wisconsin,31,21,10,.677,15.95,10.95,14,6,15,1,6,6,2082,1927,1245,730,1718,.425,269,764,.352,353,462,.764,251,1051,373,138,114,309,476,64.4,103.8,.269,.445,.537,49.6,51.1,6.9,9.7,.503,13.8,24.1,.205
Wofford,35,19,16,.543,0.17,-1.50,8,10,10,5,6,10,2523,2399,1415,909,1969,.462,336,948,.354,369,518,.712,272,1094,467,198,91,424,593,66.9,106.6,.263,.481,.570,50.2,51.4,8.4,8.4,.547,16.1,25.0,.187
Wright State,32,25,7,.781,2.46,-6.21,15,3,14,2,9,3,2580,2264,1295,917,2010,.456,247,684,.361,499,741,.673,388,1279,443,209,113,396,516,73.1,109.0,.369,.340,.546,51.9,48.3,8.8,8.3,.518,14.4,32.2,.248
Wyoming,33,9,24,.273,-3.05,4.82,2,16,4,13,3,8,2070,2308,1335,712,1739,.409,260,809,.321,386,531,.727,161,972,374,175,66,418,626,67.6,91.8,.305,.465,.520,43.5,52.5,7.8,6.2,.484,17.3,14.5,.222
Xavier,32,19,13,.594,12.57,9.47,8,10,12,5,5,6,2261,2162,1305,833,1912,.436,207,664,.312,388,590,.658,380,1241,460,201,114,446,535,69.1,100.2,.309,.347,.516,52.4,55.2,8.9,9.4,.490,16.9,32.2,.203
Yale,30,23,7,.767,6.63,-1.51,11,3,10,1,11,6,2289,1954,1240,809,1726,.469,265,714,.371,406,570,.712,273,1166,464,188,101,389,449,68.2,108.3,.330,.414,.573,54.8,57.4,8.9,9.6,.545,16.3,27.4,.235
Youngstown State,33,18,15,.545,-5.56,-4.79,10,8,13,4,5,11,2401,2351,1335,870,2055,.423,236,765,.308,425,616,.690,451,1286,413,188,85,397,579,68.6,104.8,.300,.372,.511,52.6,47.5,8.2,6.5,.481,14.5,35.7,.207
