,,Overall,Overall,Overall,Overall,Overall,Overall,,Conf.,Conf.,,Home,Home,,Away,Away,,Points,Points,,Opponent,Opponent,Opponent,Opponent,Opponent,Opponent,Opponent,Opponent,Opponent,Opponent,Opponent,Opponent,Opponent,Opponent,Opponent,Opponent,Opponent
Rk,School,G,W,L,W-L%,SRS,SOS,,W,L,,W,L,,W,L,,Tm.,Opp.,,MP,FG,FGA,FG%,3P,3PA,3P%,FT,FTA,FT%,ORB,TRB,AST,STL,BLK,TOV,PF
1,Abilene Christian,30,13,17,.433,-2.50,1.20,,5,11,,9,5,,4,8,,2249,2133,,1210,727,1526,.476,188,517,.364,491,687,.715,240,1008,374,167,98,530,573
2,Air Force,32,14,18,.438,2.31,2.44,,5,13,,10,9,,4,9,,2142,2146,,1295,764,1718,.445,166,566,.293,452,604,.748,293,1036,323,183,99,352,545
3,Akron,33,22,11,.667,4.52,-1.32,,13,5,,15,1,,5,6,,2463,2209,,1330,802,1873,.428,229,669,.342,376,512,.734,296,1081,370,190,99,407,608
4,Alabama NCAA,34,29,5,.853,23.75,10.07,,16,2,,15,0,,9,3,,2794,2329,,1390,814,2189,.372,188,670,.281,513,718,.714,408,1259,340,248,126,403,683
5,Alabama A&M,33,15,18,.455,-10.51,-7.44,,10,8,,9,8,,5,8,,2297,2340,,1336,781,1842,.424,251,735,.341,527,743,.709,399,1179,420,258,115,510,581
6,Alabama State,31,8,23,.258,-16.05,-6.02,,6,12,,5,5,,2,18,,1963,2252,,1245,801,1839,.436,216,635,.340,434,632,.687,375,1184,367,218,153,379,513
7,Albany (NY),31,8,23,.258,-14.37,-4.54,,3,13,,5,6,,2,16,,2086,2332,,1245,836,1704,.491,201,571,.352,459,630,.729,256,1040,450,203,111,364,507
8,Alcorn State,32,18,14,.563,-8.49,-5.55,,15,3,,7,2,,10,10,,2165,2259,,1301,778,1741,.447,233,707,.330,470,683,.688,322,1077,458,183,109,463,565
9,American,32,17,15,.531,-8.31,-7.78,,7,11,,8,6,,9,9,,2093,2110,,1300,754,1665,.453,216,561,.385,386,534,.723,275,931,394,264,75,390,486
10,Appalachian State,32,16,16,.500,-1.41,-0.90,,9,9,,10,7,,6,7,,2248,2067,,1290,753,1870,.403,235,729,.322,326,456,.715,322,1152,378,192,76,399,512
11,Arizona NCAA,34,28,6,.824,20.05,8.87,,14,6,,15,2,,6,4,,2811,2431,,1360,879,2152,.408,273,833,.328,400,560,.714,351,1125,434,268,116,420,656
12,Arizona State NCAA,35,23,12,.657,11.71,8.46,,11,9,,10,5,,7,6,,2489,2375,,1415,814,2034,.400,271,795,.341,476,675,.705,409,1344,444,213,103,500,632
13,Arkansas NCAA,33,20,13,.606,16.51,9.48,,8,10,,14,3,,2,8,,2456,2224,,1325,772,1840,.420,169,553,.306,511,716,.714,327,1083,341,219,91,473,620
14,Arkansas State,33,13,20,.394,-7.93,-3.17,,4,14,,10,8,,2,11,,2169,2232,,1325,778,1776,.438,219,596,.367,457,615,.743,298,1093,378,199,112,382,549
15,Arkansas-Pine Bluff,31,10,21,.323,-12.66,-5.03,,6,12,,8,5,,2,16,,2074,2162,,1250,738,1689,.437,197,603,.327,489,695,.704,287,1127,437,262,105,497,523
16,Army,33,17,16,.515,-7.27,-7.72,,10,8,,10,5,,7,8,,2412,2322,,1330,852,1909,.446,243,733,.332,375,539,.696,262,1002,448,227,102,356,533
17,Auburn NCAA,32,20,12,.625,14.84,9.19,,10,8,,14,2,,4,8,,2327,2146,,1285,735,1807,.407,178,618,.288,498,706,.705,370,1122,358,230,104,427,567
18,Austin Peay,31,9,22,.290,-12.02,-2.45,,3,15,,7,8,,1,13,,2067,2241,,1245,796,1664,.478,202,593,.341,447,604,.740,291,1092,427,192,80,421,480
19,Ball State,32,20,12,.625,-0.82,-3.12,,11,7,,12,2,,6,7,,2445,2292,,1285,823,1873,.439,237,619,.383,409,561,.729,311,1054,306,198,79,373,650
20,Baylor NCAA,32,22,10,.688,17.96,11.06,,11,7,,14,3,,5,5,,2469,2248,,1285,815,1798,.453,219,680,.322,399,564,.707,327,1029,492,201,94,432,593
21,Bellarmine,33,15,18,.455,-7.32,-1.26,,9,9,,8,6,,6,12,,2187,2216,,1330,763,1717,.444,315,889,.354,375,520,.721,276,1039,448,179,67,394,491
22,Belmont,32,21,11,.656,2.20,-1.61,,14,6,,12,2,,7,7,,2447,2299,,1290,852,1895,.450,230,645,.357,365,547,.667,334,1127,420,184,111,406,478
23,Bethune-Cookman,33,13,20,.394,-16.56,-7.59,,9,10,,8,5,,4,13,,2232,2459,,1325,863,1919,.450,245,702,.349,488,663,.736,380,1256,448,232,128,449,554
24,Binghamton,31,13,18,.419,-10.47,-5.54,,8,8,,8,7,,5,11,,2133,2217,,1260,781,1786,.437,203,618,.328,452,619,.730,305,1042,322,229,95,334,506
25,Boise State NCAA,33,24,9,.727,13.34,6.31,,13,5,,15,1,,5,6,,2384,2123,,1335,776,1880,.413,215,696,.309,356,510,.698,275,1063,355,169,109,394,553
26,Boston College,33,16,17,.485,1.00,4.64,,9,11,,9,7,,4,7,,2197,2317,,1330,833,1882,.443,274,744,.368,377,519,.726,310,1122,408,219,109,406,505
27,Boston University,32,15,17,.469,-8.22,-6.64,,8,10,,9,4,,6,11,,2147,2151,,1300,749,1725,.434,227,676,.336,426,618,.689,259,1077,371,199,124,397,508
28,Bowling Green State,31,11,20,.355,-8.14,-3.48,,5,13,,7,9,,4,11,,2355,2434,,1240,866,1857,.466,253,708,.357,449,616,.729,298,1074,451,185,108,357,556
29,Bradley,35,25,10,.714,6.85,-0.33,,16,4,,15,1,,8,6,,2473,2195,,1405,760,1875,.405,231,725,.319,444,592,.750,282,1107,371,222,85,442,555
30,Brigham Young,34,19,15,.559,9.81,5.78,,7,9,,12,4,,2,7,,2568,2376,,1365,819,1898,.432,243,717,.339,495,712,.695,282,1084,411,248,87,463,605
31,Brown,27,14,13,.519,-2.73,-2.95,,7,7,,7,5,,7,8,,1878,1872,,1086,689,1541,.447,200,571,.350,294,414,.710,218,929,325,183,82,374,459
32,Bryant,30,17,13,.567,-3.63,-4.56,,8,8,,9,4,,7,8,,2381,2193,,1205,778,1849,.421,237,719,.330,400,570,.702,284,1021,433,208,88,372,540
33,Bucknell,32,12,20,.375,-9.97,-7.00,,5,13,,7,7,,3,13,,2161,2192,,1290,815,1846,.441,237,666,.356,325,506,.642,272,1020,453,247,100,332,472
34,Buffalo,32,15,17,.469,-2.73,0.91,,9,9,,11,4,,3,9,,2481,2485,,1285,881,1942,.454,244,696,.351,479,682,.702,322,1125,469,210,104,447,551
35,Butler,32,14,18,.438,5.77,8.45,,6,14,,10,6,,3,10,,2088,2174,,1280,838,1874,.447,200,623,.321,298,423,.704,328,1161,440,219,105,400,455
36,Cal Poly,33,8,25,.242,-7.17,-0.20,,1,18,,6,11,,1,13,,2006,2174,,1330,732,1689,.433,208,610,.341,502,695,.722,262,1069,373,205,98,408,575
37,Cal State Bakersfield,33,11,22,.333,-8.06,-1.19,,6,14,,6,8,,3,12,,1995,2134,,1340,700,1639,.427,238,695,.342,496,694,.715,289,1067,373,193,81,445,510
38,Cal State Fullerton,33,20,13,.606,2.05,0.05,,12,6,,11,2,,7,8,,2283,2148,,1360,754,1812,.416,220,705,.312,420,591,.711,328,1153,372,199,97,466,633
39,Cal State Northridge,32,7,25,.219,-10.08,-1.41,,4,16,,7,8,,0,14,,2028,2194,,1285,737,1729,.426,221,656,.337,499,666,.749,322,1126,397,174,86,383,573
40,California,32,3,29,.094,-2.90,8.88,,2,18,,3,14,,0,12,,1866,2243,,1290,801,1772,.452,227,679,.334,414,578,.716,318,1137,413,185,130,332,526
41,California Baptist,33,17,16,.515,0.50,-0.41,,7,10,,12,5,,4,8,,2291,2156,,1330,790,1863,.424,185,610,.303,391,538,.727,290,1118,365,181,86,358,596
42,Campbell,34,16,18,.471,-5.24,-4.90,,8,10,,8,6,,4,10,,2374,2329,,1385,834,1837,.454,263,763,.345,398,573,.695,297,1084,408,205,115,420,620
43,Canisius,30,10,20,.333,-6.94,-3.35,,8,12,,7,7,,3,12,,2111,2169,,1225,815,1747,.467,203,554,.366,334,478,.699,298,1073,400,189,96,395,473
44,Central Arkansas,31,9,22,.290,-13.57,-3.01,,4,14,,6,8,,2,13,,2261,2527,,1255,923,1963,.470,279,769,.363,402,571,.704,337,1210,432,226,105,385,451
45,Central Connecticut State,32,10,22,.313,-13.95,-9.77,,7,9,,6,7,,4,14,,2111,2245,,1295,821,1836,.447,242,683,.354,361,485,.744,302,1116,464,215,108,350,440
46,Central Florida,33,19,14,.576,11.83,5.22,,8,10,,11,6,,5,6,,2378,2160,,1355,756,1808,.418,216,701,.308,432,594,.727,348,1090,402,223,97,486,538
47,Central Michigan,31,10,21,.323,-11.63,-2.28,,5,13,,6,8,,3,12,,2038,2263,,1245,769,1757,.438,255,735,.347,470,696,.675,350,1106,399,257,86,415,619
48,Charleston Southern,31,10,21,.323,-9.41,-4.44,,5,13,,6,8,,3,12,,2251,2305,,1245,803,1747,.460,253,704,.359,446,619,.721,304,1048,410,172,91,350,477
49,Charlotte,32,18,14,.563,3.68,-0.29,,9,11,,11,4,,5,8,,2135,2008,,1305,734,1687,.435,225,649,.347,315,429,.734,233,949,310,181,92,353,433
50,Chattanooga,35,18,17,.514,-2.20,-3.20,,7,11,,9,7,,6,9,,2702,2523,,1405,888,2099,.423,298,893,.334,449,586,.766,324,1185,404,219,85,369,588
51,Chicago State,31,11,20,.355,-10.97,-3.19,,,,,8,0,,3,20,,2180,2264,,1245,812,1783,.455,234,680,.344,406,581,.699,335,1037,451,208,111,357,500
52,Cincinnati,34,22,12,.647,12.23,5.26,,11,7,,16,3,,4,6,,2629,2356,,1370,866,2023,.428,197,631,.312,427,574,.744,326,1176,431,182,94,413,528
53,Clemson,34,23,11,.676,10.49,3.66,,14,6,,15,2,,5,6,,2540,2308,,1370,798,1970,.405,267,804,.332,445,604,.737,303,1128,395,191,87,383,576
54,Cleveland State,34,21,13,.618,-1.90,-4.93,,14,6,,13,3,,7,9,,2437,2314,,1380,820,1947,.421,237,745,.318,437,596,.733,415,1196,415,212,130,475,551
55,Coastal Carolina,31,11,20,.355,-8.81,-1.63,,5,13,,8,8,,3,11,,2273,2294,,1250,808,1893,.427,305,859,.355,373,520,.717,343,1098,447,206,100,358,498
56,Colgate NCAA,34,26,8,.765,2.20,-6.71,,17,1,,14,2,,11,4,,2672,2345,,1360,906,1998,.453,257,730,.352,276,402,.687,276,1069,491,202,104,419,502
57,College of Charleston NCAA,34,31,3,.912,8.43,-4.54,,16,2,,17,1,,11,2,,2747,2290,,1370,875,2029,.431,201,655,.307,339,499,.679,311,1149,398,193,122,468,622
58,Colorado,34,18,16,.529,12.06,8.85,,8,12,,13,4,,2,9,,2376,2267,,1360,809,1923,.421,208,659,.316,441,617,.715,300,1143,379,244,137,457,592
59,Colorado State,33,15,18,.455,5.96,6.18,,6,12,,9,7,,4,8,,2391,2355,,1335,827,1859,.445,295,809,.365,406,550,.738,302,1093,423,188,107,400,546
60,Columbia,29,7,22,.241,-14.69,-2.69,,2,12,,6,9,,1,13,,1966,2197,,1170,819,1792,.457,210,634,.331,349,499,.699,344,1145,447,193,124,379,443
61,Connecticut NCAA,32,24,8,.750,20.81,7.39,,13,7,,15,2,,6,5,,2518,2087,,1280,716,1740,.411,156,516,.302,499,676,.738,290,954,294,213,94,426,557
62,Coppin State,32,9,23,.281,-14.64,-3.48,,4,10,,4,6,,5,16,,2304,2661,,1300,937,2029,.462,285,839,.340,502,694,.723,425,1325,548,241,99,440,566
63,Cornell,28,17,11,.607,0.28,-2.76,,7,7,,11,2,,6,8,,2287,2129,,1125,774,1643,.471,231,650,.355,350,491,.713,270,964,456,182,87,446,487
64,Creighton NCAA,33,21,12,.636,17.63,9.47,,14,6,,13,2,,5,6,,2529,2260,,1330,875,2074,.422,211,618,.341,299,410,.729,288,1103,412,204,94,330,523
65,Dartmouth,28,10,18,.357,-8.20,-2.74,,6,8,,7,5,,3,11,,1998,2027,,1135,736,1669,.441,192,580,.331,363,499,.727,253,993,324,236,86,346,481
66,Davidson,32,16,16,.500,2.20,1.68,,8,10,,7,8,,6,6,,2236,2197,,1295,817,1843,.443,221,678,.326,342,487,.702,305,1109,399,190,122,371,579
67,Dayton,34,22,12,.647,8.93,1.31,,12,6,,14,2,,5,6,,2334,2075,,1370,764,1942,.393,220,752,.293,327,464,.705,336,1057,371,197,77,352,591
68,Delaware,33,17,16,.515,-5.59,-3.74,,8,10,,10,5,,4,10,,2298,2333,,1330,850,1888,.450,238,653,.364,395,547,.722,329,1175,454,203,109,421,585
69,Delaware State,30,6,24,.200,-17.73,-4.98,,4,11,,4,8,,2,14,,1939,2265,,1210,772,1660,.465,283,702,.403,438,633,.692,281,1038,477,235,105,425,519
70,Denver,32,15,17,.469,-9.13,-5.46,,6,12,,9,5,,4,11,,2325,2402,,1300,871,1950,.447,263,785,.335,397,526,.755,313,995,448,216,117,359,621
71,DePaul,33,10,23,.303,2.87,8.99,,3,17,,7,8,,2,12,,2349,2551,,1340,903,1984,.455,241,689,.350,504,709,.711,396,1273,469,239,110,415,546
72,Detroit Mercy,33,14,19,.424,-3.00,-3.40,,9,11,,9,5,,5,13,,2527,2486,,1330,893,1931,.462,277,757,.366,423,560,.755,325,1097,466,214,91,386,566
73,Drake NCAA,34,27,7,.794,8.20,-1.25,,15,5,,14,1,,6,6,,2561,2173,,1390,794,1945,.408,227,742,.306,358,512,.699,269,1105,348,178,79,412,575
74,Drexel,32,17,15,.531,-2.26,-5.42,,10,8,,12,3,,3,9,,2135,1997,,1305,762,1793,.425,170,510,.333,303,430,.705,290,1051,360,186,85,384,540
75,Duke NCAA,34,26,8,.765,15.50,6.91,,14,6,,16,0,,4,6,,2466,2174,,1365,802,1959,.409,209,688,.304,361,472,.765,314,1041,384,209,122,373,569
76,Duquesne,32,20,12,.625,4.04,0.11,,10,8,,16,4,,3,7,,2394,2268,,1282,804,1819,.442,218,617,.353,442,638,.693,372,1165,425,185,100,464,521
77,East Carolina,33,16,17,.485,0.11,1.80,,6,12,,10,6,,2,9,,2271,2327,,1320,830,1905,.436,216,657,.329,451,631,.715,333,1153,414,216,116,392,584
78,East Tennessee State,32,12,20,.375,-5.86,-4.30,,8,10,,7,9,,4,9,,2211,2208,,1285,799,1834,.436,254,785,.324,356,486,.733,319,1066,404,228,73,389,516
79,Eastern Illinois,31,9,22,.290,-13.72,-6.38,,5,13,,6,9,,3,12,,2134,2235,,1245,786,1806,.435,259,770,.336,404,579,.698,348,1175,466,202,109,457,549
80,Eastern Kentucky,33,20,13,.606,-2.41,-2.05,,12,6,,14,2,,5,10,,2553,2380,,1325,858,2037,.421,270,810,.333,394,529,.745,369,1244,469,221,92,476,505
81,Eastern Michigan,31,8,23,.258,-10.76,-1.59,,5,13,,6,7,,2,13,,2239,2505,,1250,894,1846,.484,262,767,.342,455,647,.703,339,1150,418,196,86,384,513
82,Eastern Washington,33,23,10,.697,1.78,-1.75,,16,2,,11,2,,10,6,,2547,2358,,1320,823,1951,.422,283,858,.330,429,572,.750,307,1017,404,211,61,364,583
83,Elon,32,8,24,.250,-12.79,-4.32,,6,12,,5,9,,3,12,,2094,2291,,1280,815,1869,.436,291,843,.345,370,521,.710,339,1152,466,198,96,368,514
84,Evansville,32,5,27,.156,-14.77,-1.18,,1,19,,3,10,,1,14,,1997,2432,,1280,867,1809,.479,283,745,.380,415,544,.763,258,1222,502,186,85,421,526
85,Fairfield,31,13,18,.419,-6.93,-4.46,,9,11,,7,6,,4,10,,2012,2045,,1255,769,1748,.440,161,553,.291,346,483,.716,306,1060,336,183,102,363,556
86,Fairleigh Dickinson NCAA,35,20,15,.571,-10.59,-11.59,,10,6,,10,5,,8,9,,2730,2608,,1415,924,1937,.477,273,763,.358,487,653,.746,314,1168,519,202,132,544,562
87,Florida,33,16,17,.485,11.23,8.60,,9,9,,10,6,,4,7,,2351,2264,,1325,830,2002,.415,192,608,.316,412,585,.704,383,1274,370,217,102,412,542
88,Florida A&M,29,7,22,.241,-17.55,-4.74,,5,13,,4,7,,3,15,,1700,2030,,1165,695,1572,.442,180,541,.333,460,690,.667,331,1042,349,239,108,363,482
89,Florida Atlantic NCAA,34,31,3,.912,13.46,0.59,,18,2,,17,0,,11,3,,2679,2209,,1370,798,1983,.402,218,684,.319,395,529,.747,304,1113,264,193,79,436,568
90,Florida Gulf Coast,32,17,15,.531,-2.51,-2.96,,7,11,,8,5,,6,9,,2280,2222,,1290,804,1848,.435,255,764,.334,359,516,.696,320,1125,409,183,92,377,497
91,Florida International,32,14,18,.438,-2.97,0.06,,8,12,,11,7,,3,10,,2339,2404,,1300,848,1907,.445,278,765,.363,430,580,.741,414,1217,452,264,108,528,499
92,Florida State,32,9,23,.281,-0.45,6.43,,7,13,,5,11,,4,7,,2219,2439,,1280,854,1882,.454,291,773,.376,440,582,.756,334,1128,473,165,91,377,517
93,Fordham,33,25,8,.758,2.38,-2.01,,12,6,,18,2,,6,5,,2376,2231,,1330,774,1841,.420,180,562,.320,503,687,.732,291,1127,377,212,100,448,640
94,Fresno State,31,11,20,.355,2.93,5.43,,6,12,,7,7,,4,9,,1974,2036,,1240,711,1607,.442,227,603,.376,387,512,.756,266,1012,374,175,96,401,484
95,Furman NCAA,34,27,7,.794,5.08,-3.92,,15,3,,14,2,,8,3,,2791,2421,,1375,884,1982,.446,234,701,.334,419,594,.705,319,1124,387,195,89,452,586
96,Gardner-Webb,31,15,16,.484,-3.85,-4.64,,10,8,,8,5,,6,10,,2192,2032,,1260,678,1639,.414,208,618,.337,468,654,.716,252,985,328,198,87,438,544
97,George Mason,33,20,13,.606,1.92,0.47,,11,7,,14,2,,4,7,,2268,2220,,1330,798,1872,.426,198,658,.301,426,618,.689,289,1071,362,229,96,380,635
98,George Washington,32,16,16,.500,-1.76,-0.44,,10,8,,11,6,,5,6,,2441,2455,,1305,892,1999,.446,274,784,.349,397,568,.699,353,1126,455,224,78,355,545
99,Georgetown,32,7,25,.219,-1.18,7.42,,2,18,,5,12,,1,11,,2225,2500,,1290,918,2001,.459,308,791,.389,356,489,.728,346,1196,552,259,96,356,491
100,Georgia,32,16,16,.500,2.11,5.11,,6,12,,13,4,,1,10,,2193,2289,,1285,841,1912,.440,224,702,.319,383,553,.693,351,1138,469,214,117,368,588
101,Georgia Southern,33,17,16,.515,-3.15,-1.91,,9,9,,12,4,,3,11,,2257,2201,,1325,779,1838,.424,223,689,.324,420,600,.700,309,1157,379,203,87,429,526
102,Georgia State,31,10,21,.323,-6.71,-0.85,,3,15,,10,9,,0,11,,2068,2150,,1245,755,1734,.435,215,596,.361,425,588,.723,288,1021,394,210,114,372,532
103,Georgia Tech,33,15,18,.455,2.02,4.82,,6,14,,11,6,,3,9,,2301,2335,,1325,856,1943,.441,206,684,.301,417,586,.712,351,1211,481,181,118,362,500
104,Gonzaga NCAA,33,28,5,.848,20.07,7.45,,14,2,,15,1,,7,2,,2888,2406,,1325,877,1975,.444,270,779,.347,382,520,.735,297,1036,396,174,74,459,627
105,Grambling,33,24,9,.727,-3.77,-8.22,,15,3,,11,1,,9,6,,2276,2054,,1325,685,1801,.380,209,679,.308,475,716,.663,382,1129,354,231,104,484,605
106,Grand Canyon NCAA,35,24,11,.686,4.62,0.99,,10,7,,14,4,,5,5,,2636,2339,,1410,833,2056,.405,213,679,.314,460,657,.700,385,1172,361,195,88,375,627
107,Green Bay,32,3,29,.094,-20.05,-2.90,,2,18,,2,10,,1,17,,1898,2447,,1285,893,1832,.487,222,634,.350,439,578,.760,321,1169,443,234,105,342,532
108,Hampton,32,8,24,.250,-15.13,-4.58,,5,13,,7,6,,1,13,,2183,2481,,1285,878,1889,.465,262,701,.374,463,670,.691,327,1243,483,179,113,357,589
109,Hartford,28,5,23,.179,-23.29,-8.13,,,,,5,10,,0,11,,1757,1991,,1120,734,1596,.460,229,609,.376,294,414,.710,285,972,431,204,84,341,393
110,Harvard,28,14,14,.500,-0.92,-2.23,,5,9,,5,7,,8,6,,1914,1858,,1130,680,1612,.422,201,625,.322,297,401,.741,238,902,322,196,87,357,472
111,Hawaii,33,22,11,.667,2.64,-1.89,,13,7,,13,5,,6,4,,2208,2039,,1335,760,1877,.405,145,493,.294,374,504,.742,301,1064,254,198,103,355,601
112,High Point,31,14,17,.452,-9.86,-5.20,,6,12,,10,5,,2,11,,2312,2392,,1241,856,1942,.441,242,749,.323,438,654,.670,384,1174,451,218,105,383,605
113,Hofstra,34,25,9,.735,5.25,-2.67,,16,2,,11,1,,11,5,,2554,2245,,1375,832,2058,.404,232,755,.307,349,504,.692,401,1236,421,193,102,427,516
114,Holy Cross,32,10,22,.313,-14.34,-6.48,,7,11,,6,9,,4,11,,2136,2324,,1285,876,1926,.455,219,672,.326,353,527,.670,345,1234,436,225,106,393,459
115,Houston NCAA,34,31,3,.912,23.37,4.84,,17,1,,16,2,,11,0,,2551,1921,,1360,638,1751,.364,213,766,.278,432,626,.690,333,1071,342,185,83,485,549
116,Houston Christian,32,10,22,.313,-16.93,-6.69,,7,11,,8,8,,2,13,,2482,2658,,1285,984,1978,.497,242,660,.367,448,630,.711,328,1118,508,252,97,405,627
117,Howard NCAA,34,22,12,.647,-4.81,-5.81,,11,3,,12,2,,6,8,,2566,2446,,1365,864,1954,.442,244,721,.338,474,693,.684,368,1124,406,295,103,528,604
118,Idaho,32,10,22,.313,-8.36,-3.53,,4,14,,6,10,,4,11,,2335,2332,,1296,848,1805,.470,222,586,.379,414,565,.733,277,1063,365,186,95,368,603
119,Idaho State,32,11,21,.344,-6.21,-2.61,,8,10,,7,7,,4,12,,2213,2272,,1310,796,1764,.451,193,599,.322,487,620,.785,282,1079,378,178,70,387,577
120,Illinois NCAA,32,20,12,.625,15.37,7.68,,11,9,,15,2,,3,7,,2389,2143,,1295,780,1871,.417,194,578,.336,389,554,.702,311,1072,349,216,89,418,585
121,Illinois State,32,11,21,.344,-7.03,-3.03,,6,14,,8,7,,3,9,,2127,2255,,1300,805,1770,.455,225,667,.337,420,601,.699,278,992,395,214,99,357,552
122,Illinois-Chicago,32,12,20,.375,-8.54,-2.83,,4,16,,7,8,,3,11,,2149,2292,,1290,823,1841,.447,215,633,.340,431,599,.720,328,1224,453,194,119,443,562
123,Incarnate Word,31,12,19,.387,-14.83,-8.04,,6,12,,7,7,,3,12,,2194,2290,,1255,832,1759,.473,214,600,.357,412,575,.717,319,1088,406,222,89,455,525
124,Indiana NCAA,33,22,11,.667,15.65,9.08,,12,8,,15,2,,5,7,,2476,2259,,1325,796,1945,.409,247,743,.332,420,596,.705,340,1109,383,216,104,370,536
125,Indiana State,34,22,12,.647,5.67,-3.63,,13,7,,11,4,,7,6,,2700,2356,,1365,842,1979,.425,227,707,.321,445,608,.732,268,1104,341,198,109,432,554
126,Iona NCAA,34,27,7,.794,7.93,-3.45,,17,3,,11,1,,8,4,,2597,2210,,1365,794,1943,.409,196,671,.292,426,607,.702,366,1178,402,183,92,494,549
127,Iowa NCAA,32,19,13,.594,14.59,8.78,,11,9,,14,3,,4,7,,2567,2381,,1295,910,1919,.474,226,618,.366,335,450,.744,297,1107,464,183,110,417,580
128,Iowa State NCAA,32,19,13,.594,16.43,10.74,,9,9,,13,3,,3,8,,2190,2008,,1290,657,1557,.422,246,728,.338,448,623,.719,257,966,378,218,93,531,542
129,IUPUI,32,5,27,.156,-18.70,-5.27,,2,18,,4,9,,0,15,,2089,2456,,1285,860,1833,.469,256,714,.359,480,632,.759,337,1055,469,267,102,372,532
130,Jackson State,33,14,19,.424,-11.03,-5.06,,12,6,,7,2,,6,14,,2232,2429,,1338,853,1881,.453,259,741,.350,464,637,.728,311,1086,446,262,140,448,545
131,Jacksonville,29,13,16,.448,-6.15,-2.50,,6,12,,7,6,,6,10,,1837,1816,,1160,642,1576,.407,241,765,.315,291,399,.729,247,901,352,171,81,277,365
132,Jacksonville State,31,13,18,.419,-6.53,-2.46,,6,12,,9,5,,3,12,,2166,2178,,1245,762,1749,.436,287,828,.347,367,496,.740,265,994,432,190,75,357,530
133,James Madison,33,22,11,.667,5.03,-2.24,,12,6,,11,3,,8,6,,2658,2246,,1340,811,1920,.422,226,729,.310,398,590,.675,322,1128,383,238,104,546,645
134,Kansas NCAA,34,27,7,.794,19.71,12.71,,13,5,,15,1,,7,4,,2548,2310,,1370,823,1978,.416,217,695,.312,447,618,.723,351,1184,380,207,97,486,538
135,Kansas City,32,11,21,.344,-9.32,-2.82,,7,11,,6,8,,3,11,,2060,2199,,1295,734,1730,.424,239,697,.343,492,662,.743,317,1065,349,196,102,380,524
136,Kansas State NCAA,32,23,9,.719,16.18,9.71,,11,7,,16,1,,4,7,,2416,2209,,1300,770,1836,.419,203,675,.301,466,673,.692,334,1069,432,239,125,474,595
137,Kennesaw State NCAA,34,26,8,.765,0.32,-2.58,,15,3,,15,1,,10,6,,2559,2343,,1375,818,1905,.429,249,746,.334,458,668,.686,311,1152,383,225,102,492,658
138,Kent State NCAA,34,28,6,.824,8.02,-1.36,,15,3,,15,0,,9,6,,2605,2234,,1365,748,1858,.403,237,764,.310,501,695,.721,355,1184,383,184,94,544,632
139,Kentucky NCAA,32,21,11,.656,15.15,8.11,,12,6,,14,4,,6,4,,2402,2177,,1290,780,1817,.429,212,640,.331,405,544,.744,278,966,373,189,70,361,547
140,La Salle,34,15,19,.441,-2.66,0.10,,7,11,,8,8,,5,8,,2374,2468,,1375,898,1996,.450,240,696,.345,432,630,.686,365,1239,455,203,152,422,571
141,Lafayette,34,11,23,.324,-8.00,-4.71,,7,11,,5,7,,5,16,,2120,2232,,1394,800,1826,.438,257,753,.341,375,537,.698,283,1194,442,212,89,403,491
142,Lamar,31,9,22,.290,-17.14,-7.39,,5,13,,6,9,,2,12,,2104,2311,,1250,827,1852,.447,279,819,.341,378,564,.670,376,1110,531,251,118,382,519
143,Lehigh,30,16,14,.533,-9.16,-6.12,,11,7,,9,6,,7,8,,2094,2082,,1200,769,1778,.433,200,620,.323,344,505,.681,279,1084,367,176,90,353,462
144,Liberty,35,27,8,.771,8.44,-2.28,,15,3,,19,1,,6,6,,2618,2119,,1400,765,1841,.416,229,674,.340,360,494,.729,235,1058,322,203,91,461,554
145,Lindenwood,32,11,21,.344,-14.43,-5.98,,6,12,,9,4,,2,14,,2226,2362,,1305,847,1918,.442,273,799,.342,395,570,.693,343,1205,457,222,99,412,494
146,Lipscomb,33,20,13,.606,-1.84,-3.90,,11,7,,13,2,,7,11,,2521,2343,,1340,866,2024,.428,265,794,.334,346,466,.742,288,1094,357,202,90,383,481
147,Little Rock,31,10,21,.323,-12.27,-6.61,,6,12,,8,5,,2,16,,2337,2461,,1250,870,1829,.476,270,689,.392,451,678,.665,322,1124,458,194,116,441,567
148,Long Beach State,33,17,16,.515,-0.33,-0.17,,11,9,,9,5,,6,9,,2524,2455,,1355,867,2056,.422,276,820,.337,445,609,.731,350,1148,477,249,104,463,615
149,Long Island University,29,3,26,.103,-24.79,-6.94,,1,15,,2,10,,1,14,,1935,2319,,1160,854,1795,.476,228,631,.361,383,566,.677,306,1086,504,254,112,371,491
150,Longwood,32,20,12,.625,-1.78,-6.38,,12,6,,12,3,,8,8,,2341,2119,,1280,737,1693,.435,251,722,.348,394,549,.718,271,1009,389,189,106,462,546
151,Louisiana NCAA,33,26,7,.788,3.95,-1.08,,13,5,,14,0,,7,7,,2575,2304,,1325,838,1898,.442,195,576,.339,433,612,.708,296,1002,346,216,103,410,607
152,Louisiana State,33,14,19,.424,3.74,6.86,,2,16,,10,8,,0,9,,2231,2334,,1320,831,1859,.447,265,773,.343,407,564,.722,316,1125,432,199,119,384,541
153,Louisiana Tech,33,15,18,.455,-0.19,1.61,,7,13,,9,6,,4,11,,2383,2320,,1350,789,1771,.446,279,752,.371,463,661,.700,301,1077,466,226,116,502,530
154,Louisiana-Monroe,32,11,21,.344,-8.48,-0.41,,7,11,,7,8,,4,10,,2157,2235,,1295,804,1838,.437,250,722,.346,377,510,.739,317,1134,434,204,117,405,515
155,Louisville,32,4,28,.125,-5.47,6.38,,2,18,,4,13,,0,11,,2046,2425,,1280,877,1862,.471,260,739,.352,411,569,.722,316,1064,492,224,112,325,536
156,Loyola (IL),31,10,21,.323,-4.49,0.61,,4,14,,6,8,,3,8,,2089,2247,,1255,769,1705,.451,223,649,.344,486,640,.759,290,1007,394,249,97,376,526
157,Loyola (MD),33,13,20,.394,-12.10,-6.19,,7,11,,9,6,,3,13,,2222,2331,,1325,862,1804,.478,239,658,.363,368,520,.708,285,1082,468,224,89,452,536
158,Loyola Marymount,31,19,12,.613,5.39,4.72,,9,7,,13,3,,4,7,,2335,2265,,1255,809,1773,.456,202,601,.336,445,616,.722,251,983,371,160,86,354,577
159,Maine,30,13,17,.433,-8.91,-4.70,,7,9,,8,4,,5,12,,2054,2091,,1215,773,1671,.463,210,612,.343,335,468,.716,279,1029,402,176,94,418,383
160,Manhattan,30,12,18,.400,-9.87,-4.94,,10,10,,5,9,,6,7,,2016,2112,,1225,759,1723,.441,228,628,.363,364,517,.704,340,1085,423,227,92,426,476
161,Marist,33,13,20,.394,-8.44,-5.69,,6,14,,5,10,,4,9,,2110,2201,,1325,782,1893,.413,249,711,.350,386,538,.717,341,1184,381,190,88,365,508
162,Marquette NCAA,34,28,6,.824,17.22,7.87,,17,3,,17,1,,8,4,,2718,2400,,1380,872,1960,.445,259,735,.352,397,569,.698,370,1210,511,192,115,547,517
163,Marshall,32,24,8,.750,7.29,-2.68,,13,5,,15,2,,9,5,,2616,2281,,1295,852,2016,.423,222,693,.320,355,558,.636,408,1233,400,206,54,478,464
164,Maryland NCAA,33,21,12,.636,15.11,7.90,,11,9,,16,1,,2,9,,2322,2084,,1325,769,1798,.428,183,570,.321,363,499,.727,295,1045,370,152,113,394,600
165,Maryland-Baltimore County,32,18,14,.563,-6.29,-7.03,,8,8,,13,4,,5,10,,2378,2328,,1285,851,1881,.452,272,721,.377,354,487,.727,288,1113,432,168,92,370,499
166,Maryland-Eastern Shore,31,18,13,.581,-7.54,-5.39,,9,5,,10,3,,7,9,,2162,2054,,1245,729,1674,.435,197,611,.322,399,559,.714,295,1057,387,207,99,589,494
167,Massachusetts,31,15,16,.484,-1.22,0.42,,6,12,,8,6,,3,8,,2163,2214,,1240,779,1794,.434,242,731,.331,414,581,.713,303,1071,461,240,108,421,579
168,Massachusetts-Lowell,34,26,8,.765,0.55,-8.61,,11,5,,17,0,,9,8,,2653,2243,,1365,790,1940,.407,212,634,.334,451,622,.725,320,1029,367,257,106,471,595
169,McNeese State,34,11,23,.324,-13.31,-5.16,,6,12,,6,8,,5,15,,2352,2565,,1375,902,1920,.470,290,747,.388,471,660,.714,347,1169,562,238,85,443,530
170,Memphis NCAA,34,26,8,.765,15.06,7.20,,13,5,,13,2,,7,5,,2713,2446,,1375,823,2049,.402,271,879,.308,529,716,.739,414,1195,458,251,139,522,636
171,Mercer,33,14,19,.424,-5.00,-3.87,,6,12,,7,7,,4,10,,2268,2211,,1335,774,1798,.430,201,609,.330,462,637,.725,302,1065,354,187,76,391,514
172,Merrimack,34,18,16,.529,-11.46,-9.40,,12,4,,10,6,,8,8,,2128,2119,,1360,791,1862,.425,196,621,.316,341,478,.713,397,1271,470,227,106,594,556
173,Miami (FL) NCAA,32,25,7,.781,12.34,5.06,,15,5,,16,1,,7,4,,2541,2308,,1285,861,1915,.450,242,721,.336,344,462,.745,317,1021,459,191,105,402,482
174,Miami (OH),32,12,20,.375,-7.08,-2.05,,6,12,,9,9,,3,9,,2357,2385,,1285,840,1819,.462,229,664,.345,476,655,.727,332,1086,418,247,90,426,557
175,Michigan,33,18,15,.545,12.81,8.93,,11,9,,13,4,,3,7,,2429,2301,,1350,860,2023,.425,217,680,.319,364,524,.695,325,1177,391,174,87,331,559
176,Michigan State NCAA,31,19,12,.613,14.06,11.22,,11,8,,12,2,,5,7,,2177,2089,,1255,752,1790,.420,216,686,.315,369,512,.721,280,1012,395,178,112,301,496
177,Middle Tennessee,33,19,14,.576,2.71,1.84,,11,9,,12,2,,3,11,,2313,2236,,1330,789,1762,.448,213,600,.355,445,588,.757,303,1047,360,225,98,492,509
178,Milwaukee,32,21,11,.656,-4.48,-3.97,,14,6,,15,3,,6,7,,2507,2363,,1300,837,2052,.408,261,852,.306,428,590,.725,410,1155,418,247,110,441,570
179,Minnesota,31,9,22,.290,0.03,8.19,,2,17,,6,11,,1,9,,1949,2202,,1250,834,1856,.449,208,580,.359,326,461,.707,336,1122,433,207,110,302,524
180,Mississippi,33,12,21,.364,6.18,7.76,,3,15,,7,10,,2,9,,2227,2279,,1330,819,1873,.437,218,645,.338,423,568,.745,334,1127,459,234,93,398,506
181,Mississippi State NCAA,34,21,13,.618,11.86,7.13,,8,10,,12,4,,4,6,,2234,2073,,1380,728,1849,.394,252,809,.311,365,510,.716,340,1138,424,214,102,486,582
182,Mississippi Valley State,32,5,27,.156,-17.96,-4.24,,4,14,,4,6,,1,19,,1953,2392,,1290,826,1788,.462,253,706,.358,487,711,.685,341,1129,442,288,111,430,557
183,Missouri NCAA,33,24,9,.727,12.14,7.24,,11,7,,16,3,,5,5,,2623,2461,,1330,836,1877,.445,293,827,.354,496,660,.752,418,1233,482,209,75,568,550
184,Missouri State,32,17,15,.531,0.72,-0.63,,12,8,,10,4,,5,8,,2098,2021,,1295,722,1701,.424,214,660,.324,363,504,.720,276,997,353,202,102,380,449
185,Monmouth,33,7,26,.212,-15.65,-2.62,,5,13,,3,10,,3,15,,2036,2466,,1320,828,1804,.459,307,829,.370,503,700,.719,355,1196,463,228,130,474,593
186,Montana,31,17,14,.548,-0.82,-1.52,,10,7,,9,4,,6,9,,2147,2114,,1245,733,1626,.451,185,575,.322,463,598,.774,236,940,344,158,71,320,504
187,Montana State NCAA,34,25,9,.735,2.45,-1.65,,15,3,,12,1,,10,5,,2523,2265,,1370,783,1830,.428,218,639,.341,481,642,.749,266,1045,301,187,67,465,700
188,Morehead State,33,22,11,.667,-6.76,-5.28,,14,4,,14,2,,8,8,,2315,2189,,1325,813,1866,.436,189,599,.316,374,519,.721,263,1054,349,192,104,375,572
189,Morgan State,31,15,16,.484,-11.46,-5.98,,8,7,,10,2,,3,12,,2323,2242,,1255,789,1793,.440,186,601,.309,478,709,.674,402,1181,439,259,120,586,519
190,Mount St. Mary's,33,13,20,.394,-8.04,-3.89,,8,12,,5,9,,7,10,,2101,2212,,1330,797,1880,.424,226,678,.333,392,548,.715,337,1136,390,253,99,392,507
191,Murray State,32,17,15,.531,-4.10,-1.26,,11,9,,11,2,,3,11,,2254,2305,,1296,854,1909,.447,265,794,.334,332,462,.719,303,1093,451,185,92,347,537
192,Navy,31,18,13,.581,-2.83,-6.17,,11,7,,9,6,,9,7,,2152,2013,,1250,733,1684,.435,222,651,.341,325,497,.654,290,1010,403,179,96,402,474
193,NC State NCAA,33,23,10,.697,12.48,5.09,,12,8,,15,2,,4,6,,2580,2336,,1325,833,1875,.444,202,628,.322,468,638,.734,301,1151,378,169,88,441,520
194,Nebraska,32,16,16,.500,7.39,9.30,,9,11,,11,4,,4,9,,2175,2236,,1300,826,1943,.425,289,848,.341,295,425,.694,332,1137,492,215,137,386,538
195,Nevada NCAA,33,22,11,.667,10.37,6.78,,12,6,,14,1,,6,7,,2397,2238,,1345,781,1836,.425,255,779,.327,421,577,.730,280,1107,421,168,94,413,637
196,Nevada-Las Vegas,32,19,13,.594,7.54,5.51,,7,11,,10,7,,5,6,,2376,2241,,1305,779,1781,.437,283,792,.357,400,548,.730,328,1167,453,196,95,562,612
197,New Hampshire,30,15,15,.500,-9.11,-5.75,,9,7,,11,4,,4,11,,1992,2011,,1210,741,1701,.436,176,566,.311,353,505,.699,274,1105,299,166,83,329,480
198,New Mexico,34,22,12,.647,11.14,5.53,,8,10,,15,5,,5,6,,2749,2525,,1375,916,2100,.436,271,810,.335,422,607,.695,344,1193,482,200,101,433,679
199,New Mexico State,24,9,15,.375,-1.29,2.71,,2,10,,6,4,,1,9,,1769,1720,,960,584,1369,.427,213,618,.345,339,477,.711,203,806,297,131,65,333,449
200,New Orleans,32,12,20,.375,-13.95,-7.09,,7,11,,6,9,,4,10,,2340,2536,,1286,881,1858,.474,245,677,.362,529,712,.743,350,1086,435,280,81,486,612
201,Niagara,31,16,15,.516,-6.68,-4.48,,10,10,,9,4,,4,10,,2016,2044,,1250,731,1664,.439,182,509,.358,400,553,.723,270,949,321,166,110,336,501
202,Nicholls State,31,16,15,.516,-8.22,-5.14,,11,7,,11,3,,4,11,,2344,2253,,1240,743,1670,.445,218,644,.339,549,761,.721,321,1114,439,191,94,549,531
203,NJIT,30,7,23,.233,-12.62,-5.65,,4,12,,5,8,,2,15,,2008,2182,,1220,808,1789,.452,232,691,.336,334,498,.671,306,1118,397,156,103,303,487
204,Norfolk State,33,22,11,.667,-3.52,-6.42,,9,5,,10,2,,6,8,,2501,2264,,1332,747,1832,.408,301,867,.347,469,685,.685,345,1032,463,218,87,458,637
205,North Alabama,32,18,14,.563,-8.19,-4.08,,10,8,,9,4,,8,10,,2396,2380,,1295,852,1919,.444,255,696,.366,421,588,.716,315,1134,429,181,119,362,505
206,North Carolina,33,20,13,.606,12.93,7.66,,11,9,,12,3,,4,7,,2514,2340,,1345,876,2017,.434,213,646,.330,375,530,.708,284,1127,368,188,113,345,617
207,North Carolina A&T,32,13,19,.406,-11.26,-3.81,,8,10,,8,5,,4,10,,2264,2362,,1290,853,1965,.434,243,734,.331,413,568,.727,358,1258,417,162,91,393,489
208,North Carolina Central,30,18,12,.600,-2.81,-6.00,,10,4,,13,1,,4,10,,2268,1977,,1220,704,1657,.425,185,609,.304,384,564,.681,298,966,384,203,117,503,548
209,North Dakota,33,13,20,.394,-7.16,-2.65,,6,12,,8,8,,4,11,,2380,2438,,1330,916,1948,.470,217,618,.351,389,522,.745,291,1160,364,200,94,360,568
210,North Dakota State,33,16,17,.485,-4.09,-1.63,,11,7,,9,4,,5,10,,2404,2414,,1320,884,2006,.441,243,719,.338,403,535,.753,270,1095,378,214,86,295,552
211,North Florida,31,14,17,.452,-6.56,-2.36,,9,9,,11,2,,3,14,,2363,2405,,1260,929,2004,.464,205,582,.352,342,468,.731,367,1157,486,218,91,316,497
212,North Texas,34,27,7,.794,9.49,1.37,,16,4,,13,2,,9,3,,2188,1892,,1375,633,1602,.395,170,556,.306,456,658,.693,295,984,261,186,74,420,563
213,Northeastern,30,10,20,.333,-10.36,-3.99,,6,12,,6,6,,3,12,,1959,2150,,1210,787,1750,.450,180,516,.349,396,554,.715,276,988,358,227,95,293,462
214,Northern Arizona,35,12,23,.343,-3.59,0.08,,5,13,,6,8,,3,13,,2581,2615,,1420,905,1917,.472,261,739,.353,544,734,.741,280,1190,474,172,112,424,608
215,Northern Colorado,32,12,20,.375,-4.27,-0.27,,6,12,,6,7,,3,12,,2355,2480,,1290,911,1922,.474,211,639,.330,447,615,.727,296,1118,440,170,116,313,552
216,Northern Illinois,32,13,19,.406,-6.19,-2.29,,9,9,,5,7,,7,10,,2304,2401,,1285,852,1895,.450,229,698,.328,468,676,.692,376,1203,413,215,97,433,549
217,Northern Iowa,32,14,18,.438,-2.32,-0.71,,9,11,,8,8,,4,7,,2244,2238,,1290,800,1783,.449,296,837,.354,342,471,.726,234,1054,417,215,77,409,514
218,Northern Kentucky NCAA,34,22,12,.647,-0.95,-3.41,,14,6,,14,3,,6,6,,2320,2161,,1385,768,1757,.437,251,688,.365,374,533,.702,340,1138,471,196,80,532,540
219,Northwestern NCAA,32,21,11,.656,13.59,8.41,,12,8,,13,5,,7,4,,2165,1999,,1290,697,1692,.412,243,717,.339,362,535,.677,293,1124,425,148,110,456,530
220,Northwestern State,33,22,11,.667,-4.45,-6.76,,13,5,,10,3,,10,7,,2463,2378,,1330,826,1819,.454,204,614,.332,522,695,.751,364,1180,431,183,107,489,551
221,Notre Dame,32,11,21,.344,2.01,4.51,,3,17,,11,8,,0,10,,2227,2307,,1285,854,1862,.459,231,673,.343,368,494,.745,283,1146,433,154,103,286,463
222,Oakland,32,13,19,.406,-7.79,-2.63,,11,9,,8,6,,5,10,,2347,2442,,1305,912,1949,.468,283,769,.368,335,442,.758,345,1174,563,183,94,438,536
223,Ohio,33,19,14,.576,1.42,-2.33,,10,8,,14,1,,4,11,,2602,2413,,1325,860,1932,.445,254,747,.340,439,647,.679,335,1135,404,193,106,410,535
224,Ohio State,35,16,19,.457,13.26,9.72,,5,15,,10,6,,1,10,,2538,2414,,1410,879,2046,.430,241,751,.321,415,574,.723,355,1159,432,164,99,369,545
225,Oklahoma,32,15,17,.469,11.86,11.73,,5,13,,9,7,,2,8,,2165,2161,,1290,797,1845,.432,177,567,.312,390,555,.703,305,1050,342,228,106,332,502
226,Oklahoma State,34,19,15,.559,13.25,10.81,,8,10,,11,5,,5,7,,2328,2245,,1365,775,1954,.397,237,747,.317,458,610,.751,346,1144,408,257,89,439,595
227,Old Dominion,31,19,12,.613,-0.32,-0.55,,11,7,,12,4,,6,5,,2073,2052,,1245,714,1730,.413,229,731,.313,395,593,.666,322,1089,398,182,122,355,556
228,Omaha,32,9,23,.281,-10.41,-1.44,,4,14,,5,7,,1,15,,2192,2438,,1285,851,1859,.458,275,760,.362,461,616,.748,311,1120,443,228,101,349,503
229,Oral Roberts NCAA,34,30,4,.882,9.51,-3.03,,18,0,,16,0,,11,4,,2864,2384,,1360,887,2143,.414,295,852,.346,315,439,.718,355,1241,405,175,89,437,511
230,Oregon,34,20,14,.588,14.05,9.78,,12,8,,14,5,,4,6,,2416,2271,,1365,826,1994,.414,253,735,.344,366,480,.763,319,1090,420,202,86,372,591
231,Oregon State,32,11,21,.344,0.57,7.08,,5,15,,10,7,,1,10,,1959,2144,,1280,745,1743,.427,225,665,.338,429,593,.723,320,1075,432,208,103,377,531
232,Pacific,33,15,18,.455,-0.15,2.46,,7,9,,7,10,,7,7,,2502,2565,,1330,906,1937,.468,275,780,.353,478,704,.679,345,1219,447,180,103,428,598
233,Penn State NCAA,35,22,13,.629,12.77,8.85,,10,10,,13,4,,4,7,,2531,2394,,1425,882,2051,.430,256,769,.333,374,531,.704,311,1220,495,166,101,302,472
234,Pennsylvania,30,17,13,.567,0.63,-1.34,,9,5,,11,4,,6,9,,2249,2160,,1220,757,1811,.418,260,800,.325,386,564,.684,315,1014,395,194,88,309,452
235,Pepperdine,31,9,22,.290,0.26,5.09,,2,14,,8,8,,0,12,,2417,2520,,1260,915,1991,.460,243,676,.359,447,638,.701,341,1149,439,224,67,378,519
236,Pittsburgh NCAA,34,23,11,.676,9.97,4.47,,14,6,,14,3,,7,5,,2572,2385,,1360,848,1999,.424,263,791,.332,426,600,.710,353,1165,450,168,112,390,604
237,Portland,33,14,19,.424,2.07,4.52,,5,11,,10,7,,2,10,,2566,2594,,1330,932,2045,.456,337,891,.378,393,573,.686,349,1169,474,206,60,403,707
238,Portland State,31,12,19,.387,-4.79,-0.21,,6,11,,6,7,,5,9,,2363,2340,,1240,787,1669,.472,202,566,.357,564,760,.742,292,1113,425,159,69,495,593
239,Prairie View,33,13,20,.394,-8.97,-6.64,,9,10,,9,4,,4,14,,2226,2256,,1345,763,1786,.427,205,600,.342,525,734,.715,291,1107,368,189,139,501,595
240,Presbyterian,32,5,27,.156,-13.58,-5.05,,1,17,,5,9,,0,15,,2021,2223,,1294,786,1686,.466,222,592,.375,429,655,.655,295,1052,374,222,129,396,555
241,Princeton NCAA,29,21,8,.724,3.06,-3.01,,10,4,,11,3,,8,4,,2204,1988,,1175,729,1731,.421,186,571,.326,344,504,.683,243,951,316,182,97,303,529
242,Providence NCAA,32,21,11,.656,12.82,6.04,,13,7,,15,2,,6,6,,2499,2282,,1305,849,1917,.443,220,649,.339,364,489,.744,302,1021,409,193,126,376,585
243,Purdue NCAA,34,29,5,.853,19.41,9.05,,15,5,,14,2,,8,3,,2485,2133,,1365,818,1962,.417,218,694,.314,279,379,.736,273,942,421,204,100,339,641
244,Purdue-Fort Wayne,32,17,15,.531,-5.19,-4.69,,9,11,,9,6,,7,8,,2364,2234,,1286,847,1909,.444,228,754,.302,312,433,.721,274,1107,395,212,104,414,517
245,Queens (NC),33,18,15,.545,-4.17,-4.27,,7,11,,8,5,,7,10,,2564,2463,,1320,924,2015,.459,253,730,.347,362,506,.715,293,1114,443,211,132,372,577
246,Quinnipiac,32,20,12,.625,-2.39,-5.16,,11,9,,9,4,,9,6,,2335,2231,,1295,822,1941,.423,225,710,.317,362,517,.700,320,1092,392,208,129,377,550
247,Radford,33,19,14,.576,-2.47,-4.50,,12,6,,10,3,,7,10,,2301,2142,,1320,785,1736,.452,214,646,.331,358,537,.667,290,1034,371,184,89,446,546
248,Rhode Island,31,9,22,.290,-4.02,0.63,,5,13,,7,9,,1,10,,2046,2190,,1255,793,1822,.435,203,633,.321,401,577,.695,328,1115,406,213,165,370,558
249,Rice,33,18,15,.545,-2.67,1.04,,8,12,,11,7,,6,7,,2530,2521,,1340,949,2039,.465,269,746,.361,354,511,.693,295,1137,435,238,87,390,572
250,Richmond,33,15,18,.455,1.57,0.48,,7,11,,12,4,,1,11,,2273,2237,,1340,813,1893,.429,251,762,.329,360,496,.726,286,1137,405,198,94,381,578
251,Rider,30,16,14,.533,-3.41,-4.83,,13,7,,8,5,,8,6,,2105,2027,,1215,690,1625,.425,249,699,.356,398,618,.644,290,947,364,179,97,334,472
252,Robert Morris,33,16,17,.485,-5.59,-5.33,,10,10,,11,4,,5,10,,2287,2205,,1325,793,1831,.433,209,591,.354,410,561,.731,309,1110,349,224,89,435,509
253,Rutgers,34,19,15,.559,14.73,7.47,,10,10,,14,6,,4,7,,2326,2079,,1370,742,1855,.400,245,796,.308,350,509,.688,333,1166,417,200,133,492,543
254,Sacramento State,32,14,18,.438,-4.29,-1.25,,7,11,,9,4,,5,10,,2114,2169,,1305,822,1801,.456,193,549,.352,332,451,.736,248,950,379,213,85,302,496
255,Sacred Heart,33,16,17,.485,-13.08,-11.20,,8,8,,9,6,,7,11,,2332,2351,,1330,866,1973,.439,246,729,.337,373,533,.700,362,1226,461,245,101,463,501
256,Saint Francis (PA),31,13,18,.419,-13.78,-9.64,,9,7,,10,5,,3,13,,2263,2286,,1245,843,1868,.451,218,660,.330,382,552,.692,304,1062,422,209,84,329,534
257,Saint Joseph's,33,16,17,.485,-0.21,-0.18,,8,10,,10,6,,4,7,,2388,2389,,1330,834,1923,.434,276,810,.341,445,630,.706,355,1195,491,226,120,437,574
258,Saint Louis,33,21,12,.636,6.31,3.12,,12,6,,15,3,,4,7,,2493,2348,,1320,819,1977,.414,254,754,.337,456,633,.720,327,1110,433,211,109,353,561
259,Saint Mary's (CA) NCAA,33,26,7,.788,17.98,7.02,,14,2,,16,2,,6,2,,2355,1984,,1335,708,1707,.415,176,541,.325,392,526,.745,229,940,258,157,118,408,560
260,Saint Peter's,32,14,18,.438,-9.89,-5.24,,7,13,,8,6,,4,11,,1986,2083,,1290,664,1551,.428,189,557,.339,566,789,.717,294,1037,332,147,140,402,516
261,Sam Houston State,33,26,7,.788,8.00,1.04,,14,4,,12,1,,11,5,,2399,1940,,1330,641,1654,.388,246,766,.321,412,589,.699,273,1008,357,186,98,553,542
262,Samford,32,21,11,.656,0.64,-4.22,,15,3,,13,3,,8,7,,2519,2290,,1300,770,1783,.432,287,782,.367,463,654,.708,296,1066,440,207,72,468,649
263,San Diego,31,11,20,.355,-1.67,3.67,,4,12,,8,9,,3,8,,2391,2495,,1250,897,1818,.493,309,757,.408,392,587,.668,296,1077,540,168,93,399,546
264,San Diego State NCAA,33,27,6,.818,15.67,8.14,,15,3,,15,1,,8,2,,2378,2099,,1330,753,1809,.416,212,724,.293,381,517,.737,284,1034,359,209,96,437,597
265,San Francisco,34,20,14,.588,6.42,4.06,,7,9,,11,5,,5,6,,2591,2496,,1370,854,1941,.440,230,675,.341,558,726,.769,311,1113,384,228,85,431,590
266,San Jose State,33,20,13,.606,5.66,5.44,,10,8,,12,3,,5,8,,2228,2199,,1335,780,1853,.421,228,662,.344,411,531,.774,272,1002,401,169,88,276,489
267,Santa Clara,33,23,10,.697,9.00,5.50,,11,5,,14,5,,6,3,,2538,2413,,1335,883,2035,.434,281,785,.358,366,501,.731,287,1106,446,211,88,392,582
268,Seattle,32,20,12,.625,1.19,0.95,,11,7,,12,2,,7,7,,2303,2209,,1285,791,1847,.428,207,643,.322,420,600,.700,284,1125,412,197,111,422,592
269,Seton Hall,33,17,16,.515,10.94,8.44,,10,10,,10,6,,6,7,,2256,2149,,1320,762,1835,.415,215,676,.318,410,568,.722,342,1121,415,233,144,475,598
270,Siena,32,17,15,.531,-3.39,-4.76,,11,9,,8,5,,7,8,,2195,2151,,1295,793,1765,.449,166,495,.335,399,582,.686,284,1019,341,244,101,398,555
271,South Alabama,35,19,16,.543,3.65,-0.42,,9,9,,10,4,,4,10,,2483,2282,,1405,853,2032,.420,171,581,.294,405,565,.717,346,1253,350,185,102,384,452
272,South Carolina,32,11,21,.344,-1.95,6.34,,4,14,,7,8,,4,8,,2059,2324,,1300,864,1858,.465,228,674,.338,368,546,.674,343,1122,470,234,112,336,478
273,South Carolina State,31,5,26,.161,-16.59,-3.99,,2,12,,4,6,,1,19,,2274,2599,,1250,890,1785,.499,259,652,.397,560,777,.721,343,1152,521,233,132,485,536
274,South Carolina Upstate,31,16,15,.516,-7.70,-4.11,,10,8,,11,2,,4,12,,2136,2158,,1245,725,1676,.433,202,607,.333,506,720,.703,335,1089,344,197,79,445,551
275,South Dakota,31,12,19,.387,-9.46,-2.91,,7,11,,8,6,,2,11,,2149,2282,,1240,813,1800,.452,256,718,.357,400,547,.731,283,1060,381,196,115,305,506
276,South Dakota State,32,19,13,.594,-1.38,-1.64,,13,5,,10,2,,6,9,,2270,2233,,1290,826,1880,.439,254,768,.331,327,431,.759,276,1092,408,202,101,381,532
277,South Florida,32,14,18,.438,2.29,2.29,,7,11,,9,9,,4,7,,2303,2303,,1285,783,1818,.431,245,702,.349,492,675,.729,314,1087,430,219,97,418,536
278,Southeast Missouri State NCAA,36,19,17,.528,-7.06,-6.47,,10,8,,9,4,,5,11,,2789,2734,,1465,928,2085,.445,256,744,.344,622,899,.692,343,1305,470,247,99,527,716
279,Southeastern Louisiana,32,18,14,.563,-7.77,-6.50,,12,6,,10,4,,7,8,,2483,2432,,1305,861,1872,.460,295,772,.382,415,603,.688,327,1135,472,193,87,465,550
280,Southern,32,15,17,.469,-8.31,-6.24,,11,7,,9,2,,5,12,,2300,2280,,1290,766,1741,.440,239,722,.331,509,731,.696,296,1136,457,211,124,552,560
281,Southern California NCAA,32,22,10,.688,13.80,8.27,,14,6,,15,2,,5,5,,2329,2152,,1285,750,1923,.390,240,719,.334,412,573,.719,407,1147,422,217,95,399,566
282,Southern Illinois,33,23,10,.697,1.54,-1.75,,14,6,,13,2,,8,6,,2168,2026,,1325,743,1769,.420,201,609,.330,339,521,.651,299,1067,365,208,95,428,527
283,SIU Edwardsville,33,19,14,.576,-6.16,-7.23,,9,9,,9,5,,7,8,,2463,2353,,1320,823,1936,.425,235,699,.336,472,646,.731,357,1171,390,197,91,452,633
284,Southern Indiana,32,16,16,.500,-8.14,-7.21,,9,9,,10,4,,5,11,,2448,2370,,1295,800,1839,.435,257,742,.346,513,714,.718,292,1094,392,201,129,409,584
285,Southern Methodist,32,10,22,.313,0.35,5.67,,5,13,,7,9,,1,11,,2248,2418,,1300,864,1908,.453,247,708,.349,443,625,.709,343,1201,495,225,152,428,561
286,Southern Mississippi,33,25,8,.758,3.41,-1.45,,14,4,,15,0,,8,7,,2436,2182,,1320,778,1874,.415,225,709,.317,401,566,.708,343,1119,408,221,83,481,550
287,Southern Utah,34,22,12,.647,3.83,2.23,,12,6,,13,2,,5,8,,2812,2529,,1380,906,2034,.445,267,758,.352,450,630,.714,297,1154,445,226,112,499,714
288,St. Bonaventure,32,14,18,.438,-1.11,-0.20,,8,10,,11,4,,2,11,,2136,2165,,1290,735,1713,.429,194,675,.287,501,700,.716,311,1104,414,191,88,418,508
289,St. Francis (NY),30,14,16,.467,-16.86,-11.54,,7,9,,10,5,,4,11,,1946,2034,,1205,749,1677,.447,177,454,.390,359,516,.696,311,1053,401,192,92,409,493
290,St. John's (NY),33,18,15,.545,8.52,6.37,,7,13,,12,6,,3,9,,2552,2481,,1340,885,2037,.434,277,802,.345,434,603,.720,339,1178,509,271,108,486,533
291,St. Thomas,33,19,14,.576,-2.72,-4.27,,9,9,,12,2,,4,11,,2447,2316,,1320,839,1845,.455,222,661,.336,416,561,.742,305,1134,390,140,118,390,563
292,Stanford,33,14,19,.424,10.09,8.12,,7,13,,9,6,,2,8,,2321,2256,,1320,806,1819,.443,263,742,.354,381,521,.731,285,1041,415,196,90,400,535
293,Stephen F. Austin,32,19,13,.594,0.96,-0.45,,11,7,,12,4,,6,5,,2427,2238,,1305,764,1740,.439,214,645,.332,496,714,.695,341,1067,459,197,105,578,670
294,Stetson,30,17,13,.567,-2.51,-2.51,,12,6,,9,3,,7,9,,2298,2200,,1225,799,1750,.457,237,659,.360,365,494,.739,283,992,410,155,70,308,443
295,Stonehill,31,14,17,.452,-13.16,-8.90,,10,6,,7,4,,6,12,,2076,2157,,1255,779,1822,.428,253,735,.344,346,493,.702,344,1127,425,217,91,419,509
296,Stony Brook,33,11,22,.333,-12.42,-4.10,,6,12,,7,7,,3,13,,2083,2279,,1325,824,1935,.426,289,846,.342,342,489,.699,317,1161,442,239,71,303,522
297,Syracuse,32,17,15,.531,5.28,4.06,,10,10,,11,7,,5,6,,2372,2333,,1290,851,1984,.429,329,958,.343,302,430,.702,400,1159,619,210,88,412,524
298,Tarleton State,33,17,16,.515,-0.35,2.13,,8,9,,12,2,,2,12,,2376,2236,,1325,729,1653,.441,257,724,.355,521,719,.725,297,1106,416,163,117,598,696
299,TCU NCAA,33,21,12,.636,16.14,8.87,,9,9,,13,4,,3,7,,2481,2241,,1325,816,1919,.425,204,672,.304,405,570,.711,356,1144,456,213,142,515,546
300,Temple,32,16,16,.500,5.04,5.66,,10,8,,9,7,,6,6,,2227,2247,,1305,810,1881,.431,213,634,.336,414,592,.699,333,1108,419,237,93,360,559
301,Tennessee NCAA,33,23,10,.697,21.86,8.10,,11,7,,14,2,,4,6,,2369,1915,,1325,643,1741,.369,190,725,.262,439,608,.722,312,1050,322,224,98,487,589
302,Tennessee State,32,18,14,.563,-8.70,-8.63,,10,8,,13,4,,4,8,,2499,2401,,1281,809,1845,.438,233,675,.345,550,738,.745,303,1148,394,202,102,436,615
303,Tennessee Tech,33,16,17,.485,-9.10,-6.06,,11,7,,11,5,,4,11,,2432,2421,,1355,888,2026,.438,260,793,.328,385,519,.742,356,1237,504,227,107,437,561
304,Tennessee-Martin,33,19,14,.576,-8.37,-7.61,,10,8,,14,2,,4,11,,2658,2489,,1335,877,2076,.422,270,838,.322,465,679,.685,361,1226,474,208,128,426,590
305,Texas NCAA,34,26,8,.765,21.21,10.77,,12,6,,17,1,,4,6,,2647,2292,,1375,799,1901,.420,220,673,.327,474,655,.724,348,1191,386,195,111,551,611
306,Texas A&M NCAA,34,25,9,.735,14.72,7.69,,15,3,,15,1,,7,4,,2490,2251,,1360,756,1868,.405,277,858,.323,462,656,.704,365,1090,448,246,139,482,688
307,Texas A&M-Commerce,32,13,19,.406,-10.84,-7.28,,9,9,,5,6,,7,12,,2299,2355,,1305,822,1781,.462,214,622,.344,497,686,.724,314,1091,414,207,73,394,520
308,Texas A&M-Corpus Christi NCAA,34,24,10,.706,-2.45,-7.75,,14,4,,14,2,,7,7,,2728,2465,,1370,860,1925,.447,273,827,.330,472,693,.681,324,1127,494,222,111,521,650
309,Texas Southern NCAA,35,14,21,.400,-10.28,-4.77,,7,11,,7,6,,3,13,,2422,2518,,1430,868,2029,.428,240,724,.331,542,759,.714,341,1242,409,270,117,481,652
310,Texas State,35,16,19,.457,-2.22,-0.59,,6,12,,4,10,,7,7,,2309,2334,,1400,800,1799,.445,216,598,.361,518,726,.713,298,1078,373,218,115,427,584
311,Texas Tech,32,16,16,.500,13.00,8.66,,5,13,,11,6,,3,7,,2347,2208,,1290,785,1872,.419,260,802,.324,378,532,.711,341,1049,428,228,117,443,551
312,Texas-Rio Grande Valley,32,15,17,.469,-6.16,-0.23,,5,12,,12,6,,3,10,,2518,2502,,1290,867,1963,.442,238,716,.332,530,718,.738,328,1099,532,250,113,414,700
313,The Citadel,32,10,22,.313,-12.01,-3.66,,5,13,,5,9,,4,11,,2158,2374,,1280,831,1861,.447,260,777,.335,452,626,.722,345,1186,427,228,109,361,508
314,Toledo,36,28,8,.778,6.39,-1.92,,16,2,,13,1,,10,4,,3082,2776,,1440,1012,2198,.460,300,828,.362,452,599,.755,388,1227,495,190,123,474,678
315,Towson,33,21,12,.636,0.28,-4.75,,12,6,,10,2,,8,7,,2368,2202,,1335,774,1845,.420,245,737,.332,409,545,.750,300,1033,392,184,93,388,535
316,Troy,33,20,13,.606,1.49,-1.15,,11,7,,11,3,,7,8,,2414,2204,,1330,770,1814,.424,207,648,.319,457,609,.750,325,1137,357,218,96,513,581
317,Tulane,31,20,11,.645,5.86,3.08,,12,6,,12,3,,5,4,,2478,2392,,1260,845,1969,.429,295,827,.357,407,582,.699,362,1243,528,189,144,450,549
318,Tulsa,30,5,25,.167,-8.01,4.13,,1,17,,4,10,,0,12,,1959,2323,,1210,864,1822,.474,226,722,.313,369,506,.729,339,1160,496,224,111,355,475
319,UAB,36,26,10,.722,10.43,1.20,,14,6,,16,2,,6,5,,2941,2561,,1480,913,2187,.417,262,811,.323,473,652,.725,393,1254,450,243,132,530,634
320,UC Davis,32,18,14,.563,0.00,-1.43,,11,8,,10,4,,5,9,,2392,2274,,1295,830,1862,.446,205,559,.367,409,582,.703,309,1050,369,216,105,473,675
321,UC Irvine,35,23,12,.657,4.45,-0.31,,15,5,,11,4,,9,7,,2617,2352,,1405,797,2010,.397,231,716,.323,527,722,.730,335,1185,404,206,113,445,577
322,UC Riverside,34,22,12,.647,1.04,-0.02,,14,6,,9,4,,9,7,,2463,2352,,1380,841,1848,.455,180,537,.335,490,681,.720,250,1078,385,202,103,406,567
323,UC San Diego,30,10,20,.333,-6.66,-0.48,,5,13,,4,10,,6,9,,2057,2189,,1230,801,1788,.448,233,640,.364,354,487,.727,301,1104,447,180,95,344,481
324,UC Santa Barbara NCAA,34,27,7,.794,3.74,-2.32,,15,5,,12,3,,10,4,,2454,2231,,1365,817,1851,.441,198,577,.343,399,530,.753,283,1028,394,168,78,421,606
325,UCLA NCAA,34,29,5,.853,22.64,9.02,,18,2,,17,0,,9,2,,2513,2050,,1360,739,1818,.406,222,714,.311,350,502,.697,312,1089,380,159,92,540,562
326,UNC Asheville NCAA,34,27,7,.794,-1.47,-5.18,,16,2,,13,0,,10,6,,2551,2332,,1380,867,2062,.420,212,715,.297,386,538,.717,355,1156,394,236,122,438,690
327,UNC Greensboro,32,20,12,.625,1.71,-2.85,,14,4,,11,3,,8,6,,2306,2064,,1291,728,1799,.405,236,740,.319,372,547,.680,304,1065,343,186,74,425,560
328,UNC Wilmington,34,24,10,.706,-1.19,-3.07,,12,6,,11,3,,8,6,,2343,2187,,1375,766,1783,.430,199,654,.304,456,650,.702,314,1107,305,193,95,473,667
329,UT Arlington,32,11,21,.344,-4.76,2.34,,6,12,,6,8,,4,9,,2125,2190,,1285,751,1718,.437,238,653,.364,450,639,.704,305,1079,406,193,102,456,587
330,Utah,32,17,15,.531,11.79,6.98,,10,10,,12,5,,4,7,,2197,2043,,1285,764,1924,.397,204,676,.302,311,470,.662,337,1121,409,198,121,325,515
331,Utah State NCAA,34,26,8,.765,14.97,7.00,,13,5,,14,2,,6,4,,2671,2370,,1365,843,2002,.421,231,669,.345,453,606,.748,300,1076,397,188,86,378,643
332,Utah Tech,33,14,19,.424,0.16,1.33,,5,13,,9,5,,3,13,,2495,2420,,1330,854,1851,.461,241,691,.349,471,642,.734,287,1060,453,232,103,490,705
333,Utah Valley,34,26,8,.765,7.86,1.24,,15,3,,13,1,,11,5,,2624,2320,,1375,843,2163,.390,218,706,.309,416,627,.663,406,1236,383,226,100,427,651
334,UTEP,32,14,18,.438,-0.97,1.60,,7,13,,11,7,,3,10,,2192,2192,,1315,767,1718,.446,214,643,.333,444,620,.716,301,1050,340,252,111,536,625
335,UTSA,32,10,22,.313,-8.00,0.90,,4,16,,8,10,,2,11,,2217,2450,,1291,883,1961,.450,254,734,.346,430,608,.707,358,1181,449,221,154,354,594
336,Valparaiso,32,11,21,.344,-8.38,-2.41,,5,15,,8,7,,2,12,,2206,2355,,1310,843,1882,.448,239,704,.339,430,586,.734,273,1116,444,224,82,355,480
337,Vanderbilt,35,21,14,.600,9.42,8.77,,11,7,,13,5,,5,6,,2536,2513,,1410,907,2102,.431,243,772,.315,456,657,.694,406,1282,456,199,93,356,616
338,Vermont NCAA,33,23,10,.697,1.72,-3.72,,14,2,,13,1,,9,6,,2410,2198,,1337,806,1810,.445,236,667,.354,350,482,.726,236,1072,365,164,89,384,516
339,Villanova,33,17,16,.515,10.53,8.61,,10,10,,10,4,,5,9,,2307,2230,,1325,792,1815,.436,256,753,.340,390,505,.772,270,1084,476,182,99,372,507
340,Virginia NCAA,32,25,7,.781,13.54,5.97,,15,5,,15,1,,6,5,,2170,1928,,1285,690,1661,.415,224,659,.340,324,433,.748,254,1024,365,155,120,394,519
341,Virginia Commonwealth NCAA,34,27,7,.794,10.18,1.65,,15,3,,15,3,,8,3,,2429,2139,,1360,769,1854,.415,204,632,.323,397,565,.703,347,1120,392,221,118,560,670
342,VMI,32,7,25,.219,-16.11,-3.42,,2,16,,6,8,,1,14,,2220,2457,,1290,879,1883,.467,343,935,.367,356,506,.704,285,1084,529,200,132,339,450
343,Virginia Tech,34,19,15,.559,9.26,5.20,,8,12,,13,4,,2,10,,2521,2383,,1365,892,2000,.446,242,712,.340,357,503,.710,323,1148,424,191,119,371,530
344,Wagner,28,15,13,.536,-12.10,-11.14,,8,8,,8,4,,7,9,,1766,1727,,1130,568,1324,.429,151,479,.315,440,616,.714,202,865,305,166,106,377,404
345,Wake Forest,33,19,14,.576,8.13,5.31,,10,10,,13,3,,4,8,,2528,2435,,1330,892,1990,.448,269,769,.350,382,531,.719,310,1142,413,230,124,403,591
346,Washington,32,16,16,.500,7.31,8.47,,8,12,,12,6,,2,9,,2213,2250,,1300,834,2005,.416,220,741,.297,360,509,.707,422,1218,501,223,114,413,557
347,Washington State,34,17,17,.500,10.97,8.35,,11,9,,10,4,,5,8,,2324,2235,,1365,836,1875,.446,194,603,.322,369,533,.692,288,1089,403,199,93,366,569
348,Weber State,33,18,15,.545,-2.59,-0.98,,12,6,,8,4,,8,8,,2219,2229,,1345,789,1762,.448,271,730,.371,380,544,.699,238,1045,460,185,99,429,583
349,West Virginia NCAA,33,19,14,.576,16.47,11.20,,7,11,,13,4,,3,8,,2518,2344,,1325,811,1812,.448,216,634,.341,506,696,.727,311,1033,408,220,77,483,709
350,Western Carolina,33,18,15,.545,-6.22,-4.19,,10,8,,9,5,,6,9,,2457,2340,,1345,851,1935,.440,189,583,.324,449,629,.714,291,1157,367,187,118,361,568
351,Western Illinois,30,16,14,.533,-7.14,-4.28,,9,9,,11,4,,5,9,,2191,2171,,1205,822,1782,.461,192,590,.325,335,468,.716,272,1039,318,151,86,353,543
352,Western Kentucky,33,17,16,.515,-1.09,0.81,,8,12,,9,5,,5,9,,2355,2330,,1330,842,2006,.420,303,850,.356,343,491,.699,379,1232,433,200,76,415,553
353,Western Michigan,31,8,23,.258,-10.21,-2.00,,4,14,,7,7,,1,15,,2166,2295,,1240,820,1774,.462,257,712,.361,398,557,.715,273,1000,445,195,89,305,497
354,Wichita State,32,17,15,.531,6.24,3.71,,9,9,,8,8,,7,4,,2272,2191,,1300,784,1931,.406,265,788,.336,358,501,.715,334,1094,446,222,107,373,493
355,William & Mary,33,13,20,.394,-10.99,-4.18,,7,11,,11,5,,1,14,,2219,2320,,1325,864,1861,.464,237,680,.349,355,506,.702,310,1111,422,204,163,373,523
356,Winthrop,32,15,17,.469,-6.62,-3.59,,10,8,,10,4,,4,11,,2360,2382,,1285,888,1890,.470,253,721,.351,353,553,.638,367,1089,450,240,123,388,651
357,Wisconsin,32,18,14,.563,11.13,9.44,,9,11,,10,6,,5,6,,2094,2040,,1310,760,1713,.444,196,615,.319,324,476,.681,258,1132,327,144,111,384,518
358,Wofford,33,17,16,.515,-4.86,-3.16,,8,10,,12,4,,4,11,,2466,2392,,1340,878,1908,.460,278,801,.347,358,489,.732,287,1023,401,189,101,369,533
359,Wright State,33,18,15,.545,-2.10,-5.65,,10,10,,9,6,,7,8,,2637,2432,,1350,897,2062,.435,262,798,.328,376,555,.677,330,1138,373,262,91,434,519
360,Wyoming,31,9,22,.290,2.33,6.43,,4,14,,7,8,,1,8,,2144,2234,,1245,796,1733,.459,248,684,.363,394,500,.788,251,1024,389,190,96,346,537
361,Xavier NCAA,34,25,9,.735,16.34,8.98,,15,5,,15,2,,7,4,,2768,2518,,1365,926,2090,.443,256,714,.359,410,566,.724,313,1084,503,243,134,405,599
362,Yale,30,21,9,.700,7.61,-1.82,,10,4,,10,2,,8,7,,2273,1897,,1210,653,1650,.396,216,673,.321,375,540,.694,251,957,329,174,84,378,508
363,Youngstown State,34,24,10,.706,1.92,-5.58,,15,5,,14,3,,9,6,,2785,2465,,1385,929,2065,.450,238,698,.341,369,525,.703,347,1127,456,176,83,438,553